brand,age_years,mileage_km,engine_type,engine_size_cc,horsepower,fuel_efficiency_kml,accident_count,color,option_grade,price_krw
B사,14.0,218413.0,전기,3253.0,333.0,8.6,3.0,검정,고급,100.0
D사,11.0,90552.0,하이브리드,3294.0,327.0,8.3,0.0,은색,고급,100.0
C사,13.0,178150.0,디젤,3805.0,387.0,4.8,0.0,흰색,중급,100.0
,7.0,127044.0,하이브리드,1146.0,110.0,19.2,2.0,기타,고급,100.0
A사,2.0,40116.0,디젤,3165.0,340.0,8.9,0.0,은색,고급,3987.0
A사,7.0,106361.0,하이브리드,1411.0,114.0,17.6,0.0,검정,고급,100.0
A사,14.0,145641.0,가솔린,2687.0,275.0,11.2,0.0,기타,기본,100.0
D사,4.0,82415.0,전기,3410.0,323.0,9.4,0.0,검정,고급,100.0
C사,0.0,3512.0,가솔린,2532.0,251.0,12.0,3.0,검정,기본,5905.0
C사,6.0,70465.0,하이브리드,1136.0,113.0,19.4,1.0,은색,기본,100.0
A사,4.0,38408.0,하이브리드,1018.0,117.0,19.9,0.0,검정,기본,1888.0
D사,5.0,100222.0,하이브리드,3242.0,317.0,8.3,4.0,기타,기본,100.0
D사,5.0,78980.0,디젤,3377.0,351.0,8.2,0.0,흰색,중급,100.0
A사,7.0,86025.0,전기,2959.0,284.0,10.3,0.0,은색,고급,100.0
A사,8.0,124683.0,전기,3222.0,336.0,9.0,0.0,기타,기본,100.0
A사,1.0,13495.0,하이브리드,2001.0,195.0,14.1,0.0,은색,고급,5341.0
B사,8.0,131517.0,하이브리드,1448.0,146.0,17.6,0.0,검정,기본,100.0
B사,11.0,185222.0,디젤,2948.0,291.0,11.0,3.0,검정,중급,100.0
B사,14.0,203994.0,가솔린,1945.0,207.0,15.1,1.0,기타,기본,100.0
A사,10.0,133232.0,가솔린,2377.0,249.0,13.3,0.0,기타,고급,100.0
C사,9.0,150091.0,전기,2522.0,257.0,12.6,0.0,흰색,고급,100.0
A사,8.0,109005.0,디젤,1191.0,102.0,19.7,1.0,기타,중급,100.0
A사,12.0,215273.0,하이브리드,3805.0,373.0,6.5,3.0,기타,,100.0
B사,9.0,89222.0,전기,2920.0,282.0,10.2,2.0,은색,고급,100.0
B사,14.0,255249.0,디젤,3977.0,206.0,4.2,0.0,검정,기본,100.0
C사,9.0,159467.0,가솔린,1092.0,122.0,18.3,1.0,기타,고급,100.0
A사,6.0,81733.0,디젤,1238.0,121.0,19.8,0.0,흰색,기본,100.0
B사,0.0,2799.0,가솔린,1204.0,117.0,19.8,0.0,기타,중급,5600.0
B사,6.0,110961.0,디젤,3607.0,376.0,7.6,0.0,,고급,100.0
A사,9.0,177114.0,전기,2456.0,241.0,13.5,0.0,기타,기본,100.0
C사,4.0,61844.0,가솔린,1244.0,116.0,18.6,0.0,은색,고급,235.0
A사,5.0,81118.0,전기,1831.0,181.0,15.2,0.0,검정,기본,100.0
A사,9.0,86321.0,전기,3972.0,206.0,4.2,0.0,,중급,100.0
D사,6.0,91869.0,가솔린,1294.0,133.0,17.4,1.0,은색,기본,100.0
D사,13.0,230853.0,가솔린,3687.0,365.0,7.8,0.0,검정,고급,100.0
D사,14.0,157636.0,하이브리드,1855.0,180.0,15.2,0.0,기타,기본,100.0
B사,4.0,127241.0,하이브리드,3064.0,300.0,10.7,0.0,은색,고급,2565.0
A사,6.0,52141.0,하이브리드,1070.0,106.0,19.5,4.0,흰색,중급,100.0
C사,8.0,152460.0,전기,2292.0,230.0,12.9,0.0,은색,기본,100.0
B사,2.0,29589.0,전기,2348.0,230.0,12.2,0.0,흰색,고급,4278.0
A사,7.0,128892.0,하이브리드,1304.0,127.0,17.9,0.0,기타,고급,100.0
B사,1.0,22302.0,전기,2030.0,202.0,16.3,2.0,은색,고급,4275.0
A사,10.0,145643.0,전기,2337.0,232.0,12.2,4.0,흰색,기본,100.0
D사,6.0,80205.0,가솔린,1191.0,182.0,18.0,0.0,검정,기본,100.0
A사,12.0,110922.0,가솔린,2126.0,206.0,13.5,0.0,은색,기본,100.0
C사,1.0,13003.0,전기,1820.0,192.0,16.6,3.0,기타,중급,4649.0
B사,14.0,135071.0,하이브리드,1192.0,120.0,18.9,0.0,검정,고급,100.0
B사,13.0,179580.0,디젤,2776.0,273.0,10.8,1.0,흰색,고급,100.0
B사,3.0,47006.0,하이브리드,1528.0,156.0,16.1,0.0,은색,중급,1917.0
A사,6.0,90536.0,디젤,3218.0,321.0,8.8,0.0,은색,중급,100.0
D사,2.0,26156.0,하이브리드,1250.0,108.0,17.6,0.0,기타,기본,2969.0
C사,1.0,16887.0,가솔린,2788.0,282.0,9.4,0.0,검정,기본,5106.0
D사,10.0,115078.0,전기,3588.0,349.0,7.2,1.0,은색,기본,100.0
D사,9.0,137327.0,전기,3026.0,312.0,9.2,3.0,은색,기본,100.0
B사,6.0,51169.0,가솔린,3463.0,344.0,9.4,0.0,검정,기본,2106.0
D사,0.0,4940.0,디젤,3841.0,392.0,6.8,2.0,은색,기본,7057.0
A사,13.0,146506.0,디젤,2403.0,234.0,14.7,0.0,검정,중급,100.0
A사,14.0,251911.0,디젤,2167.0,217.0,13.5,0.0,검정,중급,100.0
A사,7.0,128492.0,가솔린,3072.0,319.0,9.8,0.0,검정,중급,100.0
B사,2.0,20008.0,디젤,3715.0,206.0,3.8,3.0,기타,고급,5607.0
B사,11.0,127241.0,가솔린,2096.0,204.0,14.2,1.0,검정,고급,100.0
A사,11.0,106255.0,하이브리드,3679.0,374.0,6.7,1.0,검정,기본,100.0
D사,12.0,106488.0,하이브리드,2847.0,291.0,10.9,2.0,흰색,중급,100.0
B사,1.0,19200.0,가솔린,1504.0,145.0,17.4,1.0,흰색,고급,4513.0
A사,2.0,41448.0,전기,2621.0,242.0,12.0,4.0,기타,고급,2864.0
,4.0,45384.0,하이브리드,3383.0,332.0,5.4,1.0,검정,중급,2777.0
A사,10.0,188061.0,디젤,3472.0,354.0,5.3,3.0,흰색,고급,100.0
D사,7.0,64636.0,가솔린,3546.0,347.0,7.8,0.0,흰색,고급,941.0
A사,9.0,144125.0,디젤,2387.0,239.0,14.4,0.0,은색,중급,100.0
D사,6.0,96098.0,디젤,3994.0,393.0,5.4,0.0,검정,고급,100.0
C사,6.0,108459.0,전기,3677.0,348.0,5.3,0.0,흰색,중급,100.0
A사,11.0,189623.0,디젤,2222.0,215.0,15.0,0.0,기타,고급,100.0
A사,6.0,104302.0,전기,1717.0,178.0,14.1,0.0,은색,중급,100.0
D사,14.0,268108.0,하이브리드,1338.0,110.0,17.8,1.0,은색,고급,100.0
C사,7.0,66147.0,가솔린,1658.0,168.0,15.9,0.0,검정,고급,100.0
C사,0.0,3379.0,디젤,1961.0,184.0,15.2,0.0,검정,중급,6108.0
,3.0,53381.0,가솔린,1428.0,149.0,15.7,0.0,은색,고급,1550.0
A사,1.0,189711.0,디젤,1898.0,197.0,16.8,4.0,기타,중급,100.0
B사,5.0,68301.0,가솔린,1138.0,112.0,19.1,0.0,검정,중급,100.0
A사,8.0,73758.0,디젤,3989.0,397.0,5.4,0.0,검정,고급,580.0
D사,12.0,113642.0,디젤,1541.0,206.0,17.5,1.0,은색,기본,100.0
C사,1.0,15254.0,,3104.0,297.0,10.7,1.0,은색,고급,5635.0
B사,0.0,1658.0,디젤,2255.0,242.0,11.9,0.0,검정,기본,6660.0
A사,12.0,216301.0,디젤,3705.0,362.0,6.6,0.0,흰색,기본,100.0
B사,9.0,134839.0,디젤,1191.0,364.0,8.7,0.0,검정,고급,100.0
B사,11.0,164274.0,디젤,1383.0,130.0,18.0,4.0,흰색,,100.0
C사,13.0,255464.0,디젤,3607.0,366.0,6.0,0.0,은색,중급,100.0
C사,1.0,13628.0,디젤,1193.0,108.0,18.4,0.0,흰색,중급,4474.0
D사,6.0,122344.0,가솔린,3581.0,363.0,6.7,0.0,,기본,100.0
B사,2.0,32288.0,전기,3565.0,353.0,6.5,0.0,은색,중급,4589.0
A사,9.0,85742.0,디젤,3763.0,373.0,6.0,1.0,검정,고급,100.0
C사,1.0,11936.0,전기,3798.0,386.0,7.5,0.0,검정,중급,6547.0
C사,13.0,245813.0,디젤,3232.0,319.0,8.2,0.0,은색,기본,100.0
B사,10.0,178560.0,디젤,2895.0,275.0,10.0,0.0,은색,고급,100.0
C사,1.0,89762.0,가솔린,3339.0,342.0,8.8,0.0,기타,중급,100.0
B사,12.0,158343.0,하이브리드,1731.0,162.0,16.2,0.0,은색,고급,100.0
B사,12.0,192962.0,하이브리드,3163.0,321.0,7.9,2.0,검정,기본,100.0
B사,1.0,10550.0,가솔린,3872.0,397.0,5.6,1.0,기타,,6712.0
A사,2.0,30339.0,전기,1684.0,165.0,16.5,3.0,검정,고급,3187.0
A사,10.0,184647.0,하이브리드,1081.0,120.0,20.6,2.0,흰색,고급,100.0
A사,6.0,80905.0,가솔린,1191.0,393.0,4.6,1.0,은색,중급,114.0
C사,13.0,138565.0,가솔린,3380.0,331.0,5.3,0.0,흰색,고급,100.0
B사,3.0,60837.0,하이브리드,3604.0,374.0,6.9,1.0,검정,고급,2313.0
B사,12.0,106062.0,전기,3382.0,327.0,7.0,2.0,흰색,기본,100.0
D사,13.0,131353.0,가솔린,1531.0,149.0,16.0,1.0,흰색,기본,100.0
A사,0.0,2515.0,디젤,2983.0,296.0,12.0,0.0,검정,기본,7029.0
B사,12.0,127241.0,전기,1220.0,128.0,18.7,0.0,검정,기본,100.0
C사,13.0,172670.0,전기,1634.0,175.0,17.8,2.0,은색,기본,100.0
A사,4.0,77209.0,하이브리드,2769.0,287.0,9.4,1.0,흰색,기본,100.0
A사,11.0,118619.0,하이브리드,3370.0,339.0,10.8,4.0,기타,중급,100.0
A사,8.0,96878.0,디젤,2874.0,285.0,11.5,0.0,기타,기본,100.0
A사,7.0,88169.0,가솔린,1002.0,82.0,19.7,0.0,검정,고급,100.0
D사,11.0,211957.0,하이브리드,2717.0,259.0,11.1,0.0,검정,중급,100.0
D사,14.0,220213.0,하이브리드,1205.0,138.0,19.7,1.0,흰색,고급,100.0
C사,8.0,79990.0,전기,2855.0,267.0,11.4,0.0,검정,기본,100.0
D사,9.0,164326.0,하이브리드,1039.0,96.0,20.0,0.0,기타,기본,100.0
D사,13.0,214615.0,하이브리드,3106.0,322.0,9.5,4.0,은색,고급,100.0
A사,8.0,158760.0,하이브리드,3998.0,402.0,5.6,0.0,은색,고급,100.0
,14.0,228499.0,하이브리드,3621.0,371.0,5.2,2.0,흰색,고급,100.0
B사,6.0,65504.0,전기,1643.0,170.0,16.4,0.0,은색,중급,100.0
D사,3.0,49898.0,디젤,2530.0,268.0,10.7,2.0,검정,기본,1381.0
D사,4.0,67911.0,디젤,2907.0,294.0,11.1,0.0,검정,,755.0
B사,0.0,1261.0,가솔린,3890.0,396.0,4.9,3.0,검정,기본,7167.0
A사,13.0,248287.0,하이브리드,3666.0,359.0,5.1,3.0,검정,고급,100.0
A사,0.0,1282.0,전기,1191.0,320.0,8.5,0.0,흰색,기본,7129.0
B사,2.0,26353.0,가솔린,1897.0,186.0,15.7,0.0,은색,중급,3862.0
D사,12.0,228726.0,가솔린,2085.0,204.0,14.4,0.0,기타,기본,100.0
D사,13.0,230963.0,디젤,2279.0,237.0,12.4,1.0,은색,고급,100.0
A사,7.0,84479.0,전기,3608.0,370.0,5.3,2.0,검정,기본,100.0
B사,1.0,246229.0,전기,3952.0,412.0,5.3,0.0,기타,중급,100.0
B사,1.0,19126.0,전기,3395.0,356.0,7.4,1.0,흰색,중급,5706.0
A사,3.0,127241.0,디젤,1670.0,176.0,16.4,0.0,검정,기본,2502.0
A사,1.0,11305.0,디젤,2505.0,233.0,12.3,2.0,검정,고급,5815.0
B사,13.0,261343.0,디젤,3364.0,355.0,8.6,4.0,기타,중급,100.0
D사,4.0,74106.0,디젤,1718.0,181.0,17.3,0.0,흰색,중급,100.0
B사,8.0,150655.0,디젤,2071.0,199.0,14.8,0.0,기타,기본,100.0
B사,0.0,1141.0,하이브리드,2955.0,303.0,9.9,0.0,흰색,중급,7048.0
C사,4.0,71146.0,하이브리드,2159.0,206.0,14.2,0.0,검정,중급,100.0
B사,13.0,109146.0,전기,1249.0,131.0,18.4,0.0,은색,고급,100.0
D사,14.0,153106.0,가솔린,3361.0,323.0,6.6,0.0,검정,고급,100.0
D사,8.0,86819.0,전기,2892.0,281.0,11.6,0.0,은색,고급,100.0
A사,14.0,210229.0,가솔린,2853.0,292.0,11.6,0.0,,기본,100.0
B사,0.0,2712.0,디젤,3854.0,396.0,7.7,0.0,흰색,중급,7549.0
B사,8.0,127241.0,가솔린,2503.0,254.0,14.8,0.0,기타,기본,100.0
A사,7.0,135757.0,전기,3532.0,350.0,6.2,0.0,흰색,중급,100.0
A사,3.0,35246.0,전기,2234.0,202.0,13.5,1.0,검정,중급,3228.0
C사,11.0,202449.0,가솔린,1043.0,102.0,22.3,1.0,기타,,100.0
B사,10.0,119515.0,하이브리드,3618.0,367.0,6.9,0.0,은색,고급,100.0
A사,9.0,137987.0,디젤,1582.0,155.0,17.3,0.0,은색,기본,100.0
A사,4.0,77229.0,디젤,2288.0,229.0,12.0,1.0,검정,기본,100.0
D사,12.0,118307.0,전기,1191.0,392.0,5.4,4.0,기타,중급,100.0
A사,4.0,34498.0,하이브리드,1219.0,119.0,20.8,0.0,검정,기본,2387.0
A사,10.0,155863.0,가솔린,2925.0,293.0,11.7,0.0,검정,고급,100.0
B사,11.0,138764.0,디젤,3972.0,394.0,4.5,0.0,흰색,기본,100.0
D사,5.0,77762.0,하이브리드,3448.0,359.0,7.4,0.0,검정,중급,100.0
A사,6.0,107993.0,디젤,3774.0,355.0,5.0,0.0,기타,고급,100.0
C사,7.0,101523.0,하이브리드,1990.0,194.0,14.2,0.0,,고급,100.0
C사,14.0,233110.0,하이브리드,3946.0,386.0,3.4,1.0,기타,중급,100.0
A사,13.0,139612.0,전기,2812.0,283.0,10.9,0.0,은색,기본,100.0
C사,7.0,60963.0,디젤,1857.0,186.0,17.2,0.0,검정,중급,100.0
B사,10.0,83183.0,가솔린,1191.0,197.0,16.3,0.0,기타,기본,100.0
C사,13.0,157798.0,전기,1489.0,168.0,18.9,0.0,은색,기본,100.0
C사,12.0,178253.0,전기,2780.0,270.0,12.2,0.0,기타,고급,100.0
B사,1.0,17507.0,가솔린,2493.0,249.0,12.0,0.0,은색,중급,5027.0
A사,8.0,148557.0,전기,3985.0,400.0,4.3,2.0,흰색,고급,100.0
D사,6.0,80799.0,하이브리드,3891.0,381.0,4.8,0.0,검정,중급,100.0
B사,3.0,43120.0,하이브리드,2705.0,277.0,9.8,1.0,검정,중급,2833.0
A사,3.0,29836.0,디젤,3314.0,329.0,8.5,3.0,은색,고급,4269.0
A사,10.0,192597.0,디젤,1053.0,95.0,16.8,0.0,,중급,100.0
B사,7.0,133465.0,가솔린,3575.0,355.0,7.7,0.0,기타,중급,100.0
C사,3.0,54961.0,디젤,1615.0,152.0,17.0,0.0,흰색,기본,827.0
A사,12.0,130972.0,하이브리드,2082.0,219.0,15.1,2.0,기타,중급,100.0
B사,14.0,267072.0,가솔린,2848.0,304.0,11.8,3.0,기타,중급,100.0
A사,5.0,60480.0,가솔린,1954.0,198.0,15.4,1.0,검정,고급,741.0
C사,4.0,53116.0,디젤,3433.0,344.0,9.5,0.0,은색,고급,2382.0
A사,2.0,31430.0,하이브리드,2629.0,264.0,12.5,1.0,검정,중급,3972.0
C사,12.0,175726.0,가솔린,3781.0,390.0,5.3,0.0,검정,기본,100.0
B사,13.0,232491.0,하이브리드,3763.0,388.0,5.9,0.0,검정,기본,100.0
,9.0,97784.0,하이브리드,1649.0,164.0,5.3,0.0,기타,고급,100.0
A사,10.0,85974.0,하이브리드,3347.0,337.0,7.4,0.0,검정,중급,100.0
B사,1.0,12213.0,디젤,1394.0,146.0,17.6,1.0,기타,,4921.0
A사,8.0,127241.0,전기,2359.0,225.0,13.8,0.0,은색,기본,100.0
D사,9.0,129484.0,전기,3640.0,376.0,6.0,0.0,기타,기본,100.0
D사,8.0,108909.0,가솔린,3561.0,373.0,5.9,0.0,기타,기본,100.0
A사,0.0,4730.0,하이브리드,3443.0,356.0,5.9,2.0,흰색,고급,7034.0
C사,9.0,142072.0,디젤,1370.0,125.0,17.6,1.0,검정,중급,100.0
D사,1.0,21734.0,하이브리드,1857.0,166.0,17.7,0.0,검정,고급,4275.0
B사,7.0,82043.0,하이브리드,1790.0,186.0,16.3,0.0,검정,중급,100.0
B사,5.0,66659.0,디젤,1657.0,158.0,17.7,0.0,검정,고급,100.0
A사,4.0,70440.0,전기,3783.0,381.0,5.2,0.0,흰색,중급,1055.0
A사,4.0,38768.0,하이브리드,2392.0,255.0,11.5,0.0,흰색,기본,2921.0
D사,5.0,87224.0,하이브리드,1383.0,132.0,16.9,0.0,흰색,기본,100.0
D사,14.0,262039.0,전기,3109.0,307.0,9.4,0.0,흰색,기본,100.0
C사,6.0,75640.0,디젤,1191.0,358.0,5.2,0.0,검정,고급,199.0
B사,0.0,4403.0,가솔린,1238.0,111.0,17.8,2.0,기타,기본,5253.0
B사,8.0,133063.0,전기,1194.0,112.0,18.4,0.0,은색,중급,100.0
,2.0,25669.0,가솔린,3725.0,373.0,5.1,0.0,흰색,고급,5230.0
D사,3.0,29684.0,가솔린,3108.0,206.0,7.3,0.0,기타,중급,4087.0
D사,9.0,127241.0,전기,2152.0,221.0,14.5,0.0,흰색,고급,100.0
C사,0.0,2132.0,하이브리드,3732.0,401.0,6.4,3.0,검정,중급,6865.0
C사,12.0,166915.0,가솔린,3015.0,302.0,10.7,0.0,검정,중급,100.0
A사,10.0,101752.0,가솔린,1155.0,107.0,18.1,2.0,기타,고급,100.0
,9.0,179100.0,디젤,1922.0,206.0,16.1,1.0,기타,고급,100.0
D사,2.0,41910.0,하이브리드,3915.0,376.0,7.0,0.0,기타,기본,3719.0
C사,1.0,20001.0,가솔린,3950.0,381.0,5.5,0.0,검정,,5854.0
A사,1.0,19974.0,디젤,2609.0,255.0,11.3,0.0,검정,중급,5329.0
A사,13.0,147944.0,하이브리드,1974.0,195.0,15.3,1.0,은색,중급,100.0
C사,0.0,1987.0,전기,2230.0,217.0,13.2,0.0,기타,중급,6238.0
A사,7.0,118169.0,전기,3435.0,343.0,7.0,0.0,은색,고급,100.0
A사,2.0,36208.0,디젤,1191.0,284.0,11.6,0.0,흰색,고급,4142.0
B사,2.0,30961.0,전기,3934.0,404.0,5.3,1.0,은색,기본,4614.0
C사,5.0,79234.0,가솔린,1837.0,185.0,17.0,0.0,흰색,중급,100.0
C사,12.0,148558.0,하이브리드,3007.0,295.0,9.5,0.0,흰색,기본,100.0
A사,7.0,127241.0,가솔린,2363.0,246.0,12.8,0.0,은색,고급,100.0
C사,12.0,186842.0,가솔린,3387.0,206.0,7.5,0.0,기타,고급,100.0
A사,14.0,199439.0,전기,1203.0,104.0,17.9,2.0,흰색,고급,100.0
B사,8.0,116828.0,가솔린,1160.0,128.0,20.0,0.0,기타,기본,100.0
C사,8.0,112726.0,전기,1391.0,151.0,20.2,0.0,검정,고급,100.0
C사,3.0,56257.0,하이브리드,1768.0,169.0,15.8,1.0,흰색,중급,805.0
D사,13.0,225552.0,하이브리드,3622.0,358.0,6.2,0.0,검정,기본,100.0
C사,4.0,51746.0,가솔린,3581.0,349.0,6.3,1.0,은색,고급,2538.0
B사,1.0,19161.0,디젤,2093.0,213.0,13.9,0.0,기타,기본,4820.0
A사,10.0,142907.0,전기,3940.0,411.0,6.9,0.0,은색,기본,100.0
B사,8.0,141281.0,전기,1404.0,147.0,17.3,1.0,흰색,고급,100.0
A사,7.0,92766.0,가솔린,1607.0,171.0,16.4,0.0,검정,고급,100.0
A사,2.0,34847.0,전기,2614.0,270.0,10.7,1.0,흰색,기본,3582.0
D사,10.0,196124.0,전기,2540.0,254.0,12.6,0.0,은색,기본,100.0
B사,11.0,119516.0,디젤,3875.0,398.0,5.6,3.0,기타,고급,100.0
D사,12.0,120939.0,디젤,1191.0,291.0,9.7,0.0,기타,중급,100.0
C사,8.0,121953.0,가솔린,1689.0,183.0,15.7,0.0,흰색,기본,100.0
C사,1.0,21628.0,디젤,3949.0,390.0,6.8,0.0,흰색,기본,5430.0
B사,8.0,114906.0,가솔린,2240.0,207.0,13.8,1.0,검정,중급,100.0
B사,1.0,13303.0,하이브리드,3103.0,321.0,9.6,1.0,은색,고급,6266.0
B사,11.0,124063.0,가솔린,1365.0,140.0,18.3,0.0,흰색,고급,100.0
A사,9.0,138168.0,하이브리드,2722.0,269.0,12.8,2.0,검정,중급,100.0
,8.0,73811.0,가솔린,1454.0,143.0,16.7,0.0,흰색,고급,100.0
A사,14.0,121640.0,전기,1103.0,136.0,19.1,0.0,기타,고급,100.0
A사,7.0,112188.0,디젤,1076.0,101.0,19.5,2.0,검정,기본,100.0
C사,8.0,122763.0,하이브리드,1229.0,114.0,17.1,2.0,검정,기본,100.0
A사,4.0,68317.0,가솔린,2937.0,295.0,9.4,1.0,흰색,기본,825.0
,10.0,203536.0,디젤,3378.0,350.0,9.2,2.0,은색,중급,100.0
D사,10.0,202862.0,가솔린,2205.0,243.0,14.7,0.0,기타,고급,100.0
D사,1.0,19822.0,디젤,1892.0,196.0,16.5,2.0,은색,고급,4094.0
B사,7.0,64708.0,디젤,2573.0,245.0,11.5,0.0,검정,기본,267.0
A사,11.0,219703.0,가솔린,3735.0,393.0,5.9,0.0,은색,기본,100.0
D사,14.0,197746.0,하이브리드,3074.0,307.0,7.8,0.0,검정,중급,100.0
B사,5.0,56284.0,하이브리드,2675.0,259.0,12.6,0.0,은색,고급,1613.0
D사,7.0,98830.0,전기,1298.0,119.0,19.6,0.0,흰색,중급,100.0
D사,10.0,108437.0,디젤,1956.0,204.0,16.3,0.0,은색,고급,100.0
D사,4.0,45718.0,전기,3846.0,387.0,7.4,0.0,검정,중급,3060.0
A사,9.0,91822.0,전기,2114.0,215.0,14.9,0.0,기타,기본,100.0
B사,1.0,15345.0,가솔린,3527.0,366.0,8.9,0.0,기타,중급,6007.0
D사,1.0,99254.0,가솔린,3620.0,354.0,6.7,0.0,기타,중급,100.0
B사,4.0,54625.0,가솔린,3505.0,364.0,5.7,0.0,검정,기본,2311.0
A사,11.0,209131.0,디젤,2474.0,242.0,13.5,1.0,은색,고급,100.0
B사,12.0,176882.0,가솔린,1364.0,158.0,16.4,2.0,기타,고급,100.0
D사,11.0,127241.0,가솔린,3906.0,397.0,5.6,1.0,기타,기본,100.0
C사,4.0,64376.0,디젤,2698.0,261.0,12.5,0.0,기타,중급,824.0
B사,12.0,222188.0,디젤,1350.0,115.0,18.6,1.0,흰색,중급,100.0
A사,0.0,4622.0,하이브리드,3300.0,338.0,10.8,0.0,검정,중급,6936.0
C사,1.0,15300.0,가솔린,1191.0,379.0,3.9,0.0,검정,고급,6436.0
D사,7.0,103445.0,,2904.0,289.0,10.4,0.0,검정,중급,100.0
A사,1.0,146355.0,가솔린,3850.0,393.0,5.8,2.0,검정,고급,100.0
B사,13.0,116458.0,하이브리드,2011.0,211.0,13.6,0.0,검정,중급,100.0
D사,12.0,221418.0,가솔린,3506.0,363.0,6.3,0.0,흰색,기본,100.0
C사,2.0,27978.0,하이브리드,3964.0,385.0,4.3,0.0,은색,기본,5030.0
C사,9.0,154417.0,전기,1498.0,164.0,16.4,2.0,흰색,고급,100.0
,2.0,28784.0,하이브리드,1949.0,189.0,15.1,1.0,기타,고급,3749.0
B사,7.0,130955.0,전기,2994.0,277.0,9.4,0.0,흰색,기본,100.0
A사,7.0,95522.0,가솔린,3046.0,293.0,10.1,0.0,검정,기본,100.0
D사,1.0,12114.0,전기,1507.0,153.0,18.1,0.0,흰색,중급,4700.0
D사,7.0,142720.0,하이브리드,2327.0,223.0,13.9,1.0,검정,기본,100.0
D사,10.0,174083.0,디젤,3548.0,354.0,6.8,0.0,흰색,고급,100.0
D사,12.0,176177.0,전기,3850.0,388.0,6.0,0.0,검정,기본,100.0
,12.0,201196.0,전기,3645.0,363.0,7.8,0.0,기타,고급,100.0
B사,0.0,1267.0,가솔린,1165.0,112.0,19.6,1.0,검정,고급,5886.0
C사,5.0,87466.0,하이브리드,3509.0,338.0,5.3,0.0,흰색,중급,100.0
C사,7.0,70748.0,전기,1919.0,192.0,16.4,0.0,,중급,100.0
,2.0,30198.0,전기,1113.0,91.0,21.2,0.0,흰색,중급,2770.0
C사,7.0,108878.0,전기,1991.0,192.0,12.6,0.0,기타,중급,100.0
D사,11.0,206624.0,전기,2951.0,286.0,10.3,0.0,은색,기본,100.0
B사,0.0,2998.0,디젤,3254.0,323.0,8.4,1.0,은색,중급,6912.0
,10.0,98063.0,하이브리드,2258.0,224.0,13.6,0.0,은색,기본,100.0
A사,10.0,172490.0,가솔린,1514.0,161.0,16.6,1.0,흰색,중급,100.0
B사,8.0,92572.0,가솔린,2231.0,239.0,14.2,2.0,흰색,중급,100.0
A사,12.0,205705.0,디젤,1708.0,160.0,14.7,0.0,기타,고급,100.0
B사,10.0,85238.0,하이브리드,3185.0,338.0,9.5,1.0,기타,기본,100.0
B사,12.0,152354.0,,1338.0,126.0,17.5,1.0,기타,고급,100.0
A사,8.0,91638.0,디젤,3584.0,360.0,6.6,0.0,기타,중급,100.0
B사,4.0,67396.0,하이브리드,1067.0,112.0,20.1,2.0,검정,기본,100.0
A사,9.0,163650.0,전기,2596.0,284.0,12.1,0.0,은색,중급,100.0
A사,3.0,50041.0,디젤,2564.0,251.0,13.2,0.0,검정,고급,2516.0
D사,14.0,194230.0,하이브리드,1382.0,120.0,17.1,1.0,검정,기본,100.0
B사,10.0,92035.0,가솔린,1018.0,117.0,19.8,0.0,검정,고급,100.0
A사,5.0,53039.0,가솔린,3730.0,365.0,7.2,0.0,검정,중급,2557.0
B사,11.0,204965.0,하이브리드,3121.0,308.0,9.8,0.0,은색,중급,100.0
C사,6.0,117787.0,가솔린,1572.0,146.0,17.6,2.0,검정,중급,100.0
A사,4.0,40326.0,하이브리드,3986.0,395.0,6.2,3.0,기타,기본,3293.0
C사,10.0,182241.0,전기,2299.0,221.0,5.3,0.0,흰색,,100.0
A사,12.0,173147.0,하이브리드,3258.0,333.0,8.1,1.0,기타,고급,100.0
A사,9.0,173191.0,전기,3902.0,391.0,6.1,3.0,흰색,중급,100.0
B사,8.0,98228.0,디젤,2943.0,287.0,10.1,0.0,기타,고급,100.0
B사,1.0,26336.0,하이브리드,1650.0,175.0,17.9,0.0,기타,기본,3683.0
C사,14.0,225692.0,디젤,2645.0,267.0,12.1,1.0,흰색,중급,100.0
C사,6.0,90309.0,가솔린,1993.0,181.0,14.4,2.0,,중급,100.0
D사,9.0,97342.0,전기,1191.0,383.0,6.6,2.0,검정,중급,100.0
B사,9.0,117586.0,하이브리드,3587.0,361.0,6.2,0.0,기타,기본,100.0
B사,10.0,161839.0,디젤,2338.0,248.0,14.3,0.0,은색,중급,100.0
C사,4.0,80035.0,전기,1900.0,191.0,14.1,0.0,검정,중급,100.0
A사,13.0,195198.0,전기,2684.0,260.0,12.8,0.0,은색,중급,100.0
B사,6.0,96651.0,가솔린,3827.0,381.0,6.2,0.0,은색,중급,100.0
A사,14.0,226376.0,가솔린,2585.0,267.0,11.9,1.0,검정,고급,100.0
A사,1.0,17249.0,전기,2923.0,285.0,11.1,0.0,기타,중급,5754.0
D사,3.0,42805.0,전기,2781.0,274.0,11.6,2.0,은색,기본,2500.0
D사,1.0,21335.0,하이브리드,2136.0,211.0,15.7,0.0,기타,중급,4333.0
C사,13.0,254482.0,전기,3217.0,310.0,10.2,0.0,기타,중급,100.0
B사,12.0,174336.0,하이브리드,2944.0,287.0,10.6,0.0,기타,고급,100.0
A사,1.0,222546.0,전기,2037.0,205.0,13.9,0.0,검정,중급,100.0
A사,11.0,183833.0,가솔린,2738.0,286.0,5.3,0.0,흰색,고급,100.0
A사,6.0,93639.0,하이브리드,1287.0,132.0,18.5,4.0,기타,기본,100.0
B사,1.0,14531.0,디젤,3236.0,323.0,9.9,2.0,흰색,고급,5745.0
C사,12.0,127241.0,가솔린,1191.0,388.0,4.7,0.0,흰색,중급,100.0
C사,13.0,116442.0,하이브리드,2590.0,270.0,11.7,0.0,은색,기본,100.0
A사,10.0,84671.0,하이브리드,3741.0,378.0,8.1,3.0,기타,중급,100.0
D사,0.0,4896.0,디젤,2745.0,267.0,11.2,0.0,기타,고급,6578.0
,8.0,156013.0,하이브리드,3935.0,402.0,4.7,0.0,기타,기본,100.0
B사,0.0,2635.0,전기,3518.0,357.0,8.2,0.0,흰색,기본,7474.0
C사,7.0,91968.0,디젤,2098.0,202.0,14.5,3.0,검정,고급,100.0
B사,14.0,263819.0,가솔린,3324.0,331.0,7.0,0.0,흰색,고급,100.0
A사,1.0,14476.0,가솔린,1939.0,189.0,16.3,0.0,기타,기본,5277.0
B사,11.0,158757.0,전기,2448.0,271.0,12.0,3.0,기타,기본,100.0
C사,7.0,75972.0,가솔린,1570.0,162.0,17.2,0.0,기타,고급,100.0
A사,12.0,171383.0,하이브리드,3904.0,392.0,5.4,0.0,흰색,중급,100.0
A사,2.0,35902.0,하이브리드,2000.0,205.0,15.2,0.0,기타,기본,3036.0
A사,5.0,94751.0,전기,2205.0,234.0,11.8,2.0,은색,고급,100.0
A사,2.0,31921.0,가솔린,3505.0,350.0,7.1,0.0,기타,중급,4590.0
D사,13.0,221049.0,가솔린,1917.0,186.0,16.5,4.0,검정,기본,100.0
C사,6.0,78905.0,전기,2874.0,296.0,11.9,1.0,은색,기본,100.0
B사,9.0,79169.0,디젤,1832.0,181.0,14.8,0.0,기타,고급,100.0
A사,8.0,106976.0,가솔린,3886.0,378.0,6.5,4.0,은색,중급,100.0
B사,1.0,19000.0,디젤,3240.0,311.0,8.0,0.0,기타,기본,5726.0
B사,14.0,284163.0,가솔린,2678.0,283.0,11.2,0.0,검정,,100.0
,11.0,196971.0,가솔린,1615.0,163.0,16.6,0.0,기타,중급,100.0
B사,11.0,131163.0,가솔린,1405.0,135.0,18.1,0.0,은색,기본,100.0
B사,14.0,267375.0,가솔린,1191.0,273.0,12.3,0.0,검정,중급,100.0
,13.0,188647.0,하이브리드,3990.0,407.0,5.3,0.0,흰색,기본,100.0
C사,4.0,76457.0,디젤,3768.0,374.0,6.0,0.0,검정,중급,768.0
A사,12.0,131075.0,디젤,1092.0,95.0,20.5,2.0,검정,기본,100.0
B사,5.0,63442.0,가솔린,3477.0,351.0,6.8,0.0,검정,고급,1674.0
C사,3.0,26498.0,가솔린,1653.0,177.0,16.7,4.0,은색,기본,2611.0
B사,3.0,37627.0,디젤,1433.0,155.0,18.8,0.0,검정,기본,2555.0
D사,3.0,27678.0,하이브리드,2135.0,208.0,14.9,0.0,기타,기본,3423.0
C사,1.0,21162.0,전기,1374.0,150.0,17.7,0.0,검정,중급,3954.0
A사,3.0,43941.0,전기,2066.0,209.0,13.2,0.0,검정,고급,2704.0
A사,10.0,89152.0,디젤,1206.0,133.0,19.3,0.0,기타,중급,100.0
C사,0.0,1816.0,가솔린,1779.0,206.0,14.5,1.0,기타,중급,5756.0
A사,11.0,159820.0,가솔린,2319.0,206.0,13.2,3.0,흰색,기본,100.0
B사,5.0,89389.0,하이브리드,2141.0,232.0,15.5,4.0,검정,중급,100.0
D사,0.0,1575.0,전기,1531.0,154.0,17.9,0.0,은색,기본,5831.0
B사,1.0,151269.0,하이브리드,3213.0,327.0,6.9,2.0,검정,고급,100.0
B사,5.0,61900.0,전기,3690.0,356.0,6.8,0.0,검정,,1799.0
C사,0.0,1929.0,디젤,1089.0,114.0,19.2,0.0,기타,중급,5710.0
B사,5.0,56154.0,전기,2117.0,223.0,13.1,2.0,흰색,중급,628.0
B사,9.0,157519.0,하이브리드,1012.0,121.0,20.3,1.0,검정,기본,100.0
D사,7.0,110620.0,하이브리드,2857.0,300.0,10.2,0.0,은색,기본,100.0
B사,10.0,173335.0,하이브리드,1804.0,186.0,15.5,0.0,검정,중급,100.0
D사,1.0,23598.0,디젤,1944.0,179.0,15.4,0.0,은색,중급,4402.0
D사,1.0,10607.0,전기,3789.0,380.0,5.4,0.0,기타,고급,6325.0
A사,13.0,195351.0,전기,2857.0,280.0,10.8,0.0,흰색,고급,100.0
A사,14.0,147917.0,하이브리드,2610.0,263.0,11.4,4.0,검정,고급,100.0
A사,12.0,183704.0,전기,3923.0,380.0,4.8,0.0,,고급,100.0
A사,11.0,127241.0,가솔린,2959.0,294.0,11.2,0.0,검정,고급,100.0
A사,3.0,50697.0,가솔린,3707.0,366.0,7.6,0.0,,기본,3082.0
C사,10.0,154874.0,가솔린,2052.0,200.0,13.0,0.0,흰색,고급,100.0
A사,2.0,27825.0,전기,1295.0,124.0,19.3,0.0,검정,고급,3568.0
B사,3.0,53540.0,디젤,1925.0,191.0,16.8,1.0,기타,중급,1516.0
D사,12.0,188495.0,디젤,1639.0,167.0,18.4,2.0,은색,기본,100.0
A사,11.0,167355.0,디젤,3387.0,314.0,8.6,3.0,흰색,고급,100.0
D사,6.0,90030.0,,1627.0,139.0,15.8,2.0,검정,고급,100.0
A사,12.0,223202.0,가솔린,3486.0,345.0,8.2,2.0,흰색,고급,100.0
A사,10.0,173786.0,가솔린,2167.0,215.0,13.3,0.0,검정,중급,100.0
C사,0.0,4843.0,하이브리드,1941.0,196.0,15.0,2.0,은색,중급,5681.0
C사,1.0,61092.0,전기,1829.0,206.0,16.2,0.0,기타,중급,274.0
D사,14.0,278930.0,전기,2770.0,277.0,10.3,0.0,은색,고급,100.0
C사,14.0,164885.0,디젤,3566.0,358.0,6.0,0.0,흰색,중급,100.0
D사,2.0,34613.0,가솔린,1975.0,190.0,15.6,0.0,흰색,고급,3310.0
A사,10.0,198342.0,디젤,1954.0,206.0,17.1,0.0,검정,기본,100.0
A사,9.0,152886.0,하이브리드,2262.0,228.0,14.9,4.0,,고급,100.0
C사,6.0,96157.0,전기,1951.0,201.0,16.0,0.0,검정,중급,100.0
D사,9.0,101033.0,전기,1943.0,195.0,16.3,0.0,은색,기본,100.0
D사,1.0,22121.0,디젤,3202.0,341.0,9.6,0.0,흰색,고급,5461.0
B사,13.0,128993.0,하이브리드,2204.0,226.0,14.4,0.0,,기본,100.0
B사,1.0,10997.0,전기,3135.0,309.0,10.2,0.0,검정,기본,6125.0
,12.0,176212.0,하이브리드,2534.0,262.0,11.0,0.0,은색,기본,100.0
B사,1.0,56336.0,하이브리드,2096.0,193.0,14.7,0.0,기타,고급,1729.0
D사,0.0,1244.0,디젤,3978.0,399.0,5.0,0.0,은색,중급,7623.0
D사,2.0,37273.0,,1178.0,121.0,19.2,1.0,기타,고급,2415.0
B사,12.0,153904.0,디젤,3259.0,327.0,8.2,1.0,은색,,100.0
C사,8.0,109809.0,가솔린,2828.0,279.0,11.4,0.0,흰색,고급,100.0
C사,6.0,84232.0,하이브리드,2257.0,216.0,12.9,0.0,검정,고급,100.0
A사,14.0,264904.0,가솔린,1464.0,139.0,17.1,0.0,은색,고급,100.0
D사,6.0,103741.0,하이브리드,2774.0,278.0,10.5,1.0,흰색,중급,100.0
B사,12.0,238171.0,전기,3678.0,357.0,7.5,0.0,은색,고급,100.0
D사,12.0,127241.0,전기,3872.0,405.0,5.6,0.0,검정,기본,100.0
B사,10.0,173746.0,전기,2230.0,197.0,13.4,1.0,은색,고급,100.0
D사,3.0,47637.0,디젤,3654.0,362.0,6.4,0.0,기타,기본,2804.0
B사,1.0,21922.0,디젤,1884.0,190.0,15.6,0.0,검정,중급,4555.0
A사,14.0,277341.0,하이브리드,3413.0,346.0,9.6,0.0,기타,중급,100.0
D사,1.0,127241.0,전기,3323.0,323.0,7.1,3.0,흰색,고급,100.0
A사,3.0,43360.0,디젤,3427.0,354.0,8.5,2.0,흰색,고급,3588.0
B사,5.0,92073.0,전기,2332.0,219.0,5.3,1.0,은색,고급,100.0
D사,10.0,202276.0,디젤,2654.0,260.0,10.8,0.0,기타,기본,100.0
D사,10.0,146906.0,가솔린,1944.0,201.0,16.7,0.0,기타,중급,100.0
B사,2.0,40042.0,가솔린,3857.0,396.0,6.3,4.0,검정,기본,3407.0
C사,0.0,1058.0,전기,1924.0,178.0,14.9,4.0,기타,기본,5454.0
B사,13.0,123676.0,하이브리드,2938.0,320.0,8.5,0.0,기타,고급,100.0
A사,11.0,222706.0,디젤,1493.0,140.0,17.8,2.0,검정,고급,100.0
B사,7.0,85396.0,디젤,2546.0,241.0,12.2,0.0,검정,기본,100.0
C사,11.0,184997.0,가솔린,2969.0,302.0,9.1,0.0,기타,기본,100.0
C사,12.0,127668.0,가솔린,2094.0,206.0,13.5,1.0,은색,고급,100.0
C사,4.0,48843.0,하이브리드,3411.0,336.0,8.8,0.0,검정,고급,2832.0
C사,14.0,272645.0,하이브리드,3617.0,368.0,5.0,3.0,검정,기본,100.0
A사,4.0,70917.0,하이브리드,2825.0,267.0,11.2,0.0,기타,고급,669.0
B사,10.0,199307.0,전기,1762.0,159.0,16.0,0.0,기타,고급,100.0
A사,3.0,33621.0,가솔린,1191.0,326.0,8.9,3.0,검정,기본,3746.0
B사,5.0,79131.0,전기,1049.0,116.0,19.5,3.0,기타,기본,100.0
B사,2.0,40170.0,가솔린,3775.0,372.0,6.4,0.0,검정,중급,4058.0
D사,8.0,146008.0,가솔린,1905.0,206.0,14.7,0.0,은색,기본,100.0
B사,4.0,76564.0,디젤,3975.0,410.0,5.1,1.0,은색,고급,1132.0
A사,2.0,36859.0,가솔린,1563.0,159.0,17.7,0.0,검정,기본,2832.0
A사,10.0,124214.0,가솔린,1782.0,182.0,16.2,4.0,검정,기본,100.0
C사,0.0,4925.0,전기,3532.0,356.0,7.7,3.0,흰색,기본,6646.0
C사,9.0,150869.0,가솔린,3040.0,306.0,8.9,0.0,흰색,중급,100.0
A사,11.0,114558.0,전기,2831.0,279.0,10.3,0.0,기타,중급,100.0
A사,5.0,62125.0,하이브리드,1583.0,156.0,16.5,0.0,기타,고급,557.0
C사,14.0,237748.0,가솔린,2319.0,221.0,13.1,3.0,검정,중급,100.0
A사,1.0,17924.0,가솔린,1191.0,101.0,20.2,0.0,검정,기본,4396.0
D사,12.0,165861.0,전기,3103.0,321.0,9.1,0.0,흰색,중급,100.0
C사,2.0,19915.0,하이브리드,2942.0,296.0,9.1,0.0,흰색,기본,4973.0
A사,0.0,2439.0,디젤,1359.0,136.0,18.7,0.0,검정,중급,5805.0
A사,8.0,74420.0,하이브리드,2930.0,297.0,11.7,0.0,은색,중급,100.0
D사,7.0,129990.0,,1109.0,103.0,18.2,0.0,은색,중급,100.0
B사,11.0,159094.0,하이브리드,1191.0,109.0,21.0,3.0,기타,기본,100.0
B사,1.0,16551.0,전기,1903.0,187.0,15.9,3.0,검정,중급,4570.0
D사,14.0,246382.0,전기,2116.0,225.0,15.5,1.0,검정,기본,100.0
D사,11.0,219050.0,디젤,1861.0,174.0,17.2,0.0,기타,기본,100.0
D사,10.0,168522.0,가솔린,3615.0,335.0,7.9,0.0,흰색,고급,100.0
C사,7.0,61650.0,전기,2083.0,203.0,14.5,1.0,흰색,중급,100.0
B사,11.0,206188.0,전기,1649.0,176.0,18.0,0.0,은색,고급,100.0
A사,13.0,223950.0,디젤,1038.0,86.0,20.1,3.0,검정,고급,100.0
C사,8.0,125690.0,전기,1636.0,152.0,17.9,1.0,흰색,기본,100.0
B사,0.0,1358.0,가솔린,2036.0,206.0,16.0,0.0,은색,중급,6153.0
B사,12.0,167243.0,디젤,1035.0,129.0,18.7,3.0,,기본,100.0
D사,4.0,52854.0,가솔린,3148.0,301.0,10.1,4.0,은색,기본,1352.0
A사,7.0,102078.0,가솔린,2361.0,222.0,13.0,0.0,흰색,중급,100.0
B사,14.0,183801.0,디젤,2983.0,302.0,10.2,0.0,흰색,기본,100.0
A사,10.0,145652.0,전기,1165.0,129.0,19.3,0.0,검정,중급,100.0
B사,13.0,198967.0,가솔린,3430.0,337.0,5.3,0.0,검정,중급,100.0
A사,1.0,24597.0,가솔린,2879.0,272.0,12.1,0.0,은색,기본,4802.0
A사,3.0,60617.0,가솔린,3837.0,388.0,4.4,0.0,은색,기본,2407.0
,6.0,64674.0,가솔린,1030.0,109.0,18.1,4.0,흰색,고급,100.0
C사,2.0,41004.0,디젤,1010.0,119.0,18.0,0.0,흰색,기본,1835.0
,12.0,238525.0,디젤,3011.0,308.0,11.0,0.0,검정,중급,100.0
B사,11.0,98721.0,,3143.0,323.0,8.5,1.0,검정,고급,100.0
D사,4.0,127241.0,하이브리드,3500.0,347.0,7.6,0.0,기타,,3064.0
B사,7.0,108699.0,가솔린,3239.0,348.0,8.7,2.0,검정,고급,100.0
A사,11.0,198905.0,전기,1485.0,145.0,16.7,0.0,흰색,기본,100.0
D사,9.0,123389.0,가솔린,2289.0,223.0,14.4,0.0,은색,기본,100.0
A사,2.0,20246.0,전기,2447.0,263.0,12.6,0.0,기타,기본,4857.0
D사,3.0,61043.0,가솔린,1191.0,314.0,8.3,1.0,검정,중급,1311.0
A사,13.0,127241.0,하이브리드,2943.0,276.0,10.5,0.0,검정,,100.0
D사,14.0,132735.0,하이브리드,2963.0,206.0,10.9,1.0,흰색,중급,100.0
A사,8.0,155693.0,전기,2851.0,285.0,9.8,0.0,기타,고급,100.0
D사,13.0,206845.0,가솔린,2469.0,245.0,5.3,0.0,검정,기본,100.0
B사,13.0,137283.0,전기,2366.0,247.0,14.6,0.0,은색,중급,100.0
D사,6.0,121769.0,하이브리드,3782.0,369.0,4.7,0.0,흰색,기본,100.0
A사,1.0,3834.0,가솔린,1990.0,200.0,15.3,3.0,기타,중급,6063.0
B사,13.0,127241.0,가솔린,1824.0,179.0,15.6,0.0,검정,기본,100.0
D사,1.0,93309.0,전기,2462.0,237.0,13.4,0.0,검정,중급,100.0
B사,3.0,51505.0,디젤,3153.0,315.0,8.0,0.0,기타,중급,2545.0
C사,3.0,46710.0,전기,3228.0,206.0,10.5,0.0,흰색,고급,3042.0
C사,8.0,71475.0,하이브리드,3231.0,344.0,7.2,0.0,기타,기본,100.0
B사,5.0,93319.0,하이브리드,1225.0,128.0,18.6,3.0,기타,고급,100.0
C사,8.0,135968.0,하이브리드,1776.0,152.0,16.6,3.0,흰색,고급,100.0
B사,11.0,189043.0,하이브리드,3837.0,383.0,5.3,0.0,검정,기본,100.0
D사,14.0,175831.0,하이브리드,2112.0,212.0,13.6,0.0,은색,중급,100.0
A사,5.0,90709.0,디젤,1687.0,178.0,16.8,2.0,흰색,고급,100.0
A사,5.0,98595.0,가솔린,1529.0,155.0,17.4,2.0,은색,기본,100.0
D사,4.0,63058.0,전기,1971.0,210.0,15.2,0.0,검정,중급,426.0
D사,4.0,49259.0,전기,1935.0,197.0,16.2,0.0,기타,고급,1799.0
B사,1.0,16720.0,하이브리드,2422.0,258.0,12.5,0.0,은색,고급,5491.0
C사,7.0,104193.0,전기,3153.0,206.0,9.6,0.0,검정,고급,100.0
A사,7.0,118207.0,하이브리드,2294.0,231.0,13.0,0.0,검정,중급,100.0
A사,10.0,199966.0,디젤,2998.0,308.0,9.2,0.0,기타,고급,100.0
B사,12.0,214981.0,디젤,3878.0,382.0,5.3,1.0,기타,중급,100.0
B사,0.0,2708.0,가솔린,2526.0,245.0,5.3,0.0,검정,,6869.0
B사,7.0,89911.0,디젤,1678.0,162.0,16.2,0.0,검정,기본,100.0
A사,4.0,70819.0,디젤,3896.0,382.0,6.7,0.0,은색,고급,1562.0
D사,1.0,21810.0,가솔린,3440.0,349.0,7.5,2.0,검정,기본,4904.0
D사,13.0,157534.0,전기,1039.0,86.0,19.1,2.0,검정,기본,100.0
C사,1.0,23489.0,하이브리드,3707.0,206.0,6.5,0.0,은색,기본,5368.0
B사,13.0,129854.0,하이브리드,2105.0,229.0,14.6,0.0,흰색,중급,100.0
,14.0,127241.0,전기,1844.0,177.0,14.6,4.0,은색,기본,100.0
D사,14.0,266565.0,가솔린,2743.0,276.0,5.3,0.0,은색,고급,100.0
C사,5.0,88118.0,전기,3248.0,310.0,8.4,0.0,기타,중급,100.0
A사,10.0,170916.0,디젤,1446.0,146.0,17.6,0.0,은색,기본,100.0
D사,12.0,118043.0,가솔린,2234.0,216.0,14.6,0.0,검정,중급,100.0
D사,8.0,82571.0,가솔린,3491.0,333.0,7.7,0.0,검정,중급,100.0
D사,0.0,2960.0,가솔린,2350.0,248.0,14.5,3.0,검정,중급,5888.0
C사,1.0,116617.0,하이브리드,3808.0,393.0,5.9,1.0,흰색,고급,100.0
C사,5.0,71647.0,전기,1226.0,122.0,20.6,0.0,검정,기본,100.0
B사,8.0,118603.0,가솔린,1047.0,115.0,19.3,3.0,흰색,중급,100.0
D사,7.0,125077.0,가솔린,3959.0,415.0,4.4,0.0,검정,중급,100.0
D사,10.0,157550.0,가솔린,1191.0,254.0,13.2,0.0,은색,중급,100.0
A사,5.0,58382.0,전기,2830.0,288.0,12.2,0.0,기타,기본,1776.0
A사,2.0,31752.0,하이브리드,1186.0,121.0,17.7,1.0,검정,중급,2970.0
B사,1.0,117536.0,디젤,3392.0,346.0,7.8,0.0,흰색,중급,100.0
D사,8.0,127199.0,하이브리드,3271.0,323.0,8.0,0.0,흰색,고급,100.0
D사,0.0,3667.0,가솔린,3877.0,385.0,5.8,1.0,기타,기본,6938.0
A사,11.0,159763.0,하이브리드,3535.0,358.0,7.3,1.0,검정,고급,100.0
B사,8.0,115827.0,하이브리드,2932.0,288.0,11.7,1.0,은색,기본,100.0
B사,13.0,229051.0,디젤,3924.0,389.0,5.3,0.0,검정,,100.0
D사,14.0,120777.0,,1848.0,185.0,17.1,0.0,검정,기본,100.0
D사,5.0,46310.0,전기,3032.0,315.0,9.5,0.0,기타,고급,2455.0
D사,5.0,71789.0,하이브리드,2252.0,214.0,5.3,0.0,검정,고급,100.0
B사,11.0,151606.0,하이브리드,2413.0,249.0,13.2,3.0,은색,고급,100.0
B사,3.0,56392.0,전기,1191.0,206.0,16.8,0.0,흰색,고급,1595.0
A사,0.0,4173.0,전기,2612.0,269.0,10.5,0.0,기타,중급,6834.0
A사,9.0,180396.0,디젤,2016.0,194.0,13.8,1.0,은색,중급,100.0
D사,7.0,78128.0,가솔린,3235.0,307.0,10.7,0.0,흰색,중급,100.0
D사,1.0,13320.0,하이브리드,2881.0,294.0,5.3,0.0,기타,기본,5379.0
D사,11.0,107162.0,전기,1269.0,129.0,18.0,2.0,기타,중급,100.0
D사,0.0,1398.0,하이브리드,2630.0,273.0,11.0,2.0,흰색,기본,6225.0
B사,1.0,17391.0,하이브리드,1309.0,124.0,19.6,1.0,흰색,고급,4289.0
C사,0.0,127241.0,전기,3043.0,312.0,8.5,0.0,,기본,6824.0
D사,0.0,1703.0,디젤,2574.0,268.0,12.2,0.0,검정,기본,6553.0
D사,8.0,85080.0,하이브리드,2095.0,209.0,14.3,1.0,검정,중급,100.0
A사,1.0,161130.0,디젤,3892.0,393.0,6.6,0.0,검정,,100.0
B사,13.0,141936.0,전기,2695.0,273.0,11.0,0.0,검정,고급,100.0
,0.0,4536.0,가솔린,3533.0,345.0,7.8,2.0,,중급,6936.0
D사,12.0,127241.0,가솔린,2445.0,250.0,11.6,0.0,은색,고급,100.0
C사,3.0,34919.0,하이브리드,3167.0,333.0,11.4,1.0,기타,고급,3983.0
A사,9.0,152566.0,전기,1219.0,122.0,18.7,0.0,은색,고급,100.0
C사,5.0,98827.0,디젤,1052.0,91.0,19.7,0.0,은색,중급,100.0
C사,6.0,67579.0,하이브리드,2757.0,269.0,12.9,0.0,은색,고급,272.0
B사,1.0,20051.0,전기,2474.0,230.0,12.0,2.0,기타,기본,4520.0
A사,5.0,48155.0,전기,2666.0,280.0,13.3,0.0,은색,기본,2195.0
C사,6.0,71644.0,디젤,1191.0,234.0,13.3,0.0,은색,고급,100.0
B사,9.0,143482.0,하이브리드,3805.0,375.0,6.6,1.0,기타,중급,100.0
C사,13.0,206894.0,전기,3785.0,364.0,5.5,1.0,은색,중급,100.0
B사,9.0,99525.0,전기,1719.0,164.0,15.0,4.0,검정,,100.0
D사,1.0,13885.0,전기,1405.0,134.0,18.4,0.0,흰색,고급,4733.0
B사,14.0,127241.0,디젤,3655.0,367.0,7.4,0.0,은색,고급,100.0
B사,1.0,17064.0,하이브리드,3469.0,348.0,6.3,4.0,흰색,기본,5157.0
D사,9.0,122109.0,하이브리드,3759.0,389.0,5.9,1.0,은색,중급,100.0
B사,6.0,82692.0,하이브리드,3294.0,322.0,9.7,0.0,은색,기본,100.0
A사,11.0,173558.0,하이브리드,1071.0,92.0,5.3,0.0,검정,기본,100.0
A사,0.0,2863.0,가솔린,2853.0,274.0,10.3,2.0,기타,중급,6658.0
C사,7.0,61994.0,가솔린,3232.0,323.0,8.2,0.0,흰색,고급,1056.0
C사,10.0,105778.0,하이브리드,3053.0,298.0,11.7,1.0,기타,고급,100.0
C사,12.0,216072.0,디젤,2229.0,220.0,12.4,0.0,검정,기본,100.0
A사,2.0,29886.0,가솔린,2567.0,252.0,12.1,0.0,검정,기본,4142.0
A사,10.0,174230.0,전기,3953.0,405.0,3.8,1.0,흰색,기본,100.0
A사,5.0,53429.0,가솔린,1386.0,133.0,19.4,0.0,기타,기본,945.0
B사,8.0,77039.0,전기,2791.0,275.0,11.0,0.0,검정,중급,100.0
B사,5.0,42969.0,하이브리드,1698.0,177.0,16.7,0.0,은색,기본,1708.0
B사,8.0,125762.0,가솔린,2200.0,214.0,16.8,0.0,은색,,100.0
B사,6.0,63614.0,디젤,1826.0,187.0,15.3,1.0,은색,고급,100.0
D사,14.0,227603.0,가솔린,2822.0,206.0,12.6,2.0,기타,고급,100.0
B사,8.0,111050.0,가솔린,1348.0,136.0,17.9,1.0,은색,고급,100.0
B사,1.0,127241.0,가솔린,2278.0,216.0,13.4,0.0,,중급,5383.0
C사,11.0,146510.0,하이브리드,1307.0,143.0,21.1,0.0,,중급,100.0
B사,7.0,132544.0,디젤,2150.0,237.0,14.1,0.0,검정,고급,100.0
C사,7.0,129881.0,가솔린,2960.0,296.0,8.8,3.0,은색,고급,100.0
D사,1.0,18456.0,디젤,3334.0,323.0,8.6,2.0,은색,기본,5005.0
D사,11.0,102604.0,하이브리드,1765.0,177.0,16.0,2.0,검정,기본,100.0
A사,13.0,172802.0,전기,1724.0,182.0,16.7,0.0,흰색,중급,100.0
D사,3.0,59303.0,가솔린,3809.0,375.0,5.8,0.0,기타,중급,2319.0
B사,13.0,254103.0,디젤,2619.0,261.0,14.1,0.0,기타,기본,100.0
A사,14.0,267035.0,디젤,1382.0,142.0,18.6,0.0,검정,고급,100.0
B사,10.0,106651.0,하이브리드,1191.0,356.0,6.8,0.0,기타,기본,100.0
D사,14.0,162508.0,가솔린,1524.0,160.0,17.5,3.0,검정,중급,100.0
B사,6.0,72265.0,전기,3686.0,377.0,5.8,0.0,검정,중급,761.0
B사,10.0,125992.0,디젤,3985.0,394.0,4.8,0.0,검정,기본,100.0
C사,3.0,49429.0,가솔린,1275.0,132.0,17.7,0.0,검정,기본,1218.0
A사,3.0,48566.0,전기,3547.0,347.0,9.4,3.0,흰색,기본,2715.0
A사,5.0,99648.0,디젤,3764.0,385.0,5.5,0.0,은색,중급,100.0
A사,9.0,110464.0,디젤,1336.0,145.0,19.0,1.0,은색,고급,100.0
A사,5.0,127241.0,전기,2973.0,303.0,9.8,3.0,흰색,기본,100.0
A사,9.0,170100.0,전기,3979.0,394.0,3.9,0.0,기타,중급,100.0
A사,14.0,115530.0,하이브리드,1480.0,146.0,17.8,1.0,기타,중급,100.0
C사,2.0,20185.0,가솔린,1910.0,209.0,15.9,0.0,은색,중급,4168.0
A사,14.0,274541.0,가솔린,2996.0,296.0,10.6,0.0,기타,기본,100.0
B사,8.0,156473.0,하이브리드,2351.0,246.0,10.6,2.0,은색,기본,100.0
D사,11.0,130042.0,디젤,3033.0,307.0,8.6,1.0,은색,고급,100.0
B사,9.0,130708.0,전기,2754.0,272.0,12.2,0.0,흰색,중급,100.0
C사,13.0,191220.0,전기,1108.0,97.0,18.5,0.0,기타,기본,100.0
A사,10.0,88325.0,전기,1327.0,135.0,18.6,0.0,흰색,중급,100.0
A사,1.0,19633.0,,2799.0,281.0,9.7,0.0,은색,중급,5398.0
A사,5.0,43761.0,전기,1314.0,149.0,19.2,0.0,은색,고급,1944.0
A사,11.0,152568.0,전기,2134.0,205.0,15.3,0.0,은색,기본,100.0
A사,6.0,82932.0,하이브리드,3746.0,398.0,7.0,0.0,검정,기본,100.0
A사,11.0,215060.0,디젤,1780.0,182.0,17.1,2.0,검정,중급,100.0
A사,12.0,107422.0,가솔린,2520.0,206.0,14.0,0.0,검정,중급,100.0
,8.0,150505.0,하이브리드,1155.0,110.0,18.1,0.0,흰색,고급,100.0
B사,12.0,202787.0,,2496.0,253.0,11.7,0.0,,고급,100.0
A사,2.0,30779.0,가솔린,2724.0,277.0,12.3,2.0,기타,고급,4284.0
B사,9.0,129416.0,하이브리드,1886.0,198.0,16.7,0.0,흰색,고급,100.0
B사,2.0,39355.0,디젤,3805.0,371.0,5.3,0.0,흰색,고급,4389.0
C사,6.0,116718.0,전기,1721.0,186.0,15.7,0.0,흰색,고급,100.0
A사,13.0,120738.0,디젤,1912.0,195.0,14.8,1.0,기타,중급,100.0
C사,3.0,30184.0,가솔린,1870.0,193.0,14.0,0.0,은색,고급,3390.0
C사,12.0,117390.0,가솔린,1012.0,99.0,18.7,2.0,검정,중급,100.0
A사,7.0,66040.0,하이브리드,3655.0,356.0,5.5,4.0,은색,중급,482.0
D사,12.0,134083.0,디젤,1497.0,150.0,17.2,1.0,은색,기본,100.0
D사,6.0,101026.0,,2756.0,277.0,11.5,1.0,흰색,중급,100.0
,4.0,78580.0,가솔린,3285.0,315.0,9.0,0.0,흰색,중급,520.0
,6.0,108156.0,디젤,2117.0,220.0,13.9,0.0,흰색,고급,100.0
D사,2.0,21996.0,가솔린,3828.0,393.0,5.4,4.0,검정,중급,4854.0
C사,11.0,148179.0,디젤,2194.0,212.0,14.2,0.0,검정,고급,100.0
A사,1.0,19168.0,디젤,3004.0,290.0,8.5,0.0,검정,고급,5853.0
A사,5.0,95967.0,디젤,3653.0,362.0,7.7,1.0,은색,고급,100.0
B사,1.0,10930.0,가솔린,3708.0,371.0,7.7,0.0,흰색,기본,6783.0
B사,2.0,22290.0,하이브리드,2647.0,262.0,11.1,0.0,기타,고급,5005.0
C사,5.0,53285.0,디젤,2590.0,258.0,11.7,0.0,은색,중급,1555.0
B사,4.0,70559.0,가솔린,3896.0,392.0,6.8,0.0,검정,고급,1510.0
B사,7.0,69331.0,가솔린,3983.0,385.0,5.0,2.0,기타,고급,802.0
C사,8.0,85198.0,디젤,2490.0,236.0,13.1,0.0,기타,고급,100.0
A사,10.0,102966.0,디젤,3675.0,340.0,6.5,0.0,흰색,기본,100.0
A사,2.0,37279.0,하이브리드,1142.0,124.0,5.3,0.0,기타,중급,2677.0
C사,11.0,127727.0,가솔린,2224.0,223.0,14.4,1.0,검정,기본,100.0
D사,9.0,156493.0,가솔린,3761.0,387.0,6.7,1.0,흰색,중급,100.0
B사,2.0,30998.0,전기,3526.0,341.0,7.9,0.0,기타,기본,4628.0
B사,2.0,37557.0,가솔린,1564.0,157.0,16.6,1.0,흰색,중급,2502.0
A사,12.0,200554.0,하이브리드,3518.0,354.0,6.9,0.0,기타,기본,100.0
B사,12.0,125500.0,전기,3431.0,337.0,8.6,3.0,은색,고급,100.0
B사,5.0,67141.0,전기,2715.0,256.0,11.6,0.0,은색,기본,494.0
A사,14.0,127241.0,전기,3973.0,415.0,4.0,1.0,검정,기본,100.0
A사,14.0,257533.0,디젤,1416.0,156.0,5.3,0.0,은색,고급,100.0
B사,0.0,127241.0,디젤,2848.0,206.0,11.7,0.0,,고급,7020.0
A사,6.0,65955.0,가솔린,3355.0,341.0,8.3,0.0,은색,중급,1033.0
B사,11.0,134134.0,전기,3696.0,365.0,6.2,2.0,기타,중급,100.0
A사,0.0,2381.0,하이브리드,2717.0,262.0,11.6,0.0,기타,중급,6909.0
B사,13.0,130798.0,디젤,2390.0,257.0,13.6,3.0,흰색,기본,100.0
A사,4.0,46866.0,하이브리드,2067.0,190.0,12.6,0.0,기타,중급,1941.0
,14.0,213255.0,하이브리드,3786.0,376.0,8.2,0.0,은색,기본,100.0
B사,9.0,89883.0,디젤,2866.0,287.0,9.9,0.0,기타,기본,100.0
C사,12.0,202765.0,디젤,2121.0,229.0,14.4,0.0,검정,중급,100.0
C사,7.0,92306.0,디젤,2288.0,238.0,13.6,0.0,흰색,중급,100.0
B사,3.0,52753.0,디젤,2806.0,264.0,13.0,2.0,흰색,기본,1838.0
A사,4.0,59223.0,전기,3187.0,319.0,9.0,3.0,기타,고급,1503.0
B사,3.0,56898.0,전기,2504.0,251.0,14.1,3.0,은색,고급,1540.0
B사,11.0,114148.0,전기,2016.0,199.0,15.3,0.0,흰색,기본,100.0
C사,11.0,190489.0,전기,1952.0,201.0,14.3,1.0,검정,중급,100.0
B사,13.0,190382.0,가솔린,3951.0,381.0,5.4,1.0,검정,기본,100.0
A사,3.0,57931.0,전기,1071.0,103.0,19.5,0.0,흰색,기본,498.0
A사,11.0,197344.0,디젤,1191.0,274.0,10.5,1.0,은색,중급,100.0
B사,7.0,81868.0,하이브리드,2291.0,236.0,13.9,0.0,은색,고급,100.0
C사,1.0,17551.0,전기,2344.0,236.0,13.3,0.0,기타,기본,4861.0
B사,0.0,3983.0,가솔린,3154.0,313.0,9.8,0.0,기타,고급,7128.0
B사,2.0,24636.0,디젤,1882.0,187.0,15.8,0.0,흰색,고급,4257.0
D사,8.0,90134.0,하이브리드,1138.0,121.0,18.7,0.0,기타,중급,100.0
C사,3.0,35313.0,하이브리드,1191.0,367.0,7.5,0.0,기타,기본,4015.0
A사,9.0,174476.0,전기,3910.0,381.0,4.8,1.0,기타,기본,100.0
A사,4.0,76663.0,하이브리드,3320.0,320.0,5.3,0.0,검정,고급,830.0
A사,1.0,23775.0,전기,2504.0,236.0,12.6,0.0,기타,고급,4991.0
A사,3.0,30484.0,전기,3463.0,361.0,7.1,0.0,흰색,중급,4739.0
A사,1.0,19790.0,디젤,3553.0,363.0,7.6,0.0,은색,고급,6185.0
A사,14.0,175331.0,디젤,1732.0,172.0,18.3,1.0,기타,중급,100.0
A사,1.0,17185.0,가솔린,2748.0,270.0,13.3,0.0,은색,,5418.0
A사,3.0,49627.0,디젤,1423.0,137.0,17.7,1.0,기타,중급,1313.0
D사,5.0,50131.0,디젤,2591.0,270.0,11.2,0.0,흰색,고급,2016.0
A사,6.0,92439.0,전기,1389.0,158.0,18.6,1.0,검정,기본,100.0
B사,9.0,88037.0,디젤,1341.0,128.0,17.9,0.0,흰색,중급,100.0
B사,2.0,37084.0,전기,1191.0,206.0,15.7,0.0,검정,기본,3052.0
D사,2.0,28981.0,전기,1613.0,162.0,16.3,1.0,기타,,3094.0
A사,9.0,170190.0,디젤,1492.0,147.0,17.8,0.0,기타,고급,100.0
B사,5.0,91127.0,가솔린,1191.0,134.0,18.2,1.0,검정,고급,100.0
D사,12.0,213742.0,가솔린,1498.0,150.0,18.7,1.0,흰색,기본,100.0
D사,11.0,146929.0,하이브리드,1821.0,185.0,15.3,0.0,흰색,기본,100.0
D사,2.0,18562.0,하이브리드,2735.0,276.0,12.0,0.0,검정,기본,4760.0
A사,12.0,121661.0,디젤,2256.0,209.0,12.5,0.0,기타,중급,100.0
A사,1.0,12922.0,가솔린,2968.0,300.0,10.9,3.0,검정,고급,5579.0
C사,7.0,120192.0,전기,1226.0,117.0,17.9,1.0,,기본,100.0
D사,4.0,37114.0,하이브리드,2394.0,225.0,13.3,0.0,검정,기본,2592.0
B사,14.0,126720.0,전기,3186.0,313.0,10.1,0.0,기타,기본,100.0
B사,0.0,4701.0,하이브리드,3903.0,385.0,5.3,0.0,검정,중급,7571.0
A사,2.0,42670.0,디젤,1816.0,192.0,14.9,2.0,은색,기본,2482.0
C사,9.0,94428.0,가솔린,2473.0,237.0,13.1,0.0,기타,기본,100.0
A사,7.0,127419.0,하이브리드,2086.0,201.0,13.7,0.0,흰색,중급,100.0
B사,3.0,52566.0,가솔린,1103.0,113.0,5.3,2.0,검정,중급,723.0
,13.0,110020.0,전기,2874.0,274.0,10.9,0.0,흰색,기본,100.0
B사,6.0,55446.0,디젤,1870.0,180.0,17.0,0.0,검정,기본,599.0
A사,9.0,127379.0,가솔린,1667.0,150.0,16.7,4.0,흰색,중급,100.0
A사,11.0,190045.0,디젤,3042.0,313.0,9.8,1.0,흰색,고급,100.0
C사,13.0,174947.0,가솔린,1272.0,124.0,19.4,0.0,검정,중급,100.0
A사,13.0,236671.0,전기,2029.0,203.0,14.9,0.0,검정,고급,100.0
B사,1.0,13199.0,전기,3231.0,332.0,9.5,0.0,흰색,,5965.0
A사,6.0,100576.0,디젤,2051.0,198.0,15.8,0.0,흰색,기본,100.0
B사,4.0,43264.0,전기,2573.0,254.0,11.8,2.0,흰색,고급,2341.0
B사,4.0,40354.0,하이브리드,1292.0,119.0,15.3,0.0,기타,중급,1789.0
A사,5.0,72184.0,가솔린,3224.0,312.0,8.1,1.0,기타,기본,382.0
B사,12.0,106572.0,전기,3105.0,301.0,10.7,3.0,은색,고급,100.0
A사,8.0,127241.0,하이브리드,2292.0,224.0,13.5,0.0,기타,중급,100.0
A사,13.0,254407.0,디젤,1307.0,127.0,18.1,0.0,기타,고급,100.0
D사,5.0,91454.0,하이브리드,1976.0,200.0,16.3,0.0,검정,중급,100.0
B사,11.0,96563.0,디젤,2251.0,216.0,13.6,3.0,은색,중급,100.0
D사,12.0,195218.0,디젤,2270.0,230.0,11.6,2.0,은색,중급,100.0
A사,14.0,131985.0,가솔린,3747.0,380.0,4.8,0.0,기타,중급,100.0
C사,13.0,179152.0,가솔린,2517.0,247.0,12.8,0.0,검정,고급,100.0
C사,7.0,143571.0,하이브리드,3130.0,305.0,9.3,0.0,검정,고급,100.0
B사,6.0,106891.0,가솔린,2209.0,222.0,15.4,3.0,은색,고급,100.0
,8.0,119291.0,가솔린,3299.0,328.0,5.3,0.0,검정,고급,100.0
B사,3.0,30826.0,가솔린,2378.0,240.0,12.8,0.0,흰색,고급,3835.0
B사,1.0,22518.0,하이브리드,2773.0,293.0,10.3,2.0,기타,중급,4881.0
,6.0,65821.0,전기,2719.0,273.0,10.9,0.0,흰색,기본,312.0
D사,5.0,61454.0,가솔린,3042.0,298.0,7.9,0.0,은색,기본,907.0
D사,0.0,1159.0,가솔린,1795.0,171.0,5.3,0.0,은색,고급,6225.0
A사,10.0,139273.0,하이브리드,1896.0,181.0,15.5,0.0,검정,고급,100.0
C사,8.0,102165.0,전기,2961.0,281.0,10.1,0.0,검정,기본,100.0
D사,8.0,87137.0,가솔린,1209.0,130.0,21.1,3.0,은색,중급,100.0
A사,11.0,159263.0,디젤,3863.0,364.0,7.5,0.0,은색,고급,100.0
A사,1.0,24793.0,하이브리드,3656.0,370.0,6.0,0.0,흰색,중급,5501.0
C사,2.0,25351.0,가솔린,3494.0,341.0,5.5,1.0,흰색,기본,4754.0
B사,4.0,40064.0,가솔린,3507.0,346.0,7.4,0.0,검정,기본,3467.0
D사,4.0,67855.0,디젤,1967.0,188.0,15.5,0.0,흰색,고급,303.0
A사,14.0,263510.0,디젤,1471.0,162.0,16.8,1.0,검정,중급,100.0
C사,0.0,2045.0,하이브리드,3417.0,342.0,7.1,2.0,검정,고급,7118.0
A사,7.0,117987.0,하이브리드,3947.0,403.0,6.8,1.0,기타,기본,100.0
A사,11.0,157486.0,디젤,1922.0,205.0,15.1,1.0,검정,중급,100.0
A사,7.0,130168.0,하이브리드,1136.0,115.0,20.0,0.0,흰색,고급,100.0
D사,3.0,45992.0,디젤,1366.0,125.0,17.2,3.0,은색,고급,1276.0
C사,12.0,203522.0,가솔린,3959.0,394.0,5.1,0.0,은색,고급,100.0
B사,6.0,88318.0,디젤,1183.0,111.0,18.7,1.0,흰색,기본,100.0
B사,14.0,218653.0,디젤,3519.0,347.0,6.7,0.0,은색,고급,100.0
D사,14.0,224739.0,전기,2398.0,239.0,14.2,3.0,검정,중급,100.0
B사,1.0,172895.0,디젤,3701.0,369.0,5.3,1.0,은색,고급,100.0
,9.0,136399.0,디젤,3796.0,384.0,6.3,1.0,흰색,기본,100.0
B사,2.0,20144.0,전기,1536.0,159.0,17.0,0.0,은색,고급,4323.0
B사,5.0,59671.0,하이브리드,3849.0,384.0,6.2,0.0,검정,기본,1978.0
B사,13.0,136217.0,전기,2602.0,264.0,11.6,1.0,검정,기본,100.0
B사,9.0,165742.0,가솔린,2273.0,222.0,14.5,1.0,흰색,중급,100.0
C사,12.0,104217.0,전기,3967.0,410.0,4.2,0.0,흰색,중급,100.0
B사,9.0,144399.0,,3557.0,206.0,8.4,4.0,흰색,고급,100.0
A사,11.0,157979.0,하이브리드,3677.0,380.0,6.6,2.0,기타,기본,100.0
D사,13.0,200181.0,전기,2096.0,195.0,13.2,0.0,기타,기본,100.0
B사,8.0,83459.0,전기,2305.0,227.0,14.2,2.0,검정,중급,100.0
B사,0.0,4632.0,하이브리드,1915.0,206.0,15.2,0.0,기타,중급,5924.0
D사,4.0,84106.0,가솔린,1151.0,118.0,17.5,0.0,기타,고급,100.0
,3.0,40336.0,전기,2028.0,211.0,15.2,0.0,은색,기본,2456.0
A사,7.0,69421.0,가솔린,2218.0,209.0,14.9,0.0,기타,중급,100.0
D사,10.0,97434.0,전기,2977.0,287.0,11.4,1.0,은색,고급,100.0
C사,11.0,211404.0,디젤,3511.0,337.0,7.1,0.0,흰색,기본,100.0
B사,0.0,2884.0,전기,1270.0,140.0,18.8,1.0,은색,기본,5478.0
A사,8.0,162465.0,하이브리드,2186.0,222.0,14.1,1.0,은색,중급,100.0
C사,5.0,50494.0,하이브리드,1459.0,135.0,19.2,1.0,흰색,고급,1060.0
C사,3.0,37578.0,가솔린,1104.0,106.0,18.7,0.0,흰색,중급,2039.0
B사,11.0,169632.0,전기,1191.0,283.0,11.0,2.0,검정,고급,100.0
D사,8.0,68117.0,가솔린,3209.0,318.0,8.1,0.0,검정,기본,100.0
C사,10.0,197326.0,가솔린,3398.0,336.0,6.6,0.0,검정,고급,100.0
A사,4.0,51414.0,디젤,1433.0,135.0,18.1,0.0,검정,고급,1332.0
B사,14.0,272997.0,디젤,3899.0,380.0,7.1,0.0,,고급,100.0
,4.0,67957.0,하이브리드,1139.0,126.0,19.1,2.0,은색,고급,100.0
C사,11.0,180713.0,가솔린,2494.0,266.0,11.6,0.0,검정,고급,100.0
A사,4.0,67372.0,하이브리드,1086.0,99.0,19.8,1.0,기타,중급,100.0
B사,0.0,3437.0,전기,1191.0,285.0,12.0,0.0,검정,고급,6893.0
C사,0.0,3372.0,가솔린,3230.0,318.0,8.7,0.0,기타,고급,7004.0
D사,7.0,64257.0,가솔린,3415.0,347.0,9.3,4.0,흰색,기본,100.0
B사,11.0,108885.0,전기,1128.0,127.0,18.5,0.0,은색,고급,100.0
D사,7.0,132229.0,전기,2269.0,225.0,13.4,0.0,은색,기본,100.0
A사,11.0,110574.0,하이브리드,1191.0,257.0,12.3,0.0,기타,중급,100.0
D사,14.0,264867.0,하이브리드,1669.0,175.0,17.0,0.0,검정,중급,100.0
A사,14.0,187492.0,전기,1148.0,104.0,19.3,0.0,은색,고급,100.0
B사,5.0,92987.0,하이브리드,1984.0,210.0,13.8,1.0,기타,중급,100.0
C사,11.0,117188.0,전기,1851.0,187.0,18.1,1.0,흰색,고급,100.0
,10.0,176332.0,가솔린,2456.0,240.0,12.5,0.0,흰색,중급,100.0
A사,12.0,212126.0,가솔린,1627.0,157.0,17.0,3.0,은색,고급,100.0
C사,3.0,42458.0,디젤,2492.0,235.0,13.2,0.0,검정,고급,2846.0
,1.0,17465.0,가솔린,3493.0,344.0,6.9,0.0,기타,기본,5684.0
C사,13.0,249476.0,전기,3044.0,302.0,9.8,0.0,은색,기본,100.0
C사,1.0,11176.0,하이브리드,1883.0,178.0,14.9,1.0,흰색,기본,4979.0
B사,8.0,153411.0,디젤,3341.0,334.0,8.7,0.0,검정,기본,100.0
A사,14.0,126593.0,하이브리드,2788.0,284.0,10.8,0.0,기타,고급,100.0
B사,4.0,67113.0,전기,1249.0,123.0,19.0,0.0,은색,중급,100.0
A사,3.0,61678.0,가솔린,3925.0,399.0,4.3,0.0,기타,고급,2520.0
D사,9.0,135225.0,디젤,1947.0,187.0,14.4,2.0,검정,기본,100.0
B사,12.0,124448.0,,1974.0,207.0,13.8,0.0,검정,기본,100.0
B사,0.0,2106.0,디젤,2325.0,234.0,5.3,0.0,흰색,중급,6611.0
B사,6.0,94382.0,디젤,3836.0,399.0,3.2,1.0,검정,기본,100.0
D사,1.0,27149.0,가솔린,1983.0,222.0,14.8,3.0,은색,고급,3416.0
A사,5.0,54236.0,전기,1888.0,184.0,15.0,3.0,기타,고급,912.0
B사,4.0,60155.0,하이브리드,3937.0,389.0,5.5,0.0,검정,고급,2489.0
B사,4.0,50875.0,디젤,3117.0,309.0,9.5,0.0,검정,고급,2581.0
C사,10.0,185568.0,디젤,3672.0,373.0,7.9,0.0,은색,고급,100.0
A사,4.0,73528.0,하이브리드,1874.0,201.0,18.2,0.0,기타,중급,100.0
D사,0.0,3448.0,전기,1191.0,226.0,14.5,3.0,,고급,5862.0
D사,0.0,4769.0,디젤,1470.0,151.0,17.2,0.0,흰색,기본,5560.0
B사,2.0,35876.0,디젤,2987.0,297.0,9.6,0.0,흰색,기본,3791.0
C사,13.0,136827.0,디젤,1090.0,115.0,20.4,0.0,기타,기본,100.0
D사,1.0,144507.0,전기,1529.0,168.0,15.7,0.0,은색,기본,100.0
C사,9.0,163982.0,전기,1660.0,164.0,16.4,1.0,,중급,100.0
A사,3.0,49131.0,하이브리드,1738.0,157.0,16.1,0.0,흰색,기본,1663.0
B사,4.0,44714.0,전기,3773.0,385.0,6.7,0.0,검정,중급,3300.0
C사,1.0,18346.0,전기,1871.0,179.0,16.3,0.0,은색,기본,4523.0
B사,7.0,107643.0,가솔린,2686.0,267.0,10.8,0.0,검정,중급,100.0
C사,10.0,109508.0,하이브리드,1191.0,127.0,18.6,0.0,은색,중급,100.0
D사,10.0,146015.0,디젤,2986.0,302.0,10.5,1.0,기타,중급,100.0
D사,13.0,261259.0,전기,3185.0,317.0,8.3,0.0,흰색,기본,100.0
B사,1.0,9029.0,디젤,1344.0,129.0,19.5,1.0,검정,중급,4734.0
A사,8.0,133492.0,디젤,2008.0,172.0,15.6,3.0,검정,고급,100.0
D사,1.0,15543.0,가솔린,1191.0,362.0,7.4,3.0,기타,고급,5594.0
D사,12.0,102934.0,전기,1191.0,118.0,19.4,3.0,,기본,100.0
A사,8.0,111412.0,하이브리드,1572.0,172.0,16.7,0.0,검정,고급,100.0
D사,6.0,112542.0,전기,1191.0,123.0,18.4,0.0,은색,고급,100.0
D사,14.0,235392.0,디젤,3052.0,300.0,9.3,0.0,기타,고급,100.0
B사,7.0,111280.0,하이브리드,2913.0,302.0,10.9,2.0,흰색,기본,100.0
B사,14.0,210887.0,전기,2716.0,283.0,11.6,4.0,검정,기본,100.0
B사,10.0,131522.0,,1310.0,129.0,18.0,2.0,은색,고급,100.0
A사,1.0,15462.0,디젤,3596.0,372.0,7.8,0.0,,기본,6041.0
B사,6.0,100991.0,가솔린,3103.0,305.0,9.3,3.0,은색,중급,100.0
D사,11.0,156123.0,가솔린,1442.0,146.0,17.1,0.0,은색,고급,100.0
A사,5.0,53217.0,가솔린,2260.0,232.0,14.0,0.0,은색,기본,1431.0
B사,3.0,42298.0,디젤,1869.0,195.0,14.6,0.0,기타,기본,2454.0
B사,6.0,92562.0,전기,1584.0,165.0,15.4,0.0,흰색,,100.0
B사,1.0,151357.0,가솔린,2594.0,256.0,12.0,0.0,검정,기본,100.0
D사,12.0,239295.0,전기,3799.0,391.0,5.3,0.0,흰색,고급,100.0
B사,3.0,36492.0,가솔린,2537.0,252.0,12.1,0.0,은색,기본,3140.0
B사,1.0,15689.0,하이브리드,1359.0,130.0,17.2,1.0,은색,중급,4538.0
C사,9.0,133445.0,하이브리드,2723.0,267.0,12.6,2.0,흰색,고급,100.0
B사,11.0,212592.0,가솔린,3866.0,406.0,5.0,1.0,흰색,중급,100.0
A사,6.0,53405.0,디젤,3077.0,300.0,9.2,0.0,검정,,2193.0
B사,7.0,59886.0,가솔린,2802.0,293.0,11.4,2.0,은색,기본,539.0
A사,1.0,12022.0,가솔린,3011.0,290.0,8.6,3.0,흰색,중급,5615.0
A사,4.0,51065.0,디젤,3155.0,320.0,7.8,0.0,기타,기본,2489.0
B사,0.0,2327.0,하이브리드,1843.0,206.0,16.2,0.0,은색,고급,6343.0
,6.0,118926.0,전기,2625.0,279.0,11.4,0.0,은색,고급,100.0
D사,7.0,132800.0,가솔린,3764.0,370.0,5.3,0.0,검정,고급,100.0
B사,12.0,136423.0,디젤,1890.0,180.0,16.2,1.0,기타,고급,100.0
B사,5.0,68126.0,가솔린,2991.0,298.0,9.2,2.0,검정,고급,760.0
C사,4.0,63046.0,디젤,2982.0,315.0,9.8,0.0,기타,중급,1197.0
A사,14.0,124942.0,전기,1959.0,187.0,14.3,2.0,검정,,100.0
C사,5.0,45954.0,,2468.0,221.0,13.0,2.0,기타,기본,1859.0
A사,14.0,166341.0,하이브리드,3940.0,395.0,6.6,3.0,기타,중급,100.0
D사,1.0,21643.0,디젤,2461.0,256.0,10.8,0.0,기타,기본,4622.0
A사,0.0,2997.0,디젤,1731.0,163.0,16.5,3.0,흰색,고급,5949.0
B사,6.0,92024.0,하이브리드,1605.0,169.0,17.8,0.0,,기본,100.0
A사,6.0,117489.0,하이브리드,3504.0,340.0,7.1,0.0,,중급,100.0
D사,9.0,132453.0,디젤,1614.0,160.0,15.8,0.0,흰색,중급,100.0
B사,10.0,181621.0,하이브리드,3745.0,382.0,6.7,0.0,흰색,중급,100.0
B사,9.0,127632.0,전기,3004.0,289.0,11.0,1.0,검정,기본,100.0
A사,13.0,139719.0,가솔린,2719.0,274.0,12.3,0.0,은색,중급,100.0
C사,1.0,22145.0,전기,1673.0,179.0,17.0,0.0,,기본,4163.0
A사,1.0,18971.0,하이브리드,2270.0,232.0,13.7,0.0,검정,고급,5187.0
D사,0.0,1396.0,디젤,3590.0,206.0,6.2,1.0,은색,고급,7312.0
A사,9.0,153017.0,디젤,2587.0,274.0,12.9,0.0,검정,기본,100.0
,7.0,129792.0,전기,3904.0,397.0,6.3,2.0,흰색,중급,100.0
A사,14.0,187457.0,디젤,2611.0,242.0,10.8,0.0,흰색,기본,100.0
B사,7.0,85827.0,하이브리드,1896.0,198.0,15.9,0.0,기타,기본,100.0
B사,0.0,1648.0,전기,2462.0,240.0,13.3,0.0,검정,기본,6631.0
A사,11.0,137332.0,디젤,1277.0,130.0,19.5,0.0,흰색,고급,100.0
C사,10.0,157527.0,가솔린,1551.0,165.0,17.2,0.0,흰색,기본,100.0
B사,7.0,67463.0,가솔린,2636.0,258.0,11.0,0.0,검정,고급,471.0
B사,8.0,76277.0,하이브리드,3158.0,299.0,8.7,4.0,흰색,기본,100.0
B사,13.0,120576.0,디젤,3432.0,358.0,6.8,1.0,은색,고급,100.0
B사,3.0,31592.0,하이브리드,1760.0,188.0,16.1,0.0,흰색,기본,3133.0
B사,1.0,3016.0,,3741.0,373.0,6.0,0.0,검정,기본,7260.0
A사,0.0,4171.0,가솔린,2449.0,253.0,14.9,2.0,은색,중급,6229.0
A사,2.0,27090.0,전기,1404.0,137.0,18.9,0.0,은색,중급,3861.0
D사,14.0,226934.0,디젤,2358.0,237.0,14.2,0.0,흰색,기본,100.0
D사,13.0,232972.0,하이브리드,2232.0,222.0,14.3,1.0,기타,기본,100.0
B사,4.0,59868.0,하이브리드,1021.0,99.0,19.5,1.0,은색,기본,100.0
A사,4.0,75529.0,하이브리드,1677.0,171.0,16.3,0.0,검정,기본,100.0
C사,8.0,152456.0,전기,3658.0,354.0,6.5,0.0,기타,중급,100.0
B사,9.0,109527.0,가솔린,3028.0,300.0,10.0,0.0,기타,고급,100.0
A사,13.0,237478.0,전기,2231.0,226.0,14.2,1.0,은색,기본,100.0
A사,11.0,178497.0,전기,3055.0,324.0,9.7,0.0,흰색,중급,100.0
C사,1.0,22088.0,디젤,3749.0,363.0,6.0,0.0,기타,기본,5412.0
C사,1.0,127241.0,디젤,2808.0,286.0,10.4,0.0,흰색,기본,5242.0
A사,1.0,45204.0,디젤,1528.0,159.0,16.0,0.0,은색,고급,1871.0
A사,14.0,278397.0,가솔린,3037.0,285.0,11.1,3.0,검정,기본,100.0
A사,8.0,69485.0,가솔린,3649.0,369.0,9.0,2.0,기타,기본,180.0
C사,0.0,1939.0,디젤,2676.0,276.0,12.8,1.0,검정,고급,6642.0
A사,8.0,162212.0,디젤,1656.0,171.0,15.5,0.0,흰색,고급,100.0
A사,8.0,70699.0,가솔린,1165.0,116.0,20.0,0.0,흰색,고급,100.0
C사,12.0,190063.0,하이브리드,1848.0,188.0,16.8,0.0,,고급,100.0
,8.0,110373.0,가솔린,1495.0,151.0,17.1,0.0,은색,중급,100.0
C사,4.0,46421.0,가솔린,1589.0,142.0,17.5,4.0,은색,중급,915.0
A사,12.0,219180.0,가솔린,1428.0,145.0,17.4,0.0,기타,중급,100.0
A사,14.0,148411.0,디젤,3821.0,378.0,7.4,0.0,기타,기본,100.0
A사,8.0,156316.0,하이브리드,1162.0,109.0,19.6,0.0,은색,고급,100.0
C사,10.0,177783.0,가솔린,3413.0,366.0,7.0,1.0,은색,고급,100.0
D사,3.0,26995.0,디젤,2262.0,239.0,14.4,0.0,검정,중급,3652.0
D사,1.0,21287.0,전기,1071.0,96.0,20.7,0.0,흰색,기본,3477.0
B사,12.0,208672.0,전기,1654.0,169.0,16.9,0.0,흰색,기본,100.0
C사,5.0,127241.0,가솔린,1268.0,141.0,19.1,2.0,기타,기본,100.0
A사,13.0,127241.0,전기,2776.0,263.0,11.1,0.0,은색,중급,100.0
A사,3.0,44014.0,하이브리드,3462.0,347.0,6.6,3.0,검정,기본,2974.0
D사,5.0,62256.0,전기,2268.0,228.0,13.5,2.0,기타,기본,100.0
A사,2.0,37539.0,전기,2015.0,189.0,15.4,0.0,검정,기본,3043.0
A사,5.0,85517.0,하이브리드,3722.0,376.0,6.3,1.0,은색,고급,100.0
,1.0,19239.0,가솔린,2083.0,219.0,15.4,0.0,은색,중급,5092.0
A사,1.0,22776.0,가솔린,1005.0,116.0,5.3,4.0,은색,고급,3523.0
A사,12.0,119680.0,하이브리드,1981.0,196.0,14.8,0.0,흰색,고급,100.0
B사,8.0,127241.0,하이브리드,3617.0,387.0,7.7,0.0,은색,중급,100.0
B사,6.0,88257.0,하이브리드,1406.0,120.0,18.2,0.0,기타,고급,100.0
D사,2.0,31462.0,전기,2953.0,299.0,9.8,0.0,흰색,기본,3712.0
D사,12.0,113924.0,하이브리드,3073.0,293.0,10.7,4.0,검정,기본,100.0
B사,10.0,155133.0,디젤,1985.0,199.0,14.4,0.0,기타,기본,100.0
A사,0.0,2815.0,전기,1389.0,134.0,17.3,1.0,기타,기본,5517.0
B사,7.0,140914.0,가솔린,1709.0,176.0,13.6,0.0,검정,중급,100.0
B사,13.0,225136.0,가솔린,3618.0,361.0,6.4,3.0,흰색,고급,100.0
A사,5.0,77000.0,가솔린,2471.0,239.0,14.0,0.0,기타,고급,100.0
C사,6.0,93795.0,전기,1753.0,168.0,14.2,0.0,기타,기본,100.0
B사,8.0,119501.0,디젤,3193.0,339.0,8.1,0.0,기타,기본,100.0
B사,4.0,42905.0,하이브리드,2411.0,246.0,13.4,1.0,흰색,고급,2623.0
B사,14.0,269088.0,하이브리드,3832.0,366.0,3.6,0.0,흰색,중급,100.0
A사,0.0,4992.0,가솔린,2272.0,233.0,13.1,0.0,흰색,고급,6464.0
D사,11.0,189728.0,가솔린,1525.0,151.0,18.5,0.0,기타,기본,100.0
C사,9.0,155393.0,전기,2485.0,249.0,14.6,1.0,은색,기본,100.0
A사,6.0,118453.0,디젤,3060.0,314.0,10.0,0.0,검정,중급,100.0
D사,14.0,199750.0,하이브리드,3950.0,407.0,4.3,0.0,은색,,100.0
B사,4.0,41207.0,전기,3431.0,335.0,6.9,0.0,흰색,중급,3104.0
D사,2.0,29409.0,,1555.0,155.0,17.4,2.0,기타,중급,2933.0
C사,11.0,190280.0,가솔린,3934.0,388.0,5.6,3.0,기타,기본,100.0
B사,12.0,226451.0,하이브리드,1018.0,108.0,21.8,0.0,은색,고급,100.0
A사,8.0,66780.0,디젤,1574.0,155.0,18.1,0.0,은색,기본,100.0
A사,0.0,1170.0,디젤,3798.0,380.0,6.1,0.0,검정,고급,8024.0
,0.0,3456.0,가솔린,2003.0,198.0,14.6,0.0,기타,기본,6141.0
C사,1.0,1739.0,디젤,3466.0,346.0,10.7,0.0,은색,기본,7179.0
A사,2.0,31089.0,디젤,3466.0,364.0,8.3,1.0,검정,고급,4924.0
A사,11.0,155828.0,전기,2938.0,318.0,9.6,0.0,흰색,고급,100.0
D사,5.0,74625.0,하이브리드,2939.0,298.0,10.1,3.0,은색,기본,100.0
D사,9.0,120844.0,가솔린,2635.0,263.0,10.9,0.0,흰색,고급,100.0
B사,10.0,123204.0,가솔린,2698.0,254.0,9.1,1.0,검정,기본,100.0
A사,2.0,39015.0,가솔린,3169.0,309.0,9.5,0.0,흰색,고급,4057.0
A사,7.0,118935.0,가솔린,1431.0,142.0,19.6,0.0,기타,기본,100.0
A사,13.0,243817.0,가솔린,3091.0,302.0,7.9,0.0,기타,기본,100.0
D사,13.0,127241.0,디젤,2895.0,283.0,10.6,0.0,,기본,100.0
A사,9.0,127241.0,전기,2943.0,310.0,9.6,0.0,기타,중급,100.0
B사,1.0,11953.0,가솔린,2340.0,234.0,13.8,1.0,검정,고급,5759.0
A사,13.0,185671.0,전기,3428.0,344.0,7.7,3.0,기타,기본,100.0
B사,8.0,116075.0,전기,1144.0,108.0,17.9,0.0,흰색,중급,100.0
C사,2.0,34461.0,디젤,3410.0,353.0,7.0,0.0,흰색,기본,4022.0
D사,4.0,53507.0,가솔린,2073.0,205.0,13.8,0.0,흰색,중급,1306.0
A사,9.0,134196.0,디젤,2088.0,204.0,15.9,0.0,은색,기본,100.0
A사,7.0,127269.0,가솔린,3402.0,324.0,9.3,0.0,흰색,기본,100.0
A사,1.0,24656.0,디젤,1799.0,179.0,15.7,1.0,검정,중급,4054.0
D사,5.0,47445.0,전기,3873.0,382.0,6.9,4.0,기타,중급,2096.0
D사,11.0,217937.0,가솔린,2151.0,232.0,14.1,3.0,기타,고급,100.0
B사,4.0,67938.0,하이브리드,3445.0,363.0,7.4,0.0,은색,고급,1710.0
C사,12.0,174185.0,전기,2956.0,283.0,10.3,2.0,은색,중급,100.0
C사,9.0,79923.0,하이브리드,3927.0,381.0,5.6,1.0,검정,고급,100.0
,8.0,127241.0,전기,1462.0,143.0,17.1,0.0,흰색,중급,100.0
D사,11.0,141550.0,디젤,2774.0,269.0,11.2,0.0,은색,고급,100.0
B사,4.0,37773.0,가솔린,3045.0,307.0,10.6,2.0,기타,기본,3007.0
B사,1.0,14249.0,전기,1807.0,177.0,16.1,0.0,은색,고급,5163.0
B사,4.0,64255.0,,1186.0,121.0,19.1,0.0,은색,기본,100.0
A사,14.0,260810.0,가솔린,2743.0,284.0,11.8,0.0,흰색,기본,100.0
A사,11.0,102182.0,가솔린,1731.0,162.0,17.0,0.0,은색,고급,100.0
C사,3.0,39255.0,전기,2935.0,206.0,10.3,0.0,검정,중급,3269.0
A사,14.0,218954.0,가솔린,2213.0,214.0,13.5,3.0,기타,기본,100.0
C사,10.0,147186.0,전기,2411.0,263.0,13.1,1.0,흰색,기본,100.0
A사,6.0,66527.0,가솔린,1428.0,159.0,16.3,1.0,기타,고급,100.0
B사,5.0,93186.0,하이브리드,3905.0,389.0,5.3,0.0,검정,,100.0
A사,13.0,156471.0,디젤,2307.0,221.0,11.0,1.0,검정,중급,100.0
B사,1.0,12436.0,하이브리드,3284.0,317.0,6.9,0.0,은색,고급,6341.0
C사,11.0,164262.0,전기,2217.0,230.0,12.1,0.0,은색,중급,100.0
A사,10.0,107689.0,하이브리드,2310.0,231.0,14.5,0.0,은색,고급,100.0
B사,10.0,85012.0,전기,1770.0,186.0,16.2,0.0,기타,고급,100.0
B사,12.0,131328.0,가솔린,1757.0,198.0,15.0,0.0,검정,고급,100.0
C사,4.0,51867.0,가솔린,1135.0,106.0,19.8,0.0,흰색,기본,616.0
D사,6.0,104158.0,전기,1791.0,167.0,17.0,0.0,은색,기본,100.0
C사,10.0,202818.0,하이브리드,1170.0,119.0,19.7,0.0,기타,기본,100.0
A사,6.0,86265.0,가솔린,3206.0,332.0,8.8,4.0,은색,고급,100.0
A사,14.0,201658.0,디젤,3248.0,315.0,9.0,0.0,검정,기본,100.0
A사,4.0,55810.0,가솔린,2580.0,258.0,13.0,1.0,흰색,,1496.0
B사,11.0,186113.0,디젤,1961.0,210.0,14.7,0.0,검정,기본,100.0
A사,14.0,256551.0,하이브리드,3630.0,347.0,6.9,0.0,기타,고급,100.0
B사,8.0,133106.0,디젤,1875.0,190.0,15.4,4.0,은색,고급,100.0
B사,3.0,29092.0,디젤,3418.0,336.0,6.3,0.0,검정,고급,4717.0
B사,10.0,151214.0,디젤,1102.0,111.0,20.4,0.0,기타,기본,100.0
C사,2.0,28528.0,디젤,2001.0,207.0,17.1,1.0,은색,중급,3534.0
A사,14.0,140276.0,가솔린,2148.0,217.0,13.4,0.0,흰색,기본,100.0
A사,3.0,42846.0,디젤,3845.0,374.0,6.7,2.0,검정,기본,3531.0
C사,4.0,42347.0,,2481.0,243.0,11.8,0.0,은색,고급,2681.0
B사,12.0,149172.0,디젤,1657.0,180.0,16.8,0.0,은색,고급,100.0
C사,5.0,65175.0,전기,3929.0,396.0,6.9,0.0,은색,기본,1412.0
B사,2.0,33660.0,하이브리드,2220.0,230.0,13.4,0.0,은색,기본,3575.0
A사,1.0,12589.0,디젤,3780.0,381.0,6.1,2.0,검정,중급,6179.0
D사,13.0,230948.0,전기,1422.0,150.0,16.1,1.0,은색,중급,100.0
C사,12.0,161922.0,디젤,3619.0,358.0,6.2,0.0,기타,고급,100.0
C사,3.0,52636.0,디젤,1170.0,109.0,17.2,0.0,검정,중급,1096.0
A사,4.0,75580.0,디젤,3220.0,330.0,9.3,1.0,,중급,515.0
B사,3.0,42429.0,전기,3710.0,382.0,7.3,0.0,검정,고급,3875.0
B사,13.0,243013.0,,1452.0,136.0,17.5,0.0,기타,중급,100.0
A사,10.0,202059.0,전기,3397.0,334.0,5.3,0.0,기타,기본,100.0
D사,12.0,186219.0,하이브리드,2975.0,296.0,9.8,0.0,검정,중급,100.0
A사,14.0,270304.0,디젤,2657.0,282.0,12.5,1.0,은색,고급,100.0
D사,11.0,106943.0,,3541.0,360.0,7.4,4.0,은색,기본,100.0
B사,2.0,24127.0,디젤,3667.0,353.0,4.7,0.0,,중급,5375.0
