region,area_sqm,num_rooms,num_bathrooms,building_age,building_material,parking_spaces,subway_stations_1km,amenities_500m,school_score,price_eok
서초,105.0,4.0,3.0,12.0,목조,1.0,1.0,11.0,7.0,29.7
서초,105.0,2.0,3.0,13.0,목조,2.0,3.0,2.0,3.0,29.6
강남,128.0,1.0,2.0,18.0,벽돌,2.0,,11.0,9.0,30.3
강남,137.0,2.0,1.0,13.0,벽돌,2.0,0.0,5.0,3.0,29.1
서초,115.0,1.0,1.0,38.0,철근콘크리트,1.0,3.0,10.0,4.0,26.4
마포,192.0,2.0,3.0,13.0,목조,2.0,2.0,8.0,8.0,36.4
강북,66.0,4.0,3.0,39.0,벽돌,1.0,1.0,13.0,4.0,12.1
마포,96.0,,2.0,24.0,철근콘크리트,2.0,2.0,12.0,7.0,26.0
마포,180.0,1.0,2.0,29.0,철근콘크리트,3.0,0.0,2.0,6.0,25.9
강남,195.0,3.0,3.0,37.0,목조,,1.0,7.0,5.0,33.8
서초,73.0,3.0,3.0,30.0,철근콘크리트,2.0,0.0,1.0,2.0,16.9
강북,131.0,4.0,2.0,29.0,목조,2.0,1.0,5.0,9.0,23.0
강남,196.0,3.0,3.0,39.0,벽돌,3.0,0.0,0.0,7.0,31.8
마포,73.0,3.0,3.0,11.0,목조,2.0,1.0,1.0,6.0,26.3
기타,199.0,2.0,2.0,5.0,철근콘크리트,2.0,1.0,1.0,3.0,28.5
강남,77.0,5.0,3.0,17.0,목조,1.0,0.0,13.0,3.0,24.6
강남,113.0,5.0,3.0,11.0,벽돌,1.0,0.0,9.0,2.0,28.5
서초,198.0,5.0,1.0,1.0,철근콘크리트,2.0,2.0,14.0,9.0,45.0
마포,166.0,5.0,3.0,34.0,철근콘크리트,2.0,3.0,13.0,1.0,30.1
강남,104.0,4.0,2.0,37.0,벽돌,1.0,0.0,2.0,4.0,22.2
서초,134.0,5.0,3.0,34.0,벽돌,2.0,1.0,8.0,2.0,25.9
서초,73.0,3.0,3.0,16.0,목조,2.0,0.0,7.0,1.0,24.2
강남,91.0,5.0,2.0,39.0,벽돌,1.0,2.0,4.0,1.0,23.7
강남,89.0,3.0,1.0,22.0,철근콘크리트,1.0,0.0,11.0,7.0,25.6
강남,129.0,3.0,1.0,16.0,,2.0,3.0,6.0,6.0,35.8
기타,105.0,3.0,2.0,2.0,목조,2.0,3.0,8.0,10.0,28.4
서초,184.0,4.0,2.0,2.0,벽돌,2.0,0.0,10.0,3.0,35.5
서초,182.0,4.0,2.0,10.0,목조,2.0,0.0,10.0,6.0,35.2
마포,188.0,2.0,1.0,14.0,벽돌,3.0,0.0,6.0,7.0,31.1
서초,185.0,5.0,2.0,12.0,벽돌,3.0,3.0,9.0,1.0,39.0
기타,90.0,2.0,2.0,3.0,철근콘크리트,2.0,1.0,11.0,5.0,20.0
마포,73.0,2.0,1.0,1.0,목조,1.0,3.0,0.0,6.0,27.5
강북,56.0,4.0,2.0,0.0,철근콘크리트,1.0,1.0,7.0,3.0,17.8
강북,160.0,2.0,2.0,34.0,벽돌,2.0,1.0,0.0,2.0,20.7
기타,159.0,5.0,2.0,21.0,벽돌,2.0,1.0,0.0,2.0,22.2
강북,193.0,4.0,3.0,12.0,목조,3.0,1.0,9.0,3.0,29.3
마포,171.0,4.0,2.0,26.0,목조,2.0,2.0,3.0,6.0,31.2
마포,71.0,4.0,2.0,30.0,목조,2.0,2.0,7.0,6.0,20.8
서초,131.0,2.0,2.0,22.0,철근콘크리트,1.0,1.0,12.0,8.0,29.9
기타,157.0,3.0,1.0,8.0,목조,2.0,3.0,5.0,10.0,32.7
강남,193.0,2.0,,19.0,목조,2.0,2.0,9.0,9.0,40.9
강남,73.0,4.0,2.0,8.0,철근콘크리트,1.0,3.0,8.0,8.0,33.5
마포,102.0,1.0,1.0,8.0,벽돌,1.0,3.0,9.0,1.0,26.5
마포,171.0,2.0,3.0,16.0,벽돌,2.0,3.0,7.0,9.0,36.1
강남,93.0,1.0,2.0,6.0,목조,2.0,1.0,9.0,9.0,31.0
강남,57.0,1.0,3.0,27.0,목조,1.0,1.0,6.0,1.0,18.9
서초,102.0,3.0,2.0,24.0,철근콘크리트,1.0,1.0,9.0,6.0,25.8
강남,69.0,5.0,3.0,33.0,철근콘크리트,1.0,1.0,12.0,6.0,24.0
마포,187.0,1.0,2.0,37.0,벽돌,3.0,2.0,3.0,4.0,28.1
강북,180.0,4.0,3.0,32.0,철근콘크리트,2.0,1.0,2.0,10.0,26.8
서초,66.0,5.0,2.0,22.0,목조,1.0,1.0,11.0,5.0,23.3
서초,159.0,4.0,2.0,6.0,,2.0,0.0,7.0,2.0,31.4
강남,102.0,2.0,1.0,34.0,목조,2.0,1.0,12.0,3.0,24.1
강남,82.0,1.0,2.0,1.0,철근콘크리트,1.0,3.0,9.0,8.0,34.4
서초,180.0,5.0,1.0,33.0,목조,2.0,1.0,0.0,9.0,33.4
강남,129.0,4.0,3.0,2.0,벽돌,2.0,0.0,0.0,2.0,30.5
서초,78.0,5.0,3.0,27.0,벽돌,1.0,3.0,13.0,2.0,26.2
강남,161.0,2.0,1.0,,목조,2.0,2.0,5.0,2.0,30.0
강남,178.0,1.0,3.0,1.0,목조,2.0,2.0,11.0,9.0,42.7
강남,101.0,,2.0,15.0,벽돌,2.0,3.0,9.0,7.0,33.0
강북,134.0,4.0,1.0,37.0,철근콘크리트,1.0,3.0,4.0,4.0,22.4
강남,173.0,1.0,1.0,36.0,벽돌,2.0,1.0,12.0,9.0,28.3
기타,136.0,2.0,3.0,0.0,철근콘크리트,2.0,2.0,1.0,4.0,25.7
강북,144.0,1.0,2.0,27.0,철근콘크리트,2.0,1.0,11.0,6.0,21.6
강북,199.0,2.0,1.0,23.0,목조,2.0,,10.0,7.0,30.8
서초,162.0,1.0,3.0,29.0,벽돌,2.0,,5.0,2.0,25.4
강북,51.0,3.0,3.0,3.0,,1.0,2.0,5.0,2.0,17.6
강남,155.0,5.0,2.0,22.0,목조,2.0,1.0,13.0,3.0,33.4
강남,93.0,5.0,2.0,37.0,벽돌,1.0,1.0,8.0,5.0,24.7
서초,196.0,3.0,1.0,24.0,벽돌,2.0,1.0,8.0,2.0,33.1
마포,166.0,5.0,2.0,28.0,철근콘크리트,2.0,1.0,6.0,4.0,28.1
서초,51.0,4.0,2.0,16.0,벽돌,2.0,,12.0,3.0,19.6
서초,73.0,2.0,2.0,39.0,철근콘크리트,2.0,1.0,4.0,3.0,20.9
강북,163.0,1.0,3.0,14.0,철근콘크리트,2.0,1.0,10.0,4.0,25.0
서초,69.0,2.0,1.0,31.0,벽돌,2.0,3.0,8.0,7.0,25.0
강남,162.0,2.0,1.0,24.0,철근콘크리트,2.0,2.0,7.0,9.0,36.6
서초,94.0,5.0,2.0,18.0,철근콘크리트,2.0,0.0,13.0,4.0,24.6
서초,62.0,2.0,2.0,17.0,벽돌,1.0,3.0,14.0,5.0,26.7
마포,96.0,1.0,2.0,10.0,목조,2.0,3.0,5.0,5.0,27.1
강남,141.0,,2.0,28.0,철근콘크리트,2.0,2.0,2.0,10.0,34.2
마포,56.0,1.0,3.0,39.0,목조,1.0,0.0,10.0,1.0,9.8
서초,102.0,5.0,3.0,26.0,목조,1.0,3.0,5.0,7.0,30.5
서초,112.0,5.0,1.0,26.0,목조,2.0,0.0,8.0,1.0,22.8
강북,56.0,1.0,1.0,32.0,목조,1.0,3.0,14.0,2.0,16.1
기타,133.0,3.0,1.0,0.0,벽돌,2.0,3.0,5.0,2.0,27.5
강남,156.0,1.0,1.0,4.0,목조,2.0,2.0,12.0,2.0,36.5
강남,177.0,,3.0,,목조,2.0,2.0,4.0,1.0,36.2
강남,134.0,5.0,1.0,2.0,철근콘크리트,2.0,3.0,7.0,9.0,41.7
강남,128.0,5.0,3.0,28.0,목조,2.0,3.0,3.0,5.0,33.5
기타,135.0,4.0,2.0,26.0,목조,2.0,3.0,14.0,1.0,23.2
강남,139.0,3.0,3.0,15.0,목조,2.0,2.0,14.0,8.0,36.8
강남,136.0,5.0,3.0,36.0,목조,,2.0,0.0,4.0,27.9
서초,172.0,3.0,2.0,14.0,목조,2.0,2.0,10.0,10.0,38.9
강북,74.0,1.0,2.0,23.0,벽돌,1.0,0.0,12.0,3.0,12.0
강남,108.0,1.0,3.0,11.0,철근콘크리트,,3.0,11.0,8.0,35.2
마포,104.0,4.0,3.0,0.0,벽돌,1.0,3.0,1.0,1.0,29.0
강북,194.0,1.0,2.0,26.0,벽돌,3.0,2.0,12.0,10.0,30.9
서초,175.0,5.0,1.0,1.0,벽돌,2.0,3.0,9.0,9.0,44.2
마포,156.0,5.0,1.0,0.0,목조,2.0,1.0,4.0,1.0,31.0
서초,180.0,4.0,2.0,30.0,벽돌,2.0,1.0,9.0,2.0,31.9
서초,73.0,3.0,1.0,15.0,벽돌,1.0,0.0,7.0,4.0,21.5
강북,119.0,3.0,2.0,22.0,철근콘크리트,2.0,0.0,12.0,2.0,17.2
강북,75.0,5.0,2.0,6.0,목조,1.0,3.0,5.0,7.0,24.8
강남,67.0,2.0,2.0,1.0,벽돌,1.0,2.0,1.0,3.0,28.1
기타,139.0,5.0,2.0,13.0,철근콘크리트,2.0,1.0,9.0,10.0,26.7
강남,179.0,1.0,1.0,24.0,목조,2.0,0.0,9.0,7.0,33.0
강남,99.0,3.0,2.0,30.0,목조,2.0,0.0,14.0,4.0,23.8
강남,163.0,4.0,1.0,1.0,철근콘크리트,2.0,3.0,3.0,6.0,42.4
기타,139.0,4.0,2.0,32.0,목조,2.0,3.0,1.0,5.0,23.1
강북,74.0,2.0,2.0,5.0,벽돌,1.0,2.0,2.0,1.0,18.1
마포,93.0,5.0,1.0,,벽돌,1.0,3.0,3.0,4.0,26.1
기타,121.0,3.0,3.0,31.0,벽돌,2.0,2.0,13.0,4.0,19.7
마포,90.0,4.0,1.0,34.0,벽돌,1.0,1.0,9.0,2.0,18.1
강북,195.0,4.0,3.0,23.0,,2.0,0.0,14.0,7.0,27.8
기타,99.0,1.0,1.0,32.0,목조,1.0,1.0,3.0,8.0,15.3
마포,73.0,2.0,2.0,14.0,목조,2.0,1.0,5.0,4.0,27.5
강남,50.0,2.0,3.0,15.0,철근콘크리트,1.0,0.0,13.0,1.0,19.8
마포,158.0,1.0,2.0,11.0,철근콘크리트,2.0,3.0,5.0,7.0,34.1
마포,103.0,5.0,1.0,38.0,목조,1.0,0.0,13.0,6.0,19.5
강북,172.0,3.0,1.0,13.0,벽돌,2.0,3.0,11.0,10.0,34.2
강남,99.0,2.0,3.0,16.0,벽돌,1.0,2.0,6.0,1.0,27.8
마포,134.0,2.0,3.0,16.0,철근콘크리트,2.0,,5.0,4.0,23.7
강남,115.0,2.0,1.0,18.0,벽돌,2.0,1.0,10.0,2.0,22.9
강북,143.0,4.0,2.0,31.0,철근콘크리트,2.0,0.0,12.0,9.0,21.8
강북,137.0,1.0,3.0,12.0,벽돌,2.0,3.0,9.0,2.0,28.2
강북,162.0,4.0,3.0,13.0,철근콘크리트,2.0,0.0,12.0,8.0,26.8
강남,196.0,3.0,2.0,14.0,철근콘크리트,3.0,2.0,9.0,9.0,42.7
서초,64.0,1.0,2.0,29.0,,1.0,2.0,2.0,2.0,19.3
강북,184.0,3.0,1.0,10.0,목조,2.0,2.0,0.0,5.0,30.4
서초,57.0,2.0,3.0,3.0,벽돌,1.0,1.0,6.0,6.0,24.7
강북,62.0,5.0,1.0,17.0,목조,1.0,0.0,5.0,3.0,13.3
강북,98.0,2.0,1.0,35.0,목조,2.0,1.0,5.0,5.0,14.8
강남,92.0,2.0,3.0,33.0,벽돌,2.0,1.0,13.0,3.0,23.4
기타,179.0,4.0,2.0,1.0,목조,2.0,1.0,3.0,6.0,30.0
강남,99.0,2.0,1.0,1.0,벽돌,2.0,0.0,5.0,7.0,30.4
서초,80.0,4.0,2.0,28.0,철근콘크리트,2.0,2.0,10.0,10.0,27.4
서초,181.0,2.0,3.0,,목조,2.0,3.0,2.0,5.0,37.6
강남,67.0,4.0,2.0,,철근콘크리트,1.0,2.0,13.0,5.0,25.3
마포,73.0,3.0,1.0,13.0,벽돌,1.0,3.0,1.0,3.0,22.3
강남,73.0,5.0,1.0,37.0,벽돌,2.0,2.0,3.0,1.0,32.0
서초,143.0,5.0,3.0,25.0,목조,2.0,0.0,13.0,7.0,29.6
강남,190.0,2.0,1.0,3.0,철근콘크리트,2.0,2.0,11.0,6.0,42.5
마포,154.0,2.0,2.0,37.0,목조,2.0,1.0,11.0,6.0,25.1
마포,163.0,5.0,2.0,15.0,목조,2.0,1.0,12.0,2.0,30.0
서초,97.0,4.0,3.0,33.0,철근콘크리트,1.0,1.0,7.0,2.0,21.8
강남,86.0,5.0,3.0,8.0,벽돌,2.0,3.0,1.0,7.0,34.1
기타,73.0,3.0,2.0,21.0,벽돌,1.0,1.0,13.0,9.0,17.6
서초,110.0,2.0,,24.0,목조,2.0,0.0,6.0,2.0,21.8
강북,133.0,4.0,1.0,25.0,철근콘크리트,2.0,0.0,8.0,4.0,19.1
마포,161.0,4.0,1.0,35.0,벽돌,3.0,0.0,7.0,4.0,23.8
강남,199.0,5.0,1.0,,철근콘크리트,3.0,2.0,6.0,8.0,45.2
마포,172.0,1.0,2.0,37.0,철근콘크리트,3.0,3.0,12.0,1.0,28.0
강남,81.0,4.0,3.0,29.0,벽돌,1.0,2.0,14.0,3.0,26.2
마포,144.0,1.0,3.0,33.0,목조,2.0,0.0,5.0,1.0,19.3
강남,61.0,4.0,2.0,30.0,철근콘크리트,1.0,1.0,5.0,2.0,20.6
서초,85.0,4.0,2.0,15.0,철근콘크리트,2.0,3.0,14.0,3.0,29.4
기타,182.0,2.0,1.0,26.0,철근콘크리트,2.0,0.0,12.0,3.0,21.7
기타,81.0,1.0,2.0,28.0,벽돌,2.0,3.0,9.0,5.0,17.4
강남,171.0,2.0,1.0,5.0,목조,3.0,0.0,7.0,5.0,35.3
기타,73.0,5.0,3.0,36.0,철근콘크리트,2.0,2.0,13.0,9.0,24.7
서초,161.0,5.0,2.0,34.0,목조,2.0,3.0,2.0,7.0,34.5
기타,181.0,3.0,3.0,8.0,철근콘크리트,2.0,1.0,4.0,1.0,25.9
서초,179.0,4.0,1.0,21.0,철근콘크리트,2.0,2.0,0.0,5.0,35.2
강남,194.0,5.0,3.0,20.0,철근콘크리트,2.0,1.0,5.0,10.0,41.0
서초,145.0,4.0,2.0,20.0,철근콘크리트,2.0,3.0,14.0,7.0,36.4
강북,162.0,3.0,1.0,27.0,철근콘크리트,2.0,0.0,5.0,7.0,22.3
서초,96.0,4.0,1.0,22.0,목조,2.0,3.0,1.0,2.0,30.8
서초,93.0,5.0,2.0,21.0,벽돌,2.0,0.0,5.0,7.0,25.4
강남,176.0,1.0,3.0,30.0,벽돌,,0.0,12.0,6.0,31.3
마포,95.0,4.0,1.0,18.0,철근콘크리트,1.0,0.0,14.0,7.0,22.8
마포,127.0,4.0,1.0,10.0,벽돌,1.0,0.0,14.0,7.0,27.6
마포,101.0,1.0,2.0,3.0,목조,2.0,3.0,14.0,5.0,29.9
강북,182.0,3.0,1.0,20.0,철근콘크리트,2.0,3.0,0.0,8.0,31.7
서초,132.0,4.0,3.0,5.0,벽돌,2.0,1.0,1.0,5.0,31.8
강남,129.0,1.0,3.0,35.0,목조,2.0,2.0,11.0,8.0,30.5
강북,157.0,4.0,2.0,13.0,철근콘크리트,,0.0,0.0,1.0,21.6
마포,97.0,4.0,1.0,24.0,목조,2.0,1.0,13.0,6.0,23.2
마포,52.0,3.0,3.0,,철근콘크리트,1.0,0.0,0.0,7.0,12.4
마포,177.0,1.0,2.0,3.0,철근콘크리트,2.0,2.0,1.0,9.0,36.2
서초,178.0,3.0,1.0,21.0,목조,2.0,3.0,6.0,10.0,39.7
기타,119.0,5.0,2.0,28.0,목조,1.0,1.0,2.0,7.0,19.5
강북,93.0,3.0,2.0,29.0,목조,1.0,,12.0,8.0,20.2
강남,125.0,1.0,2.0,6.0,벽돌,2.0,0.0,13.0,1.0,28.6
강남,151.0,5.0,3.0,14.0,목조,2.0,2.0,4.0,2.0,35.2
강남,73.0,3.0,2.0,5.0,목조,1.0,2.0,3.0,2.0,28.2
강남,66.0,4.0,3.0,32.0,철근콘크리트,1.0,1.0,12.0,7.0,23.9
강남,152.0,5.0,1.0,10.0,목조,2.0,2.0,7.0,1.0,35.9
기타,73.0,3.0,3.0,33.0,벽돌,1.0,1.0,7.0,5.0,11.8
마포,167.0,3.0,2.0,37.0,벽돌,3.0,2.0,8.0,7.0,29.1
기타,165.0,3.0,2.0,11.0,벽돌,2.0,1.0,3.0,4.0,25.1
서초,73.0,1.0,3.0,26.0,목조,2.0,2.0,11.0,9.0,36.9
강북,74.0,,2.0,12.0,목조,1.0,2.0,13.0,4.0,18.8
강북,76.0,4.0,2.0,21.0,철근콘크리트,1.0,1.0,1.0,3.0,15.0
강북,139.0,3.0,3.0,17.0,목조,2.0,2.0,3.0,4.0,24.3
서초,82.0,4.0,1.0,8.0,목조,1.0,0.0,1.0,5.0,24.2
마포,180.0,4.0,3.0,18.0,벽돌,3.0,3.0,2.0,8.0,36.6
강남,96.0,1.0,2.0,30.0,벽돌,1.0,3.0,4.0,3.0,27.0
마포,124.0,3.0,2.0,24.0,목조,2.0,0.0,5.0,10.0,24.6
강남,66.0,4.0,3.0,36.0,철근콘크리트,1.0,1.0,9.0,2.0,20.3
서초,102.0,5.0,3.0,8.0,목조,2.0,1.0,5.0,5.0,29.1
강북,163.0,5.0,3.0,11.0,목조,2.0,0.0,14.0,7.0,27.5
강남,89.0,3.0,,23.0,벽돌,1.0,2.0,1.0,1.0,25.4
서초,146.0,1.0,3.0,13.0,목조,2.0,0.0,8.0,7.0,29.8
강남,78.0,2.0,1.0,28.0,벽돌,1.0,3.0,5.0,5.0,27.2
마포,189.0,1.0,3.0,30.0,목조,3.0,3.0,4.0,9.0,34.3
서초,179.0,2.0,2.0,0.0,벽돌,3.0,3.0,7.0,3.0,40.1
강북,142.0,5.0,2.0,33.0,벽돌,2.0,3.0,11.0,4.0,25.2
강북,187.0,2.0,1.0,24.0,철근콘크리트,3.0,1.0,10.0,2.0,24.9
강남,188.0,4.0,2.0,30.0,철근콘크리트,3.0,1.0,2.0,3.0,33.5
강북,97.0,4.0,1.0,7.0,철근콘크리트,2.0,2.0,14.0,3.0,23.2
기타,160.0,2.0,1.0,6.0,목조,2.0,0.0,12.0,6.0,25.0
마포,118.0,1.0,1.0,29.0,벽돌,2.0,1.0,7.0,8.0,23.2
서초,81.0,5.0,,29.0,목조,1.0,0.0,5.0,1.0,18.8
강북,71.0,2.0,3.0,25.0,벽돌,1.0,1.0,9.0,3.0,13.5
강남,78.0,3.0,3.0,11.0,벽돌,,2.0,14.0,7.0,31.0
서초,164.0,3.0,1.0,34.0,목조,2.0,1.0,4.0,7.0,30.0
마포,153.0,1.0,3.0,12.0,철근콘크리트,2.0,1.0,2.0,9.0,30.1
강북,185.0,3.0,2.0,7.0,벽돌,2.0,2.0,10.0,6.0,32.6
서초,196.0,4.0,3.0,19.0,철근콘크리트,3.0,2.0,9.0,1.0,36.2
마포,127.0,1.0,2.0,24.0,목조,1.0,3.0,8.0,7.0,28.7
강남,139.0,5.0,3.0,28.0,벽돌,1.0,2.0,4.0,9.0,34.7
서초,102.0,,3.0,26.0,철근콘크리트,2.0,0.0,10.0,2.0,22.0
마포,99.0,4.0,3.0,38.0,철근콘크리트,,,5.0,10.0,23.5
강남,198.0,4.0,2.0,4.0,목조,3.0,0.0,2.0,8.0,40.2
마포,158.0,5.0,3.0,34.0,벽돌,2.0,3.0,14.0,8.0,32.9
기타,60.0,3.0,2.0,36.0,벽돌,1.0,3.0,7.0,9.0,16.5
강남,112.0,5.0,3.0,15.0,목조,1.0,3.0,4.0,1.0,32.6
강북,118.0,5.0,1.0,9.0,철근콘크리트,1.0,2.0,4.0,6.0,25.9
강북,84.0,1.0,2.0,22.0,벽돌,1.0,1.0,13.0,4.0,15.8
서초,188.0,2.0,3.0,23.0,철근콘크리트,3.0,2.0,0.0,10.0,37.2
강북,194.0,4.0,3.0,25.0,벽돌,3.0,1.0,13.0,2.0,26.7
강북,179.0,2.0,1.0,32.0,목조,3.0,1.0,6.0,10.0,26.1
강북,91.0,4.0,1.0,28.0,벽돌,2.0,1.0,14.0,9.0,19.4
서초,198.0,4.0,2.0,17.0,철근콘크리트,2.0,2.0,4.0,8.0,39.8
강남,62.0,5.0,1.0,24.0,목조,1.0,1.0,11.0,7.0,25.5
기타,160.0,4.0,3.0,4.0,벽돌,2.0,3.0,10.0,4.0,31.2
마포,120.0,3.0,1.0,30.0,벽돌,2.0,3.0,14.0,6.0,27.9
강남,190.0,3.0,3.0,0.0,목조,3.0,2.0,1.0,2.0,44.1
서초,147.0,1.0,1.0,24.0,철근콘크리트,1.0,2.0,11.0,5.0,31.0
기타,147.0,1.0,2.0,33.0,벽돌,2.0,2.0,2.0,10.0,22.8
서초,60.0,1.0,3.0,35.0,철근콘크리트,2.0,1.0,3.0,9.0,19.3
강북,101.0,2.0,1.0,38.0,벽돌,1.0,3.0,5.0,1.0,16.5
마포,136.0,4.0,1.0,17.0,철근콘크리트,2.0,0.0,12.0,8.0,27.4
강남,132.0,5.0,3.0,17.0,목조,2.0,0.0,12.0,10.0,33.5
강북,188.0,2.0,1.0,15.0,벽돌,3.0,2.0,4.0,5.0,29.7
강남,139.0,4.0,1.0,18.0,벽돌,2.0,2.0,4.0,3.0,33.2
강남,143.0,2.0,,18.0,,2.0,0.0,0.0,1.0,27.2
마포,51.0,4.0,2.0,11.0,철근콘크리트,1.0,3.0,12.0,2.0,27.1
기타,175.0,5.0,2.0,29.0,목조,2.0,3.0,10.0,7.0,29.7
강북,80.0,4.0,3.0,11.0,벽돌,2.0,1.0,8.0,7.0,20.1
강남,126.0,3.0,2.0,7.0,철근콘크리트,2.0,3.0,1.0,10.0,38.8
서초,100.0,4.0,2.0,,벽돌,1.0,2.0,9.0,10.0,32.7
강북,105.0,1.0,3.0,36.0,벽돌,2.0,2.0,6.0,2.0,15.4
서초,112.0,2.0,3.0,25.0,철근콘크리트,1.0,3.0,3.0,2.0,28.0
강남,138.0,3.0,2.0,28.0,목조,2.0,2.0,9.0,7.0,33.1
강북,174.0,2.0,3.0,35.0,목조,2.0,1.0,5.0,4.0,21.5
마포,51.0,4.0,2.0,30.0,벽돌,1.0,0.0,9.0,8.0,16.0
강북,168.0,3.0,2.0,9.0,철근콘크리트,2.0,0.0,8.0,5.0,25.8
서초,182.0,5.0,2.0,38.0,벽돌,2.0,0.0,3.0,2.0,27.4
서초,89.0,4.0,1.0,26.0,목조,1.0,0.0,7.0,1.0,19.9
마포,193.0,3.0,3.0,9.0,철근콘크리트,2.0,3.0,2.0,3.0,36.7
마포,150.0,3.0,3.0,21.0,철근콘크리트,2.0,2.0,1.0,8.0,30.4
마포,142.0,4.0,3.0,32.0,벽돌,2.0,3.0,2.0,1.0,26.5
강남,154.0,5.0,3.0,15.0,철근콘크리트,2.0,1.0,10.0,3.0,34.4
강북,146.0,4.0,,2.0,목조,2.0,3.0,5.0,2.0,29.2
마포,54.0,2.0,3.0,15.0,철근콘크리트,1.0,1.0,3.0,6.0,18.7
서초,182.0,3.0,2.0,24.0,철근콘크리트,3.0,0.0,9.0,8.0,32.8
강남,120.0,1.0,1.0,1.0,목조,2.0,0.0,8.0,1.0,28.6
강남,88.0,2.0,3.0,22.0,목조,1.0,0.0,14.0,8.0,25.8
강북,183.0,3.0,1.0,15.0,벽돌,2.0,3.0,12.0,10.0,35.0
강북,119.0,5.0,1.0,1.0,벽돌,2.0,,1.0,3.0,27.8
마포,156.0,4.0,3.0,18.0,철근콘크리트,2.0,0.0,7.0,9.0,29.2
마포,86.0,3.0,1.0,33.0,목조,1.0,3.0,10.0,5.0,23.0
마포,72.0,5.0,1.0,31.0,벽돌,2.0,0.0,12.0,8.0,18.7
서초,195.0,4.0,2.0,36.0,목조,2.0,0.0,4.0,5.0,30.2
마포,183.0,2.0,2.0,7.0,목조,2.0,1.0,5.0,5.0,32.9
강남,73.0,4.0,2.0,1.0,벽돌,2.0,2.0,0.0,4.0,34.5
마포,161.0,3.0,1.0,30.0,철근콘크리트,2.0,3.0,7.0,10.0,33.3
강남,57.0,1.0,3.0,34.0,목조,1.0,2.0,6.0,6.0,22.0
강남,178.0,5.0,2.0,35.0,철근콘크리트,2.0,1.0,14.0,2.0,32.7
마포,87.0,4.0,2.0,38.0,목조,1.0,0.0,3.0,3.0,14.9
강남,82.0,3.0,1.0,7.0,벽돌,1.0,3.0,3.0,2.0,30.6
서초,115.0,3.0,2.0,8.0,벽돌,1.0,0.0,2.0,4.0,26.6
강남,162.0,5.0,1.0,11.0,목조,2.0,3.0,6.0,6.0,41.1
강남,196.0,1.0,1.0,12.0,벽돌,3.0,2.0,3.0,6.0,40.0
강남,82.0,1.0,3.0,8.0,목조,1.0,2.0,10.0,6.0,30.1
강북,171.0,5.0,1.0,,벽돌,2.0,1.0,4.0,5.0,30.3
서초,99.0,4.0,,35.0,철근콘크리트,1.0,2.0,7.0,3.0,24.1
강남,141.0,4.0,3.0,22.0,목조,2.0,,3.0,8.0,33.0
기타,197.0,3.0,1.0,15.0,목조,3.0,0.0,2.0,2.0,24.4
강남,123.0,3.0,1.0,20.0,철근콘크리트,2.0,2.0,11.0,8.0,33.9
서초,55.0,1.0,2.0,11.0,목조,1.0,0.0,14.0,7.0,21.7
마포,155.0,2.0,3.0,21.0,벽돌,,3.0,1.0,6.0,31.4
기타,193.0,5.0,3.0,18.0,목조,2.0,3.0,8.0,2.0,31.0
마포,52.0,4.0,1.0,24.0,철근콘크리트,1.0,3.0,7.0,6.0,22.1
강북,152.0,3.0,1.0,30.0,벽돌,2.0,1.0,12.0,1.0,20.4
강북,192.0,2.0,2.0,3.0,철근콘크리트,3.0,3.0,7.0,4.0,34.3
마포,176.0,4.0,1.0,37.0,철근콘크리트,2.0,3.0,1.0,3.0,29.8
강북,59.0,1.0,3.0,29.0,벽돌,1.0,0.0,11.0,9.0,12.2
강북,151.0,3.0,1.0,30.0,철근콘크리트,2.0,0.0,5.0,3.0,18.6
서초,78.0,1.0,1.0,7.0,목조,1.0,0.0,1.0,7.0,23.5
강북,199.0,2.0,2.0,27.0,목조,3.0,1.0,11.0,3.0,26.1
강남,186.0,2.0,1.0,2.0,철근콘크리트,2.0,1.0,5.0,7.0,40.2
서초,74.0,2.0,1.0,15.0,철근콘크리트,2.0,0.0,6.0,2.0,20.0
강남,130.0,2.0,3.0,6.0,,2.0,2.0,8.0,2.0,33.6
강북,70.0,4.0,1.0,16.0,목조,1.0,0.0,10.0,9.0,17.3
기타,171.0,2.0,2.0,19.0,철근콘크리트,2.0,0.0,14.0,1.0,21.2
강북,93.0,5.0,3.0,2.0,벽돌,1.0,3.0,1.0,7.0,27.0
서초,103.0,3.0,2.0,0.0,철근콘크리트,2.0,3.0,1.0,8.0,34.9
강남,118.0,2.0,3.0,35.0,벽돌,1.0,2.0,8.0,6.0,28.6
서초,61.0,3.0,1.0,1.0,벽돌,1.0,2.0,0.0,5.0,26.9
서초,97.0,4.0,3.0,30.0,벽돌,1.0,0.0,8.0,7.0,23.0
마포,64.0,3.0,3.0,2.0,철근콘크리트,1.0,0.0,2.0,8.0,21.7
강북,71.0,3.0,3.0,20.0,목조,1.0,,8.0,2.0,16.4
강남,122.0,3.0,1.0,5.0,철근콘크리트,2.0,2.0,4.0,4.0,34.1
강남,107.0,3.0,3.0,25.0,목조,1.0,1.0,11.0,9.0,29.8
강북,199.0,1.0,2.0,5.0,철근콘크리트,2.0,1.0,5.0,3.0,29.4
서초,86.0,3.0,2.0,8.0,,2.0,3.0,14.0,8.0,32.9
마포,84.0,3.0,1.0,17.0,철근콘크리트,1.0,2.0,12.0,6.0,24.7
기타,195.0,5.0,2.0,11.0,,2.0,2.0,11.0,1.0,30.4
강북,52.0,2.0,3.0,19.0,목조,1.0,1.0,0.0,8.0,14.4
강남,186.0,3.0,2.0,19.0,벽돌,2.0,1.0,14.0,8.0,38.7
마포,62.0,2.0,2.0,5.0,벽돌,2.0,3.0,13.0,4.0,25.5
강남,195.0,5.0,2.0,23.0,벽돌,3.0,0.0,5.0,9.0,35.4
마포,180.0,4.0,1.0,24.0,목조,2.0,3.0,13.0,8.0,36.5
서초,95.0,3.0,3.0,28.0,철근콘크리트,1.0,0.0,9.0,6.0,22.3
서초,175.0,4.0,1.0,21.0,벽돌,2.0,2.0,8.0,8.0,37.1
마포,136.0,3.0,1.0,39.0,,2.0,,10.0,9.0,26.8
서초,156.0,4.0,1.0,29.0,벽돌,2.0,2.0,12.0,9.0,34.5
강남,191.0,5.0,3.0,26.0,철근콘크리트,2.0,3.0,14.0,4.0,40.8
강남,87.0,3.0,3.0,19.0,벽돌,1.0,3.0,14.0,9.0,33.3
기타,168.0,4.0,3.0,6.0,철근콘크리트,2.0,2.0,9.0,3.0,29.0
강남,73.0,3.0,2.0,38.0,철근콘크리트,2.0,0.0,6.0,1.0,23.8
강남,186.0,4.0,2.0,9.0,목조,3.0,3.0,9.0,8.0,44.7
서초,139.0,4.0,1.0,23.0,철근콘크리트,2.0,0.0,2.0,6.0,27.5
강북,102.0,4.0,1.0,,벽돌,2.0,2.0,2.0,10.0,20.4
마포,117.0,2.0,2.0,1.0,목조,2.0,0.0,10.0,2.0,24.5
마포,152.0,4.0,2.0,32.0,철근콘크리트,3.0,3.0,10.0,5.0,30.3
강북,182.0,1.0,3.0,25.0,철근콘크리트,2.0,0.0,0.0,5.0,22.2
강남,122.0,1.0,3.0,7.0,벽돌,1.0,1.0,14.0,8.0,33.7
마포,143.0,1.0,3.0,,목조,2.0,0.0,6.0,9.0,27.5
강남,114.0,3.0,1.0,15.0,목조,2.0,2.0,8.0,9.0,34.2
강북,193.0,1.0,3.0,15.0,벽돌,2.0,0.0,7.0,1.0,24.0
기타,115.0,4.0,2.0,10.0,벽돌,2.0,3.0,12.0,7.0,27.2
기타,101.0,5.0,2.0,12.0,철근콘크리트,2.0,2.0,2.0,10.0,24.4
서초,60.0,4.0,3.0,25.0,철근콘크리트,1.0,1.0,13.0,2.0,20.3
마포,190.0,3.0,1.0,20.0,목조,2.0,1.0,5.0,2.0,30.0
강남,73.0,1.0,1.0,12.0,목조,1.0,2.0,9.0,4.0,25.3
강북,87.0,3.0,1.0,32.0,벽돌,1.0,1.0,14.0,6.0,16.2
강북,183.0,5.0,2.0,26.0,목조,2.0,0.0,9.0,1.0,23.0
강남,184.0,4.0,1.0,3.0,,2.0,3.0,13.0,2.0,46.6
강북,117.0,1.0,3.0,22.0,목조,1.0,0.0,13.0,2.0,16.1
강북,62.0,1.0,1.0,30.0,벽돌,1.0,0.0,2.0,3.0,8.4
강북,190.0,2.0,3.0,34.0,철근콘크리트,2.0,0.0,5.0,6.0,22.7
강북,114.0,1.0,1.0,14.0,철근콘크리트,2.0,2.0,11.0,3.0,21.7
마포,104.0,5.0,2.0,3.0,목조,1.0,3.0,4.0,6.0,31.7
강남,134.0,5.0,1.0,25.0,목조,2.0,,9.0,10.0,37.8
강남,51.0,4.0,1.0,13.0,목조,1.0,0.0,6.0,4.0,22.1
서초,160.0,2.0,3.0,18.0,벽돌,2.0,2.0,7.0,4.0,33.1
강북,62.0,4.0,2.0,29.0,벽돌,1.0,2.0,5.0,3.0,14.9
마포,188.0,3.0,2.0,35.0,,2.0,3.0,0.0,3.0,30.8
강북,82.0,5.0,1.0,5.0,벽돌,2.0,1.0,7.0,4.0,20.4
마포,160.0,5.0,1.0,9.0,철근콘크리트,2.0,1.0,0.0,6.0,31.7
강남,67.0,1.0,3.0,38.0,목조,1.0,1.0,10.0,6.0,20.6
기타,153.0,1.0,3.0,38.0,철근콘크리트,2.0,2.0,8.0,7.0,21.5
기타,179.0,3.0,2.0,30.0,목조,3.0,1.0,5.0,1.0,22.2
기타,175.0,5.0,2.0,,목조,2.0,2.0,4.0,3.0,30.5
강남,151.0,3.0,1.0,4.0,철근콘크리트,2.0,0.0,11.0,5.0,34.4
기타,184.0,4.0,3.0,23.0,벽돌,2.0,1.0,4.0,1.0,23.7
서초,112.0,3.0,1.0,11.0,목조,,1.0,8.0,8.0,30.3
강북,111.0,4.0,2.0,12.0,철근콘크리트,2.0,1.0,6.0,2.0,20.3
강남,147.0,4.0,3.0,2.0,벽돌,2.0,0.0,14.0,10.0,28.7
기타,128.0,3.0,3.0,9.0,벽돌,1.0,0.0,11.0,9.0,23.1
강남,75.0,4.0,1.0,13.0,철근콘크리트,1.0,3.0,14.0,6.0,32.3
마포,158.0,5.0,2.0,36.0,철근콘크리트,2.0,1.0,11.0,6.0,27.2
강남,151.0,2.0,2.0,12.0,철근콘크리트,2.0,3.0,2.0,3.0,36.4
서초,107.0,5.0,2.0,5.0,벽돌,2.0,1.0,14.0,3.0,30.1
서초,119.0,2.0,2.0,15.0,철근콘크리트,2.0,2.0,8.0,4.0,29.7
마포,80.0,4.0,3.0,16.0,목조,1.0,0.0,4.0,5.0,19.7
강남,114.0,4.0,2.0,36.0,목조,2.0,0.0,5.0,10.0,26.7
마포,153.0,4.0,3.0,,벽돌,2.0,1.0,11.0,2.0,27.0
강남,101.0,2.0,1.0,11.0,목조,1.0,0.0,0.0,4.0,25.9
마포,118.0,3.0,2.0,30.0,철근콘크리트,2.0,1.0,9.0,9.0,24.7
기타,148.0,1.0,3.0,1.0,목조,2.0,0.0,0.0,7.0,23.6
마포,149.0,4.0,1.0,34.0,철근콘크리트,2.0,0.0,3.0,5.0,22.9
강남,73.0,2.0,2.0,17.0,목조,2.0,2.0,2.0,8.0,35.8
강북,190.0,5.0,2.0,36.0,철근콘크리트,3.0,1.0,8.0,9.0,27.6
서초,104.0,5.0,2.0,3.0,벽돌,2.0,0.0,4.0,3.0,27.2
강남,176.0,2.0,3.0,21.0,철근콘크리트,3.0,1.0,8.0,9.0,36.7
마포,165.0,3.0,1.0,39.0,목조,2.0,1.0,13.0,5.0,26.0
강남,69.0,3.0,2.0,0.0,철근콘크리트,2.0,2.0,9.0,2.0,29.3
서초,83.0,5.0,3.0,20.0,목조,1.0,2.0,12.0,10.0,30.0
서초,73.0,,2.0,9.0,목조,,2.0,5.0,7.0,29.0
강남,190.0,5.0,3.0,13.0,목조,3.0,1.0,10.0,10.0,41.9
서초,180.0,3.0,2.0,37.0,철근콘크리트,2.0,1.0,8.0,1.0,28.4
마포,90.0,,3.0,6.0,목조,1.0,3.0,3.0,5.0,28.1
마포,128.0,1.0,3.0,19.0,철근콘크리트,2.0,1.0,13.0,9.0,27.3
서초,125.0,3.0,2.0,37.0,철근콘크리트,2.0,2.0,1.0,10.0,28.7
서초,87.0,3.0,2.0,12.0,철근콘크리트,2.0,0.0,9.0,4.0,23.7
강북,196.0,1.0,2.0,10.0,벽돌,3.0,1.0,6.0,5.0,29.2
강북,164.0,2.0,3.0,2.0,목조,2.0,1.0,1.0,4.0,27.1
강남,57.0,2.0,2.0,0.0,벽돌,1.0,3.0,13.0,3.0,30.5
강남,65.0,4.0,3.0,2.0,목조,1.0,0.0,11.0,9.0,28.7
강북,199.0,4.0,2.0,26.0,철근콘크리트,2.0,3.0,12.0,4.0,31.9
서초,78.0,1.0,2.0,13.0,벽돌,1.0,2.0,13.0,8.0,28.0
강북,108.0,4.0,,24.0,벽돌,1.0,0.0,12.0,10.0,20.2
서초,111.0,1.0,1.0,33.0,벽돌,1.0,3.0,7.0,9.0,29.2
서초,145.0,5.0,3.0,1.0,철근콘크리트,2.0,2.0,10.0,5.0,37.3
강남,160.0,2.0,1.0,26.0,철근콘크리트,2.0,0.0,9.0,3.0,29.2
서초,165.0,1.0,2.0,10.0,목조,2.0,3.0,5.0,2.0,35.5
마포,166.0,2.0,1.0,35.0,철근콘크리트,2.0,1.0,3.0,9.0,27.4
마포,160.0,4.0,3.0,25.0,철근콘크리트,3.0,2.0,6.0,5.0,30.1
강남,123.0,3.0,3.0,25.0,,1.0,0.0,0.0,2.0,27.3
강북,113.0,4.0,3.0,21.0,철근콘크리트,1.0,0.0,0.0,8.0,19.1
강북,71.0,2.0,2.0,27.0,벽돌,1.0,1.0,10.0,3.0,13.2
강북,139.0,2.0,1.0,25.0,목조,2.0,3.0,6.0,7.0,26.0
강남,64.0,3.0,3.0,30.0,철근콘크리트,1.0,0.0,2.0,7.0,20.6
마포,119.0,1.0,3.0,38.0,목조,2.0,1.0,14.0,4.0,20.2
기타,121.0,3.0,1.0,33.0,목조,2.0,3.0,0.0,9.0,22.5
강남,156.0,1.0,1.0,17.0,벽돌,2.0,0.0,7.0,3.0,29.9
강남,166.0,4.0,1.0,23.0,철근콘크리트,3.0,1.0,5.0,6.0,34.5
강남,123.0,5.0,3.0,26.0,벽돌,2.0,,0.0,10.0,35.6
서초,51.0,4.0,3.0,28.0,벽돌,1.0,2.0,11.0,2.0,20.6
마포,118.0,3.0,3.0,37.0,벽돌,2.0,1.0,12.0,2.0,20.1
강북,92.0,5.0,3.0,37.0,철근콘크리트,2.0,2.0,4.0,4.0,16.7
강남,61.0,2.0,2.0,32.0,벽돌,1.0,3.0,4.0,4.0,24.1
강북,175.0,2.0,2.0,39.0,철근콘크리트,2.0,0.0,8.0,6.0,20.5
강북,189.0,3.0,3.0,33.0,목조,2.0,0.0,9.0,10.0,25.7
기타,151.0,5.0,,8.0,벽돌,2.0,0.0,1.0,3.0,22.6
강남,163.0,1.0,1.0,7.0,철근콘크리트,2.0,2.0,12.0,10.0,40.6
강남,198.0,4.0,3.0,15.0,철근콘크리트,3.0,0.0,3.0,3.0,35.6
강남,179.0,2.0,1.0,19.0,철근콘크리트,2.0,2.0,2.0,8.0,38.3
강남,85.0,3.0,3.0,11.0,목조,2.0,2.0,3.0,1.0,25.6
마포,73.0,5.0,1.0,25.0,철근콘크리트,2.0,0.0,5.0,1.0,25.9
마포,167.0,5.0,2.0,38.0,,2.0,1.0,4.0,9.0,28.5
기타,198.0,1.0,3.0,36.0,목조,3.0,,2.0,10.0,27.3
강북,50.0,4.0,3.0,2.0,철근콘크리트,1.0,0.0,6.0,4.0,15.2
서초,82.0,2.0,1.0,30.0,벽돌,1.0,1.0,9.0,9.0,23.6
마포,73.0,2.0,2.0,4.0,철근콘크리트,1.0,0.0,11.0,3.0,20.6
마포,107.0,3.0,2.0,2.0,벽돌,1.0,3.0,9.0,6.0,31.7
강북,93.0,1.0,1.0,18.0,벽돌,2.0,0.0,5.0,6.0,15.7
서초,141.0,2.0,2.0,38.0,벽돌,2.0,2.0,3.0,9.0,29.3
마포,136.0,1.0,2.0,19.0,목조,2.0,2.0,9.0,7.0,28.7
강남,75.0,1.0,1.0,5.0,목조,1.0,2.0,10.0,8.0,31.0
서초,63.0,5.0,1.0,22.0,벽돌,1.0,1.0,4.0,10.0,24.8
강북,107.0,1.0,3.0,5.0,벽돌,2.0,2.0,3.0,8.0,24.5
강북,148.0,1.0,2.0,32.0,철근콘크리트,2.0,2.0,0.0,3.0,20.4
기타,103.0,4.0,3.0,31.0,철근콘크리트,2.0,3.0,7.0,1.0,18.3
강북,132.0,1.0,2.0,19.0,벽돌,2.0,1.0,10.0,6.0,21.9
기타,66.0,2.0,2.0,15.0,철근콘크리트,1.0,3.0,5.0,9.0,20.6
서초,120.0,2.0,3.0,6.0,목조,1.0,0.0,0.0,4.0,26.8
서초,141.0,3.0,1.0,25.0,목조,,2.0,10.0,2.0,29.6
기타,184.0,3.0,2.0,14.0,목조,3.0,0.0,3.0,10.0,27.4
강남,106.0,3.0,2.0,38.0,,2.0,1.0,5.0,5.0,24.5
강남,69.0,5.0,1.0,21.0,철근콘크리트,2.0,0.0,7.0,6.0,23.9
강남,137.0,5.0,1.0,5.0,철근콘크리트,2.0,,1.0,6.0,39.3
마포,172.0,5.0,2.0,35.0,벽돌,2.0,3.0,0.0,8.0,32.7
마포,105.0,3.0,1.0,17.0,목조,2.0,0.0,14.0,8.0,24.0
마포,194.0,3.0,3.0,17.0,목조,3.0,3.0,13.0,10.0,39.8
마포,132.0,3.0,2.0,24.0,철근콘크리트,2.0,3.0,1.0,5.0,28.5
마포,176.0,5.0,1.0,31.0,목조,2.0,3.0,4.0,5.0,32.8
강남,73.0,2.0,2.0,14.0,철근콘크리트,2.0,2.0,9.0,6.0,28.4
강북,57.0,2.0,3.0,39.0,벽돌,1.0,2.0,7.0,10.0,14.6
강북,100.0,4.0,1.0,19.0,벽돌,2.0,2.0,11.0,7.0,22.8
강북,69.0,3.0,2.0,14.0,벽돌,1.0,3.0,7.0,10.0,23.3
서초,122.0,5.0,1.0,4.0,벽돌,2.0,3.0,13.0,10.0,39.2
강남,108.0,3.0,1.0,32.0,철근콘크리트,1.0,,5.0,9.0,31.9
기타,167.0,5.0,2.0,31.0,목조,2.0,1.0,1.0,1.0,20.6
서초,80.0,4.0,3.0,39.0,목조,1.0,3.0,0.0,8.0,25.2
강북,192.0,1.0,1.0,34.0,벽돌,2.0,,0.0,5.0,25.4
기타,199.0,5.0,2.0,34.0,목조,3.0,2.0,0.0,10.0,29.6
강남,121.0,2.0,1.0,16.0,벽돌,2.0,3.0,8.0,1.0,32.2
강남,151.0,3.0,1.0,29.0,철근콘크리트,2.0,0.0,7.0,5.0,29.0
기타,159.0,1.0,1.0,12.0,철근콘크리트,2.0,2.0,14.0,2.0,25.4
강북,161.0,3.0,3.0,36.0,철근콘크리트,2.0,2.0,8.0,2.0,26.2
서초,146.0,2.0,2.0,30.0,목조,2.0,0.0,12.0,7.0,27.3
강남,172.0,3.0,2.0,10.0,철근콘크리트,2.0,0.0,6.0,2.0,33.3
서초,61.0,3.0,2.0,7.0,철근콘크리트,,0.0,13.0,9.0,25.0
강남,111.0,2.0,1.0,22.0,,2.0,1.0,9.0,9.0,30.1
강북,164.0,5.0,3.0,8.0,벽돌,2.0,0.0,12.0,6.0,27.5
강남,129.0,2.0,2.0,,철근콘크리트,2.0,2.0,5.0,6.0,35.2
강남,93.0,5.0,3.0,14.0,벽돌,2.0,0.0,2.0,4.0,26.2
강북,153.0,3.0,1.0,5.0,벽돌,2.0,1.0,7.0,3.0,26.0
강남,159.0,,1.0,30.0,벽돌,2.0,2.0,13.0,5.0,24.2
마포,50.0,1.0,3.0,11.0,벽돌,1.0,1.0,12.0,6.0,19.5
기타,168.0,2.0,1.0,14.0,철근콘크리트,2.0,,0.0,8.0,24.0
강남,117.0,2.0,1.0,22.0,목조,2.0,3.0,3.0,2.0,30.6
강북,100.0,5.0,3.0,31.0,벽돌,2.0,0.0,10.0,5.0,15.8
강북,127.0,1.0,1.0,17.0,벽돌,2.0,1.0,1.0,7.0,21.4
강남,176.0,1.0,2.0,8.0,목조,2.0,2.0,12.0,10.0,41.7
마포,85.0,5.0,1.0,11.0,철근콘크리트,1.0,2.0,9.0,9.0,28.2
강남,91.0,3.0,2.0,22.0,목조,2.0,2.0,10.0,9.0,30.7
강남,102.0,2.0,2.0,20.0,벽돌,2.0,1.0,1.0,6.0,27.3
강북,103.0,5.0,1.0,31.0,철근콘크리트,2.0,0.0,5.0,6.0,16.1
기타,84.0,1.0,2.0,23.0,목조,2.0,3.0,9.0,8.0,20.2
강남,97.0,2.0,2.0,18.0,목조,,1.0,4.0,8.0,28.5
마포,99.0,,2.0,27.0,벽돌,2.0,1.0,14.0,5.0,21.9
강남,139.0,2.0,1.0,21.0,벽돌,2.0,1.0,6.0,4.0,30.3
서초,110.0,2.0,2.0,33.0,철근콘크리트,2.0,1.0,10.0,6.0,24.4
강남,174.0,4.0,1.0,22.0,벽돌,3.0,0.0,0.0,3.0,31.5
서초,117.0,3.0,1.0,21.0,벽돌,,0.0,4.0,7.0,25.9
강북,60.0,2.0,3.0,,철근콘크리트,2.0,2.0,0.0,6.0,19.2
서초,67.0,4.0,1.0,33.0,벽돌,1.0,1.0,9.0,8.0,22.0
마포,61.0,2.0,2.0,4.0,벽돌,1.0,0.0,13.0,4.0,19.6
기타,194.0,3.0,2.0,21.0,목조,2.0,3.0,5.0,10.0,33.2
서초,195.0,5.0,2.0,4.0,목조,2.0,3.0,1.0,4.0,42.3
강남,158.0,5.0,1.0,35.0,철근콘크리트,2.0,3.0,12.0,10.0,38.5
강북,73.0,2.0,2.0,35.0,목조,2.0,1.0,3.0,4.0,19.9
강남,188.0,3.0,3.0,8.0,철근콘크리트,3.0,3.0,14.0,9.0,45.6
마포,157.0,5.0,2.0,36.0,목조,2.0,2.0,8.0,6.0,28.8
마포,146.0,2.0,1.0,13.0,,2.0,,0.0,9.0,33.5
서초,155.0,2.0,3.0,11.0,벽돌,2.0,,5.0,9.0,32.1
강북,153.0,3.0,1.0,37.0,목조,2.0,3.0,4.0,10.0,26.8
강남,112.0,3.0,1.0,22.0,벽돌,2.0,0.0,9.0,9.0,28.7
강북,121.0,2.0,1.0,,철근콘크리트,2.0,2.0,7.0,6.0,20.6
서초,136.0,5.0,1.0,38.0,벽돌,2.0,3.0,9.0,9.0,32.9
서초,61.0,1.0,1.0,18.0,철근콘크리트,1.0,,1.0,2.0,21.1
강남,83.0,4.0,2.0,17.0,목조,1.0,1.0,8.0,10.0,29.7
서초,84.0,5.0,3.0,20.0,벽돌,1.0,2.0,8.0,10.0,29.7
강남,186.0,5.0,3.0,8.0,철근콘크리트,2.0,2.0,0.0,1.0,39.0
서초,142.0,4.0,3.0,12.0,,,2.0,10.0,9.0,36.3
서초,188.0,3.0,1.0,11.0,철근콘크리트,2.0,3.0,13.0,7.0,41.9
강남,115.0,1.0,3.0,9.0,철근콘크리트,1.0,3.0,3.0,7.0,26.0
서초,144.0,4.0,1.0,22.0,철근콘크리트,2.0,3.0,0.0,4.0,33.0
서초,77.0,1.0,1.0,6.0,목조,1.0,2.0,4.0,3.0,25.9
마포,142.0,1.0,1.0,26.0,목조,2.0,2.0,9.0,2.0,25.9
강북,107.0,1.0,3.0,21.0,목조,2.0,1.0,1.0,2.0,16.1
강남,187.0,2.0,1.0,36.0,목조,3.0,3.0,2.0,8.0,37.7
강남,84.0,1.0,2.0,20.0,철근콘크리트,1.0,1.0,11.0,9.0,27.5
강북,129.0,4.0,2.0,10.0,벽돌,1.0,2.0,13.0,7.0,27.7
기타,76.0,2.0,2.0,4.0,벽돌,1.0,0.0,13.0,10.0,19.1
강남,167.0,2.0,2.0,9.0,벽돌,2.0,1.0,12.0,3.0,35.6
기타,151.0,5.0,3.0,30.0,철근콘크리트,2.0,3.0,9.0,6.0,26.5
강남,61.0,1.0,3.0,14.0,목조,1.0,3.0,5.0,2.0,26.3
서초,143.0,2.0,2.0,16.0,벽돌,2.0,0.0,6.0,7.0,29.2
서초,189.0,1.0,,16.0,철근콘크리트,2.0,1.0,0.0,7.0,34.7
강남,58.0,3.0,3.0,16.0,벽돌,1.0,2.0,0.0,10.0,28.1
강남,158.0,1.0,3.0,,벽돌,2.0,0.0,10.0,9.0,35.2
서초,192.0,5.0,3.0,23.0,벽돌,3.0,2.0,1.0,9.0,38.7
마포,127.0,1.0,3.0,36.0,목조,2.0,1.0,8.0,6.0,21.8
강남,60.0,2.0,1.0,33.0,벽돌,1.0,0.0,5.0,6.0,18.7
강남,95.0,2.0,3.0,29.0,벽돌,1.0,0.0,10.0,1.0,21.2
강남,135.0,5.0,3.0,5.0,목조,2.0,0.0,6.0,7.0,34.1
강남,194.0,5.0,2.0,32.0,철근콘크리트,3.0,3.0,13.0,1.0,38.3
강남,69.0,3.0,3.0,11.0,목조,1.0,0.0,13.0,3.0,24.0
강남,51.0,4.0,1.0,22.0,철근콘크리트,1.0,3.0,11.0,1.0,25.3
마포,185.0,2.0,2.0,12.0,목조,2.0,1.0,11.0,1.0,30.7
강남,139.0,4.0,3.0,14.0,목조,2.0,3.0,11.0,8.0,39.2
서초,51.0,2.0,1.0,21.0,벽돌,1.0,0.0,10.0,4.0,17.9
서초,196.0,4.0,3.0,39.0,벽돌,2.0,0.0,3.0,2.0,28.1
강남,192.0,1.0,2.0,10.0,목조,3.0,2.0,2.0,5.0,39.4
강남,143.0,1.0,1.0,28.0,목조,2.0,2.0,3.0,9.0,33.0
강북,131.0,4.0,1.0,19.0,철근콘크리트,2.0,0.0,12.0,3.0,20.0
강남,145.0,5.0,3.0,29.0,목조,2.0,3.0,2.0,9.0,36.9
강남,58.0,2.0,1.0,21.0,벽돌,1.0,2.0,11.0,5.0,25.2
기타,66.0,,2.0,23.0,철근콘크리트,1.0,3.0,14.0,6.0,19.9
강남,89.0,2.0,3.0,20.0,벽돌,2.0,,9.0,7.0,27.3
강남,140.0,4.0,1.0,11.0,철근콘크리트,2.0,1.0,4.0,10.0,36.2
강남,73.0,4.0,3.0,26.0,목조,1.0,0.0,13.0,6.0,23.9
마포,84.0,1.0,2.0,5.0,철근콘크리트,1.0,1.0,12.0,6.0,24.1
마포,149.0,,3.0,31.0,목조,2.0,1.0,4.0,7.0,25.1
마포,62.0,1.0,3.0,23.0,목조,1.0,1.0,0.0,1.0,14.6
강남,62.0,3.0,1.0,34.0,벽돌,2.0,2.0,6.0,10.0,25.5
서초,195.0,2.0,2.0,23.0,목조,3.0,2.0,14.0,6.0,37.3
서초,94.0,4.0,2.0,2.0,목조,1.0,1.0,0.0,4.0,28.0
마포,187.0,4.0,1.0,19.0,목조,2.0,0.0,6.0,3.0,29.0
마포,128.0,4.0,3.0,16.0,목조,2.0,2.0,8.0,8.0,30.4
강북,161.0,1.0,3.0,27.0,벽돌,2.0,2.0,9.0,10.0,27.1
강북,184.0,5.0,2.0,1.0,철근콘크리트,2.0,2.0,11.0,2.0,32.8
강남,100.0,3.0,3.0,24.0,벽돌,2.0,0.0,7.0,8.0,26.4
서초,94.0,2.0,3.0,33.0,목조,1.0,3.0,12.0,7.0,27.5
서초,155.0,5.0,1.0,19.0,목조,2.0,1.0,10.0,10.0,35.2
강북,159.0,1.0,2.0,1.0,목조,2.0,2.0,6.0,2.0,27.8
기타,97.0,2.0,1.0,6.0,철근콘크리트,1.0,2.0,11.0,7.0,23.1
서초,198.0,2.0,1.0,18.0,벽돌,3.0,0.0,10.0,4.0,33.2
마포,117.0,3.0,3.0,30.0,철근콘크리트,2.0,1.0,3.0,3.0,21.0
강북,79.0,5.0,3.0,30.0,철근콘크리트,1.0,2.0,7.0,10.0,20.1
마포,68.0,1.0,2.0,36.0,철근콘크리트,1.0,1.0,1.0,2.0,13.2
강남,119.0,3.0,2.0,14.0,철근콘크리트,2.0,0.0,5.0,10.0,30.6
강남,67.0,3.0,3.0,25.0,철근콘크리트,1.0,3.0,13.0,10.0,20.5
강북,159.0,5.0,1.0,11.0,목조,2.0,3.0,0.0,1.0,28.7
마포,54.0,4.0,2.0,8.0,철근콘크리트,1.0,0.0,4.0,5.0,18.7
강남,133.0,1.0,3.0,16.0,철근콘크리트,2.0,2.0,8.0,2.0,31.4
강남,94.0,1.0,3.0,11.0,벽돌,2.0,3.0,13.0,3.0,31.5
강남,57.0,2.0,3.0,1.0,철근콘크리트,1.0,0.0,9.0,2.0,23.4
강남,120.0,3.0,2.0,30.0,철근콘크리트,2.0,2.0,3.0,4.0,28.8
강남,88.0,4.0,3.0,13.0,벽돌,1.0,1.0,3.0,10.0,30.5
강남,113.0,3.0,3.0,10.0,벽돌,1.0,0.0,5.0,5.0,28.8
강북,90.0,4.0,2.0,36.0,벽돌,1.0,0.0,9.0,8.0,14.7
강남,171.0,1.0,2.0,8.0,벽돌,2.0,0.0,10.0,1.0,32.5
마포,62.0,4.0,1.0,9.0,벽돌,1.0,3.0,0.0,10.0,27.4
마포,90.0,5.0,3.0,34.0,벽돌,2.0,0.0,10.0,4.0,17.7
마포,92.0,5.0,1.0,26.0,철근콘크리트,2.0,,11.0,3.0,19.1
강북,191.0,4.0,2.0,0.0,철근콘크리트,3.0,2.0,0.0,6.0,34.1
기타,191.0,3.0,1.0,18.0,철근콘크리트,2.0,1.0,5.0,1.0,25.0
강남,73.0,5.0,2.0,12.0,벽돌,2.0,3.0,3.0,10.0,40.8
강남,59.0,5.0,3.0,7.0,,1.0,0.0,7.0,5.0,25.2
강남,162.0,3.0,3.0,29.0,목조,2.0,0.0,9.0,1.0,19.3
마포,97.0,4.0,3.0,20.0,철근콘크리트,1.0,1.0,5.0,2.0,21.2
강남,152.0,2.0,3.0,10.0,철근콘크리트,,3.0,10.0,7.0,39.7
강북,150.0,,1.0,29.0,철근콘크리트,2.0,,7.0,7.0,22.4
서초,136.0,3.0,3.0,28.0,벽돌,2.0,3.0,14.0,4.0,31.9
강북,139.0,4.0,3.0,27.0,철근콘크리트,2.0,0.0,1.0,1.0,17.1
강남,157.0,2.0,1.0,5.0,철근콘크리트,2.0,3.0,4.0,2.0,33.1
강북,165.0,5.0,3.0,21.0,철근콘크리트,2.0,3.0,12.0,2.0,29.0
서초,165.0,2.0,2.0,20.0,목조,3.0,1.0,12.0,7.0,33.2
마포,165.0,4.0,2.0,37.0,벽돌,2.0,2.0,4.0,3.0,27.0
기타,87.0,2.0,1.0,13.0,벽돌,1.0,2.0,11.0,10.0,22.2
강남,144.0,4.0,3.0,31.0,철근콘크리트,1.0,2.0,8.0,7.0,33.5
강남,158.0,4.0,2.0,9.0,철근콘크리트,2.0,0.0,13.0,7.0,35.8
기타,131.0,3.0,3.0,38.0,목조,2.0,1.0,6.0,5.0,17.1
강북,69.0,5.0,2.0,,목조,,0.0,8.0,6.0,13.0
기타,174.0,3.0,2.0,28.0,철근콘크리트,2.0,1.0,2.0,2.0,21.5
기타,183.0,3.0,2.0,4.0,철근콘크리트,2.0,1.0,13.0,1.0,27.8
강북,76.0,3.0,3.0,9.0,철근콘크리트,,2.0,8.0,7.0,21.6
강북,68.0,4.0,2.0,10.0,목조,1.0,3.0,5.0,8.0,23.3
강북,84.0,1.0,3.0,25.0,벽돌,1.0,2.0,4.0,5.0,16.8
강북,99.0,4.0,1.0,35.0,철근콘크리트,2.0,3.0,9.0,5.0,20.3
서초,183.0,3.0,2.0,25.0,목조,3.0,3.0,11.0,5.0,37.4
강남,69.0,4.0,2.0,9.0,벽돌,1.0,0.0,10.0,4.0,25.1
기타,153.0,2.0,2.0,12.0,철근콘크리트,2.0,3.0,10.0,3.0,27.4
강남,154.0,2.0,3.0,21.0,목조,2.0,2.0,0.0,5.0,33.7
강남,108.0,5.0,1.0,13.0,목조,1.0,1.0,10.0,8.0,32.7
서초,58.0,4.0,3.0,12.0,목조,1.0,3.0,5.0,5.0,27.7
마포,63.0,2.0,2.0,39.0,벽돌,1.0,1.0,10.0,5.0,15.0
기타,64.0,1.0,3.0,37.0,벽돌,1.0,0.0,7.0,2.0,6.2
강북,108.0,3.0,1.0,15.0,철근콘크리트,1.0,3.0,8.0,6.0,25.1
기타,134.0,5.0,2.0,18.0,철근콘크리트,2.0,3.0,13.0,9.0,29.1
마포,67.0,5.0,3.0,24.0,벽돌,1.0,3.0,5.0,3.0,22.4
강남,93.0,2.0,2.0,24.0,목조,1.0,0.0,3.0,7.0,24.3
기타,148.0,2.0,3.0,24.0,벽돌,2.0,0.0,2.0,8.0,20.2
강남,169.0,3.0,3.0,6.0,벽돌,2.0,2.0,0.0,2.0,40.2
강북,121.0,2.0,2.0,13.0,벽돌,2.0,1.0,0.0,5.0,21.0
마포,170.0,4.0,1.0,8.0,철근콘크리트,2.0,1.0,7.0,10.0,35.1
서초,73.0,4.0,3.0,30.0,목조,1.0,3.0,13.0,2.0,24.6
마포,119.0,4.0,3.0,17.0,목조,2.0,2.0,7.0,7.0,28.7
강남,75.0,5.0,2.0,34.0,목조,1.0,3.0,1.0,9.0,28.8
서초,143.0,5.0,3.0,25.0,벽돌,2.0,2.0,12.0,2.0,31.0
강북,73.0,5.0,1.0,30.0,목조,1.0,0.0,12.0,1.0,10.3
강북,90.0,5.0,1.0,19.0,벽돌,2.0,2.0,10.0,7.0,22.2
강북,132.0,1.0,3.0,15.0,,2.0,3.0,11.0,5.0,26.3
기타,145.0,4.0,1.0,31.0,목조,2.0,3.0,3.0,2.0,22.6
마포,65.0,3.0,2.0,11.0,벽돌,1.0,0.0,4.0,10.0,21.2
강북,175.0,5.0,2.0,31.0,목조,2.0,0.0,6.0,9.0,24.9
강북,182.0,,2.0,2.0,벽돌,3.0,0.0,2.0,4.0,27.0
강남,99.0,5.0,2.0,8.0,,1.0,0.0,3.0,2.0,25.1
강북,180.0,3.0,2.0,4.0,목조,2.0,1.0,13.0,2.0,29.0
강북,123.0,3.0,1.0,13.0,목조,2.0,2.0,11.0,9.0,26.8
마포,60.0,2.0,3.0,11.0,철근콘크리트,1.0,2.0,7.0,1.0,20.0
마포,176.0,4.0,1.0,33.0,벽돌,2.0,0.0,14.0,9.0,28.9
강북,140.0,2.0,1.0,4.0,벽돌,2.0,1.0,5.0,7.0,26.2
강북,143.0,5.0,1.0,29.0,철근콘크리트,2.0,0.0,12.0,2.0,22.2
강남,186.0,5.0,2.0,24.0,목조,2.0,0.0,6.0,4.0,24.9
서초,96.0,4.0,2.0,32.0,목조,2.0,0.0,3.0,10.0,23.5
서초,148.0,1.0,1.0,1.0,철근콘크리트,2.0,0.0,9.0,8.0,33.0
기타,140.0,2.0,1.0,24.0,철근콘크리트,2.0,1.0,1.0,8.0,21.3
마포,131.0,4.0,3.0,31.0,철근콘크리트,2.0,3.0,2.0,10.0,30.1
강북,128.0,1.0,1.0,35.0,벽돌,2.0,3.0,4.0,2.0,19.7
강북,175.0,2.0,2.0,2.0,벽돌,,3.0,11.0,9.0,35.7
강남,165.0,5.0,3.0,33.0,벽돌,2.0,3.0,9.0,9.0,36.8
강북,150.0,4.0,2.0,12.0,철근콘크리트,2.0,1.0,3.0,3.0,24.4
강북,144.0,2.0,3.0,29.0,벽돌,2.0,1.0,5.0,9.0,22.8
마포,130.0,2.0,2.0,35.0,벽돌,2.0,3.0,5.0,3.0,25.1
강남,183.0,2.0,3.0,24.0,철근콘크리트,2.0,3.0,4.0,3.0,32.4
마포,61.0,2.0,3.0,11.0,벽돌,2.0,3.0,6.0,5.0,24.0
서초,99.0,5.0,1.0,39.0,벽돌,1.0,1.0,1.0,4.0,21.7
강북,156.0,3.0,1.0,,벽돌,2.0,2.0,1.0,4.0,27.6
마포,177.0,4.0,3.0,3.0,목조,2.0,2.0,11.0,4.0,36.2
강북,66.0,2.0,3.0,19.0,목조,1.0,3.0,0.0,3.0,17.3
강남,160.0,4.0,1.0,36.0,목조,3.0,,12.0,3.0,34.5
강북,120.0,2.0,1.0,19.0,벽돌,2.0,0.0,14.0,9.0,21.1
마포,66.0,5.0,2.0,17.0,벽돌,1.0,3.0,10.0,7.0,26.2
기타,73.0,2.0,1.0,25.0,철근콘크리트,2.0,1.0,2.0,8.0,17.4
강남,119.0,3.0,1.0,2.0,목조,2.0,0.0,13.0,10.0,34.3
서초,147.0,5.0,1.0,29.0,목조,2.0,1.0,9.0,4.0,29.3
마포,187.0,4.0,2.0,1.0,벽돌,3.0,0.0,7.0,9.0,35.7
강북,122.0,4.0,3.0,32.0,벽돌,1.0,1.0,5.0,1.0,16.8
서초,183.0,4.0,3.0,30.0,철근콘크리트,2.0,0.0,4.0,1.0,28.2
서초,104.0,3.0,2.0,28.0,철근콘크리트,2.0,3.0,9.0,6.0,29.2
강북,170.0,3.0,3.0,38.0,목조,,2.0,10.0,4.0,23.9
강남,50.0,5.0,3.0,18.0,철근콘크리트,1.0,3.0,6.0,4.0,27.5
서초,66.0,1.0,3.0,10.0,벽돌,1.0,3.0,1.0,1.0,24.7
강북,189.0,3.0,2.0,19.0,벽돌,3.0,3.0,14.0,3.0,31.5
마포,117.0,2.0,2.0,16.0,목조,2.0,1.0,7.0,5.0,24.7
강북,65.0,1.0,3.0,5.0,벽돌,1.0,0.0,6.0,5.0,15.1
강남,164.0,1.0,3.0,4.0,목조,2.0,,0.0,3.0,32.6
강남,53.0,3.0,1.0,28.0,목조,1.0,1.0,5.0,5.0,21.5
마포,153.0,5.0,1.0,27.0,목조,2.0,0.0,4.0,8.0,26.8
강북,160.0,,2.0,23.0,목조,2.0,1.0,8.0,2.0,22.2
서초,90.0,2.0,3.0,37.0,벽돌,1.0,1.0,10.0,5.0,21.1
강남,103.0,3.0,2.0,11.0,철근콘크리트,2.0,0.0,6.0,8.0,29.2
강북,174.0,1.0,2.0,3.0,벽돌,2.0,0.0,2.0,6.0,26.5
서초,61.0,2.0,3.0,17.0,벽돌,1.0,3.0,9.0,5.0,26.1
서초,93.0,3.0,1.0,23.0,목조,1.0,1.0,0.0,2.0,21.7
강남,115.0,1.0,2.0,29.0,목조,2.0,2.0,11.0,6.0,29.3
강남,56.0,5.0,2.0,26.0,목조,1.0,3.0,5.0,4.0,26.4
강남,101.0,4.0,1.0,19.0,벽돌,1.0,0.0,12.0,1.0,25.0
강북,154.0,2.0,2.0,19.0,철근콘크리트,2.0,1.0,12.0,10.0,26.8
서초,73.0,2.0,1.0,0.0,목조,2.0,2.0,8.0,1.0,38.6
강북,192.0,3.0,1.0,11.0,철근콘크리트,2.0,2.0,3.0,6.0,31.8
마포,94.0,5.0,2.0,26.0,철근콘크리트,2.0,0.0,10.0,8.0,21.7
마포,183.0,3.0,1.0,36.0,,3.0,2.0,9.0,1.0,28.0
마포,70.0,2.0,2.0,34.0,철근콘크리트,1.0,0.0,1.0,4.0,13.3
강북,118.0,1.0,2.0,6.0,목조,2.0,3.0,11.0,7.0,27.7
강남,73.0,3.0,2.0,0.0,벽돌,2.0,2.0,0.0,6.0,36.4
서초,80.0,,3.0,27.0,철근콘크리트,1.0,3.0,0.0,4.0,25.6
서초,142.0,2.0,1.0,28.0,벽돌,2.0,0.0,5.0,6.0,26.1
강남,127.0,5.0,1.0,20.0,목조,2.0,2.0,3.0,9.0,35.0
서초,73.0,4.0,1.0,12.0,철근콘크리트,2.0,3.0,8.0,3.0,37.3
강남,69.0,2.0,2.0,7.0,벽돌,1.0,3.0,0.0,8.0,31.5
강북,187.0,4.0,1.0,9.0,벽돌,3.0,0.0,7.0,8.0,29.6
강남,115.0,1.0,3.0,32.0,목조,1.0,3.0,2.0,1.0,27.3
강남,145.0,2.0,3.0,8.0,철근콘크리트,2.0,,10.0,8.0,37.9
강남,100.0,5.0,2.0,34.0,목조,2.0,1.0,6.0,2.0,24.3
강남,194.0,1.0,3.0,24.0,벽돌,3.0,2.0,9.0,2.0,36.0
서초,73.0,2.0,1.0,14.0,목조,,0.0,7.0,1.0,19.7
강남,154.0,1.0,3.0,31.0,목조,2.0,3.0,7.0,3.0,32.9
강북,163.0,4.0,2.0,21.0,철근콘크리트,2.0,1.0,0.0,5.0,24.6
강남,70.0,2.0,2.0,1.0,철근콘크리트,2.0,0.0,2.0,3.0,24.5
강북,142.0,2.0,3.0,16.0,철근콘크리트,2.0,0.0,1.0,8.0,22.1
기타,91.0,3.0,3.0,5.0,철근콘크리트,2.0,1.0,10.0,5.0,20.1
서초,55.0,4.0,2.0,,철근콘크리트,1.0,3.0,5.0,6.0,27.6
강북,107.0,,1.0,17.0,목조,2.0,0.0,10.0,9.0,19.3
서초,199.0,,3.0,2.0,목조,3.0,3.0,7.0,6.0,43.7
강북,105.0,4.0,3.0,11.0,목조,2.0,1.0,11.0,7.0,22.9
마포,111.0,2.0,1.0,18.0,벽돌,2.0,2.0,12.0,9.0,28.2
마포,94.0,3.0,,39.0,철근콘크리트,1.0,1.0,10.0,4.0,18.1
강남,61.0,3.0,3.0,11.0,철근콘크리트,1.0,3.0,6.0,5.0,29.5
마포,82.0,1.0,1.0,,목조,1.0,1.0,14.0,1.0,17.8
서초,148.0,1.0,3.0,24.0,철근콘크리트,2.0,3.0,9.0,10.0,35.4
서초,193.0,1.0,2.0,11.0,목조,3.0,2.0,10.0,1.0,36.1
기타,103.0,4.0,2.0,30.0,철근콘크리트,1.0,0.0,14.0,5.0,15.2
강북,128.0,2.0,2.0,6.0,철근콘크리트,2.0,2.0,9.0,5.0,26.0
마포,144.0,2.0,1.0,2.0,목조,2.0,0.0,5.0,7.0,29.3
강남,69.0,1.0,3.0,12.0,목조,,1.0,14.0,2.0,24.4
강남,130.0,,3.0,38.0,목조,2.0,3.0,5.0,5.0,29.9
강북,157.0,5.0,1.0,16.0,벽돌,2.0,2.0,9.0,8.0,29.9
강남,96.0,3.0,3.0,10.0,목조,1.0,3.0,9.0,10.0,36.0
강북,135.0,1.0,3.0,25.0,벽돌,1.0,3.0,1.0,4.0,23.1
서초,132.0,2.0,2.0,11.0,벽돌,2.0,2.0,5.0,5.0,32.0
강북,192.0,4.0,3.0,16.0,목조,2.0,2.0,9.0,4.0,30.9
서초,114.0,2.0,2.0,26.0,목조,1.0,2.0,7.0,9.0,29.4
강북,103.0,3.0,1.0,27.0,목조,1.0,0.0,6.0,7.0,16.5
서초,115.0,2.0,3.0,9.0,목조,1.0,0.0,10.0,5.0,27.2
강북,104.0,1.0,3.0,9.0,철근콘크리트,2.0,0.0,2.0,1.0,15.8
서초,181.0,2.0,2.0,32.0,,2.0,3.0,10.0,7.0,36.2
강남,53.0,4.0,1.0,37.0,벽돌,1.0,2.0,1.0,9.0,23.5
기타,114.0,2.0,3.0,6.0,벽돌,2.0,3.0,14.0,3.0,25.1
마포,176.0,3.0,1.0,16.0,철근콘크리트,,0.0,2.0,1.0,26.6
강북,60.0,,1.0,30.0,철근콘크리트,1.0,1.0,6.0,7.0,14.6
강북,125.0,5.0,3.0,38.0,벽돌,1.0,0.0,4.0,10.0,18.8
마포,183.0,,1.0,4.0,철근콘크리트,2.0,1.0,4.0,1.0,31.9
마포,79.0,3.0,2.0,39.0,목조,2.0,0.0,9.0,4.0,14.5
서초,73.0,5.0,3.0,14.0,벽돌,1.0,1.0,1.0,2.0,26.1
강남,53.0,2.0,2.0,16.0,벽돌,1.0,2.0,13.0,2.0,24.4
기타,182.0,5.0,2.0,0.0,벽돌,2.0,0.0,6.0,5.0,28.8
마포,66.0,2.0,1.0,31.0,철근콘크리트,1.0,2.0,6.0,5.0,18.5
강북,117.0,1.0,3.0,31.0,철근콘크리트,2.0,2.0,9.0,8.0,20.9
강북,112.0,2.0,3.0,32.0,벽돌,2.0,2.0,12.0,9.0,21.5
마포,184.0,4.0,1.0,1.0,목조,2.0,0.0,8.0,1.0,31.5
강남,105.0,,3.0,34.0,벽돌,2.0,2.0,1.0,10.0,29.8
기타,82.0,1.0,3.0,22.0,목조,2.0,0.0,12.0,8.0,14.5
마포,151.0,1.0,1.0,1.0,목조,2.0,3.0,10.0,2.0,33.4
강남,77.0,4.0,2.0,39.0,벽돌,1.0,3.0,0.0,5.0,25.4
서초,189.0,4.0,3.0,26.0,철근콘크리트,2.0,1.0,8.0,1.0,32.0
강남,155.0,5.0,3.0,24.0,철근콘크리트,2.0,3.0,9.0,3.0,36.6
기타,190.0,2.0,2.0,18.0,목조,2.0,2.0,7.0,4.0,28.1
마포,53.0,1.0,1.0,11.0,철근콘크리트,1.0,0.0,5.0,5.0,16.6
서초,167.0,1.0,2.0,9.0,목조,2.0,3.0,0.0,2.0,35.4
강남,93.0,1.0,2.0,9.0,목조,2.0,1.0,14.0,7.0,29.9
강남,181.0,3.0,2.0,22.0,,2.0,2.0,1.0,6.0,37.3
강남,72.0,3.0,1.0,37.0,철근콘크리트,1.0,3.0,7.0,1.0,23.5
마포,174.0,,2.0,37.0,철근콘크리트,2.0,2.0,6.0,6.0,29.1
강북,70.0,4.0,2.0,10.0,목조,2.0,0.0,11.0,1.0,14.6
서초,57.0,1.0,1.0,35.0,철근콘크리트,1.0,0.0,8.0,7.0,16.5
서초,105.0,3.0,2.0,4.0,철근콘크리트,2.0,0.0,9.0,4.0,27.1
강남,180.0,2.0,2.0,36.0,벽돌,3.0,0.0,10.0,1.0,28.3
강남,141.0,3.0,1.0,25.0,목조,2.0,0.0,13.0,8.0,30.9
서초,106.0,3.0,1.0,13.0,벽돌,1.0,0.0,1.0,1.0,23.1
마포,62.0,2.0,1.0,28.0,철근콘크리트,1.0,1.0,5.0,6.0,17.1
강남,77.0,5.0,1.0,,철근콘크리트,1.0,1.0,6.0,9.0,30.3
강북,180.0,2.0,2.0,,목조,2.0,3.0,13.0,1.0,30.6
마포,60.0,4.0,1.0,5.0,벽돌,1.0,1.0,5.0,6.0,22.5
서초,180.0,5.0,2.0,25.0,목조,2.0,2.0,6.0,8.0,37.1
강북,160.0,3.0,1.0,10.0,목조,2.0,1.0,13.0,9.0,29.3
기타,169.0,,1.0,4.0,철근콘크리트,3.0,3.0,6.0,1.0,28.7
마포,73.0,5.0,2.0,12.0,벽돌,3.0,1.0,9.0,10.0,34.6
강북,134.0,3.0,3.0,27.0,목조,1.0,0.0,14.0,8.0,20.9
강남,54.0,1.0,2.0,33.0,목조,,2.0,13.0,8.0,23.6
서초,129.0,3.0,1.0,11.0,목조,,2.0,14.0,6.0,33.6
강북,57.0,5.0,3.0,33.0,목조,1.0,3.0,12.0,2.0,18.3
서초,113.0,1.0,1.0,35.0,목조,1.0,1.0,7.0,7.0,24.0
강남,130.0,4.0,1.0,19.0,철근콘크리트,1.0,0.0,11.0,10.0,32.3
강남,125.0,3.0,2.0,22.0,벽돌,2.0,1.0,5.0,7.0,30.6
마포,67.0,3.0,2.0,,철근콘크리트,,3.0,14.0,9.0,24.5
기타,140.0,3.0,3.0,7.0,벽돌,2.0,0.0,5.0,2.0,23.4
강북,90.0,3.0,3.0,35.0,목조,1.0,3.0,3.0,10.0,20.8
강남,174.0,1.0,3.0,,목조,2.0,2.0,2.0,4.0,32.1
강남,152.0,4.0,1.0,10.0,철근콘크리트,2.0,1.0,4.0,5.0,35.1
마포,112.0,1.0,3.0,29.0,목조,2.0,1.0,7.0,4.0,20.6
마포,146.0,1.0,3.0,33.0,철근콘크리트,2.0,3.0,0.0,3.0,26.0
강남,167.0,1.0,3.0,15.0,철근콘크리트,2.0,2.0,5.0,8.0,38.3
강북,77.0,5.0,2.0,35.0,벽돌,1.0,3.0,8.0,10.0,21.0
강남,191.0,3.0,1.0,39.0,철근콘크리트,2.0,3.0,10.0,4.0,36.8
강남,89.0,5.0,3.0,25.0,철근콘크리트,2.0,3.0,12.0,9.0,33.1
마포,73.0,2.0,3.0,25.0,목조,1.0,3.0,12.0,7.0,26.8
강남,135.0,5.0,1.0,19.0,벽돌,2.0,2.0,8.0,3.0,33.5
강남,88.0,2.0,1.0,26.0,벽돌,1.0,2.0,5.0,10.0,29.1
강북,114.0,3.0,1.0,15.0,벽돌,2.0,0.0,1.0,10.0,21.0
마포,98.0,3.0,3.0,0.0,목조,2.0,1.0,0.0,6.0,26.3
마포,125.0,3.0,2.0,31.0,벽돌,2.0,2.0,1.0,3.0,23.4
강남,106.0,,3.0,24.0,철근콘크리트,1.0,3.0,1.0,9.0,33.4
서초,122.0,4.0,2.0,15.0,목조,2.0,1.0,13.0,6.0,30.5
서초,183.0,5.0,1.0,31.0,철근콘크리트,3.0,1.0,7.0,8.0,34.3
강남,183.0,2.0,2.0,18.0,목조,2.0,2.0,6.0,3.0,36.8
강남,54.0,2.0,,27.0,벽돌,1.0,1.0,5.0,5.0,21.0
마포,144.0,5.0,3.0,34.0,철근콘크리트,2.0,0.0,4.0,4.0,22.5
강남,195.0,2.0,2.0,16.0,목조,3.0,,11.0,1.0,39.9
강남,160.0,5.0,1.0,36.0,,3.0,1.0,5.0,8.0,32.8
강남,73.0,4.0,1.0,7.0,철근콘크리트,1.0,2.0,9.0,5.0,30.3
서초,186.0,3.0,1.0,2.0,벽돌,2.0,3.0,10.0,5.0,42.2
강북,192.0,1.0,3.0,2.0,철근콘크리트,2.0,0.0,4.0,2.0,26.7
강북,168.0,1.0,2.0,26.0,목조,2.0,2.0,7.0,8.0,26.8
강북,121.0,2.0,1.0,33.0,목조,2.0,0.0,5.0,4.0,14.5
마포,146.0,1.0,2.0,25.0,벽돌,2.0,0.0,3.0,1.0,20.9
강남,82.0,4.0,3.0,22.0,목조,1.0,1.0,3.0,1.0,23.6
마포,88.0,2.0,2.0,37.0,목조,1.0,3.0,11.0,2.0,20.0
마포,66.0,4.0,1.0,27.0,,1.0,1.0,4.0,8.0,19.6
기타,184.0,2.0,2.0,38.0,벽돌,3.0,0.0,5.0,9.0,21.8
서초,196.0,5.0,3.0,2.0,목조,2.0,2.0,7.0,2.0,43.4
강남,144.0,4.0,3.0,1.0,목조,2.0,3.0,9.0,5.0,40.6
마포,59.0,1.0,1.0,35.0,목조,1.0,0.0,11.0,5.0,13.0
서초,158.0,5.0,1.0,0.0,목조,2.0,2.0,7.0,8.0,40.0
강남,126.0,2.0,2.0,27.0,벽돌,2.0,0.0,1.0,10.0,28.3
강북,161.0,1.0,2.0,22.0,벽돌,2.0,1.0,10.0,5.0,23.7
강북,164.0,1.0,3.0,12.0,벽돌,3.0,1.0,14.0,5.0,26.4
강북,99.0,3.0,1.0,24.0,목조,1.0,0.0,0.0,8.0,16.6
마포,73.0,3.0,3.0,32.0,목조,1.0,1.0,10.0,4.0,18.8
강북,155.0,4.0,3.0,6.0,벽돌,2.0,3.0,0.0,5.0,30.8
강남,70.0,5.0,3.0,18.0,벽돌,2.0,2.0,13.0,2.0,27.2
기타,193.0,2.0,3.0,20.0,벽돌,2.0,0.0,8.0,1.0,22.6
강남,113.0,3.0,3.0,24.0,벽돌,1.0,0.0,5.0,10.0,28.5
강남,146.0,5.0,3.0,0.0,벽돌,2.0,1.0,0.0,3.0,35.6
강북,84.0,2.0,3.0,4.0,철근콘크리트,1.0,3.0,6.0,10.0,26.2
서초,69.0,1.0,3.0,14.0,목조,1.0,2.0,5.0,4.0,24.1
기타,136.0,2.0,3.0,28.0,철근콘크리트,2.0,2.0,8.0,2.0,19.8
마포,160.0,1.0,2.0,30.0,철근콘크리트,2.0,2.0,9.0,4.0,27.4
강남,178.0,3.0,1.0,3.0,철근콘크리트,3.0,1.0,14.0,8.0,41.1
기타,85.0,1.0,2.0,18.0,벽돌,2.0,3.0,13.0,4.0,19.7
강북,196.0,3.0,3.0,13.0,벽돌,2.0,3.0,3.0,4.0,32.8
서초,156.0,,1.0,18.0,철근콘크리트,2.0,1.0,7.0,6.0,33.2
서초,112.0,4.0,1.0,3.0,벽돌,2.0,2.0,12.0,1.0,31.3
서초,91.0,2.0,2.0,3.0,목조,2.0,0.0,13.0,10.0,28.8
기타,124.0,5.0,1.0,9.0,철근콘크리트,2.0,3.0,5.0,3.0,26.6
마포,76.0,3.0,3.0,18.0,목조,2.0,2.0,13.0,2.0,21.8
서초,86.0,1.0,2.0,15.0,벽돌,1.0,3.0,10.0,10.0,31.1
마포,195.0,3.0,1.0,15.0,벽돌,3.0,3.0,10.0,7.0,38.5
서초,118.0,5.0,2.0,32.0,벽돌,1.0,1.0,11.0,7.0,27.5
강북,101.0,3.0,2.0,5.0,철근콘크리트,1.0,0.0,7.0,9.0,21.8
강남,178.0,4.0,3.0,36.0,철근콘크리트,3.0,3.0,11.0,2.0,35.7
강북,181.0,2.0,3.0,32.0,목조,2.0,0.0,3.0,5.0,21.5
마포,116.0,2.0,1.0,22.0,목조,2.0,1.0,10.0,1.0,21.7
강남,144.0,3.0,2.0,1.0,,2.0,2.0,3.0,1.0,35.5
강남,194.0,2.0,3.0,36.0,철근콘크리트,3.0,2.0,0.0,9.0,36.7
마포,83.0,4.0,2.0,33.0,목조,2.0,2.0,1.0,2.0,18.8
강남,166.0,5.0,3.0,34.0,목조,2.0,0.0,4.0,9.0,32.2
강남,88.0,5.0,3.0,0.0,벽돌,1.0,1.0,11.0,1.0,29.9
강북,190.0,5.0,1.0,2.0,목조,3.0,3.0,12.0,10.0,39.3
강북,75.0,1.0,1.0,33.0,철근콘크리트,1.0,3.0,5.0,4.0,15.9
서초,143.0,5.0,1.0,22.0,벽돌,2.0,0.0,2.0,8.0,29.6
강북,57.0,3.0,2.0,35.0,벽돌,1.0,0.0,1.0,1.0,6.8
기타,67.0,2.0,2.0,5.0,목조,1.0,3.0,5.0,1.0,18.7
강남,158.0,,1.0,12.0,목조,2.0,1.0,3.0,7.0,35.7
강남,191.0,5.0,,19.0,철근콘크리트,2.0,0.0,12.0,8.0,38.0
서초,169.0,5.0,2.0,17.0,목조,2.0,3.0,2.0,2.0,36.2
서초,139.0,1.0,2.0,34.0,철근콘크리트,2.0,1.0,14.0,5.0,26.5
강남,72.0,3.0,1.0,22.0,목조,1.0,0.0,3.0,6.0,22.6
서초,167.0,4.0,3.0,22.0,벽돌,2.0,0.0,13.0,1.0,29.1
강남,60.0,1.0,2.0,39.0,철근콘크리트,1.0,1.0,7.0,3.0,15.9
마포,154.0,5.0,3.0,26.0,벽돌,2.0,0.0,8.0,7.0,27.0
마포,146.0,4.0,2.0,38.0,벽돌,2.0,3.0,4.0,1.0,25.9
기타,92.0,1.0,1.0,7.0,철근콘크리트,2.0,0.0,3.0,1.0,14.1
강남,164.0,3.0,2.0,10.0,벽돌,3.0,0.0,11.0,4.0,34.0
강남,96.0,3.0,2.0,39.0,철근콘크리트,1.0,1.0,7.0,9.0,25.5
강남,77.0,4.0,1.0,16.0,목조,1.0,3.0,8.0,8.0,32.3
서초,73.0,2.0,2.0,33.0,목조,1.0,3.0,8.0,7.0,25.0
강남,175.0,4.0,3.0,33.0,목조,2.0,1.0,3.0,2.0,31.2
강남,140.0,4.0,2.0,14.0,목조,2.0,3.0,10.0,2.0,36.2
마포,84.0,2.0,3.0,20.0,목조,2.0,0.0,9.0,1.0,16.8
강남,99.0,1.0,2.0,31.0,목조,2.0,1.0,5.0,1.0,22.2
서초,67.0,5.0,1.0,23.0,철근콘크리트,1.0,2.0,9.0,1.0,23.0
강남,118.0,1.0,,5.0,목조,2.0,3.0,5.0,6.0,36.6
강남,67.0,3.0,1.0,6.0,벽돌,1.0,2.0,7.0,3.0,28.2
강남,140.0,4.0,2.0,19.0,벽돌,2.0,2.0,1.0,8.0,35.3
기타,64.0,2.0,2.0,38.0,벽돌,1.0,1.0,4.0,7.0,10.7
강남,188.0,2.0,2.0,1.0,벽돌,3.0,3.0,14.0,6.0,45.0
서초,138.0,3.0,3.0,18.0,목조,2.0,3.0,13.0,8.0,36.0
강북,132.0,5.0,1.0,3.0,철근콘크리트,2.0,1.0,5.0,10.0,28.6
강남,65.0,4.0,1.0,24.0,철근콘크리트,1.0,0.0,9.0,8.0,23.6
서초,76.0,3.0,3.0,17.0,목조,1.0,0.0,8.0,1.0,20.0
강남,181.0,4.0,2.0,29.0,벽돌,,2.0,7.0,8.0,38.0
강남,73.0,1.0,2.0,31.0,목조,1.0,,6.0,1.0,17.1
강북,198.0,2.0,,10.0,철근콘크리트,3.0,0.0,8.0,2.0,26.6
강북,53.0,5.0,2.0,33.0,벽돌,1.0,1.0,8.0,5.0,12.5
강북,194.0,1.0,3.0,25.0,,2.0,2.0,0.0,9.0,29.4
강남,123.0,5.0,1.0,10.0,벽돌,1.0,2.0,4.0,2.0,33.2
서초,140.0,4.0,2.0,10.0,철근콘크리트,2.0,0.0,11.0,6.0,31.1
기타,153.0,5.0,3.0,24.0,철근콘크리트,2.0,0.0,13.0,9.0,23.8
마포,175.0,3.0,2.0,2.0,목조,2.0,3.0,2.0,8.0,38.8
강북,81.0,2.0,2.0,5.0,철근콘크리트,2.0,1.0,4.0,5.0,19.0
마포,179.0,1.0,3.0,32.0,목조,2.0,1.0,3.0,7.0,27.8
강남,131.0,1.0,3.0,19.0,철근콘크리트,2.0,0.0,12.0,2.0,27.0
기타,73.0,2.0,3.0,9.0,목조,1.0,1.0,8.0,6.0,17.3
강북,175.0,3.0,2.0,20.0,벽돌,3.0,2.0,6.0,7.0,29.1
서초,136.0,4.0,2.0,26.0,철근콘크리트,2.0,1.0,0.0,2.0,26.4
기타,137.0,5.0,2.0,22.0,목조,1.0,3.0,4.0,2.0,27.2
서초,76.0,3.0,3.0,38.0,목조,1.0,1.0,14.0,8.0,21.9
강북,112.0,4.0,2.0,34.0,목조,2.0,1.0,0.0,10.0,19.4
강남,114.0,3.0,3.0,20.0,벽돌,2.0,0.0,0.0,8.0,27.9
서초,188.0,2.0,2.0,6.0,목조,2.0,0.0,10.0,9.0,37.1
강남,180.0,2.0,3.0,13.0,목조,2.0,2.0,4.0,5.0,38.3
마포,79.0,4.0,1.0,21.0,목조,1.0,,11.0,8.0,24.8
마포,159.0,3.0,1.0,,철근콘크리트,2.0,0.0,12.0,6.0,30.4
강남,180.0,2.0,1.0,3.0,철근콘크리트,3.0,0.0,10.0,6.0,37.4
강남,76.0,5.0,3.0,34.0,철근콘크리트,2.0,2.0,5.0,3.0,24.3
강북,169.0,2.0,1.0,14.0,목조,2.0,3.0,10.0,7.0,31.6
기타,150.0,4.0,3.0,14.0,벽돌,2.0,0.0,2.0,3.0,20.9
강남,163.0,1.0,3.0,22.0,벽돌,2.0,0.0,0.0,4.0,29.4
강남,60.0,,3.0,8.0,벽돌,1.0,3.0,5.0,1.0,28.1
강북,176.0,1.0,3.0,29.0,철근콘크리트,2.0,1.0,8.0,8.0,25.1
마포,136.0,1.0,1.0,15.0,철근콘크리트,2.0,2.0,3.0,2.0,25.9
기타,154.0,3.0,2.0,33.0,철근콘크리트,2.0,3.0,0.0,6.0,24.3
서초,133.0,1.0,3.0,20.0,벽돌,2.0,3.0,14.0,2.0,31.2
서초,199.0,1.0,2.0,28.0,벽돌,2.0,2.0,6.0,6.0,35.4
강남,111.0,3.0,1.0,14.0,목조,1.0,1.0,0.0,8.0,30.8
서초,70.0,5.0,1.0,8.0,벽돌,1.0,1.0,1.0,3.0,24.5
강남,148.0,3.0,1.0,17.0,벽돌,2.0,2.0,12.0,10.0,38.1
강북,52.0,1.0,3.0,15.0,벽돌,1.0,0.0,13.0,2.0,11.0
강북,194.0,4.0,2.0,18.0,목조,2.0,2.0,7.0,8.0,32.5
강남,105.0,1.0,3.0,8.0,벽돌,2.0,3.0,14.0,5.0,34.3
강북,160.0,4.0,2.0,33.0,철근콘크리트,2.0,2.0,7.0,8.0,26.1
마포,91.0,4.0,3.0,36.0,벽돌,1.0,3.0,9.0,3.0,22.3
강남,76.0,1.0,1.0,36.0,철근콘크리트,2.0,3.0,9.0,4.0,24.8
기타,116.0,4.0,2.0,35.0,철근콘크리트,2.0,2.0,2.0,4.0,17.8
강남,181.0,3.0,3.0,13.0,철근콘크리트,2.0,3.0,5.0,8.0,42.7
기타,72.0,4.0,3.0,27.0,철근콘크리트,1.0,1.0,5.0,2.0,12.3
서초,198.0,,1.0,19.0,철근콘크리트,3.0,,10.0,10.0,36.5
강북,117.0,4.0,2.0,3.0,철근콘크리트,2.0,1.0,12.0,7.0,25.8
강남,154.0,2.0,3.0,36.0,벽돌,2.0,0.0,10.0,1.0,25.7
강남,146.0,3.0,2.0,31.0,철근콘크리트,2.0,3.0,11.0,8.0,36.0
서초,142.0,1.0,1.0,6.0,철근콘크리트,2.0,1.0,6.0,10.0,34.1
강북,73.0,4.0,3.0,11.0,벽돌,1.0,2.0,5.0,8.0,21.0
서초,132.0,1.0,3.0,28.0,목조,2.0,2.0,9.0,4.0,28.0
서초,99.0,1.0,1.0,22.0,목조,2.0,3.0,9.0,6.0,28.9
강북,87.0,2.0,3.0,38.0,철근콘크리트,1.0,2.0,12.0,1.0,13.8
서초,185.0,3.0,3.0,22.0,철근콘크리트,2.0,3.0,5.0,7.0,38.6
강남,88.0,4.0,1.0,35.0,철근콘크리트,1.0,0.0,8.0,2.0,20.6
마포,59.0,3.0,3.0,15.0,목조,1.0,0.0,0.0,8.0,18.4
강남,104.0,2.0,1.0,11.0,벽돌,2.0,1.0,3.0,8.0,30.5
강북,197.0,2.0,2.0,1.0,철근콘크리트,3.0,,2.0,10.0,31.7
강북,114.0,2.0,2.0,9.0,벽돌,2.0,1.0,3.0,1.0,19.4
강남,104.0,3.0,3.0,3.0,목조,1.0,2.0,5.0,7.0,34.3
강북,119.0,4.0,2.0,24.0,철근콘크리트,2.0,0.0,12.0,5.0,18.8
서초,136.0,5.0,2.0,5.0,목조,2.0,0.0,5.0,2.0,29.6
강북,86.0,5.0,2.0,,목조,2.0,0.0,10.0,4.0,13.1
강북,93.0,3.0,3.0,12.0,벽돌,2.0,3.0,9.0,5.0,23.8
서초,128.0,2.0,1.0,34.0,벽돌,2.0,0.0,0.0,9.0,24.5
서초,194.0,1.0,3.0,32.0,,,1.0,3.0,1.0,29.3
강북,190.0,2.0,1.0,22.0,철근콘크리트,2.0,1.0,3.0,9.0,28.4
강남,134.0,5.0,3.0,23.0,목조,2.0,1.0,4.0,4.0,21.7
강북,110.0,4.0,3.0,17.0,철근콘크리트,1.0,1.0,0.0,1.0,18.1
강남,68.0,5.0,2.0,26.0,벽돌,,0.0,2.0,2.0,20.3
마포,54.0,1.0,1.0,24.0,철근콘크리트,1.0,3.0,10.0,2.0,19.1
기타,171.0,4.0,3.0,15.0,벽돌,2.0,1.0,6.0,5.0,26.2
강북,68.0,,2.0,25.0,철근콘크리트,2.0,0.0,7.0,8.0,14.5
서초,52.0,4.0,2.0,8.0,벽돌,1.0,2.0,0.0,1.0,23.1
강북,55.0,3.0,1.0,30.0,철근콘크리트,1.0,3.0,10.0,2.0,15.0
서초,189.0,3.0,3.0,11.0,벽돌,2.0,2.0,5.0,9.0,40.2
강남,175.0,4.0,2.0,14.0,철근콘크리트,3.0,3.0,13.0,10.0,44.0
서초,155.0,1.0,2.0,23.0,,2.0,3.0,5.0,2.0,32.0
기타,102.0,3.0,3.0,39.0,철근콘크리트,2.0,2.0,4.0,1.0,13.8
강남,94.0,1.0,1.0,15.0,철근콘크리트,2.0,0.0,8.0,9.0,27.2
마포,170.0,1.0,1.0,11.0,벽돌,3.0,0.0,1.0,2.0,26.4
강북,134.0,4.0,1.0,29.0,목조,1.0,0.0,1.0,9.0,20.2
강남,83.0,1.0,1.0,13.0,벽돌,2.0,1.0,14.0,9.0,29.1
강북,54.0,5.0,2.0,,철근콘크리트,1.0,1.0,12.0,9.0,14.0
강남,171.0,1.0,1.0,21.0,벽돌,2.0,2.0,3.0,2.0,35.7
강남,96.0,5.0,2.0,8.0,벽돌,1.0,1.0,13.0,8.0,32.8
마포,70.0,5.0,1.0,24.0,철근콘크리트,1.0,0.0,5.0,8.0,19.2
마포,103.0,3.0,3.0,4.0,철근콘크리트,2.0,3.0,9.0,9.0,32.4
마포,146.0,4.0,,10.0,목조,2.0,0.0,6.0,3.0,26.7
서초,196.0,5.0,3.0,22.0,벽돌,2.0,1.0,5.0,4.0,35.2
마포,68.0,1.0,1.0,4.0,벽돌,1.0,0.0,0.0,7.0,20.0
강남,71.0,2.0,1.0,14.0,목조,1.0,0.0,4.0,8.0,24.7
강북,100.0,5.0,2.0,34.0,철근콘크리트,2.0,2.0,2.0,5.0,18.4
강남,60.0,1.0,1.0,26.0,목조,1.0,2.0,0.0,4.0,22.3
강북,121.0,4.0,2.0,31.0,목조,1.0,3.0,11.0,2.0,22.0
서초,146.0,1.0,2.0,6.0,목조,1.0,3.0,4.0,3.0,34.8
마포,154.0,3.0,2.0,3.0,벽돌,2.0,2.0,12.0,7.0,35.0
강남,123.0,5.0,3.0,34.0,목조,2.0,1.0,7.0,9.0,30.2
마포,60.0,,1.0,5.0,목조,1.0,2.0,5.0,10.0,27.0
기타,196.0,5.0,3.0,19.0,벽돌,2.0,1.0,10.0,2.0,27.3
강북,131.0,2.0,3.0,39.0,벽돌,2.0,2.0,13.0,5.0,20.1
강남,103.0,3.0,1.0,33.0,목조,2.0,2.0,9.0,4.0,27.1
기타,141.0,3.0,2.0,13.0,벽돌,2.0,1.0,11.0,7.0,24.6
강남,70.0,5.0,2.0,27.0,철근콘크리트,1.0,3.0,13.0,6.0,29.4
서초,192.0,5.0,3.0,8.0,철근콘크리트,3.0,2.0,7.0,1.0,38.3
서초,53.0,5.0,2.0,12.0,철근콘크리트,1.0,3.0,2.0,4.0,26.6
강북,114.0,3.0,2.0,37.0,벽돌,2.0,1.0,2.0,5.0,16.2
마포,152.0,3.0,2.0,26.0,철근콘크리트,2.0,0.0,10.0,8.0,26.5
강북,180.0,3.0,3.0,25.0,벽돌,2.0,3.0,2.0,5.0,29.2
강남,199.0,2.0,1.0,25.0,철근콘크리트,3.0,0.0,8.0,6.0,34.7
마포,143.0,5.0,2.0,36.0,철근콘크리트,2.0,0.0,8.0,2.0,21.4
서초,124.0,2.0,2.0,1.0,목조,2.0,2.0,12.0,6.0,34.4
마포,153.0,1.0,1.0,36.0,목조,2.0,1.0,12.0,4.0,23.8
강남,192.0,4.0,3.0,,목조,2.0,2.0,14.0,7.0,44.1
강북,116.0,1.0,2.0,26.0,벽돌,2.0,0.0,11.0,2.0,15.0
마포,71.0,2.0,3.0,35.0,목조,1.0,3.0,14.0,9.0,23.0
강북,138.0,4.0,3.0,32.0,철근콘크리트,2.0,2.0,2.0,2.0,21.6
마포,56.0,3.0,3.0,33.0,벽돌,1.0,2.0,3.0,5.0,17.3
강남,51.0,3.0,3.0,9.0,벽돌,1.0,1.0,1.0,3.0,23.4
서초,133.0,5.0,2.0,30.0,벽돌,2.0,0.0,5.0,8.0,27.3
기타,132.0,2.0,3.0,7.0,벽돌,1.0,0.0,7.0,2.0,19.5
서초,81.0,1.0,1.0,8.0,철근콘크리트,1.0,2.0,13.0,2.0,29.3
강북,60.0,3.0,3.0,29.0,벽돌,2.0,,9.0,7.0,16.1
기타,124.0,3.0,1.0,17.0,벽돌,2.0,3.0,8.0,1.0,22.8
마포,178.0,4.0,3.0,4.0,철근콘크리트,2.0,1.0,10.0,4.0,34.0
강남,119.0,5.0,1.0,18.0,철근콘크리트,1.0,0.0,2.0,6.0,29.0
강북,158.0,2.0,2.0,5.0,벽돌,2.0,1.0,5.0,7.0,27.8
마포,173.0,4.0,1.0,14.0,목조,2.0,0.0,3.0,10.0,31.8
강남,160.0,4.0,2.0,21.0,철근콘크리트,2.0,2.0,13.0,10.0,39.1
강북,74.0,,2.0,27.0,철근콘크리트,1.0,2.0,12.0,7.0,18.2
강남,103.0,3.0,1.0,28.0,벽돌,1.0,,3.0,3.0,29.0
마포,154.0,3.0,2.0,,벽돌,2.0,2.0,1.0,2.0,31.8
마포,95.0,2.0,1.0,27.0,목조,1.0,3.0,2.0,6.0,24.3
마포,113.0,4.0,1.0,13.0,철근콘크리트,,3.0,7.0,10.0,32.4
강남,142.0,1.0,1.0,17.0,철근콘크리트,2.0,1.0,3.0,1.0,29.1
기타,52.0,,3.0,8.0,목조,1.0,0.0,3.0,3.0,11.4
기타,66.0,3.0,1.0,38.0,목조,1.0,3.0,11.0,3.0,14.1
강북,109.0,4.0,2.0,12.0,,2.0,2.0,3.0,5.0,23.3
강북,74.0,5.0,2.0,26.0,목조,2.0,2.0,12.0,4.0,17.9
강남,53.0,2.0,1.0,1.0,목조,1.0,3.0,11.0,7.0,21.7
마포,74.0,5.0,1.0,35.0,목조,2.0,3.0,4.0,4.0,21.3
기타,133.0,3.0,2.0,35.0,벽돌,2.0,2.0,10.0,6.0,20.8
기타,88.0,5.0,3.0,34.0,목조,1.0,1.0,9.0,3.0,13.9
강남,155.0,5.0,2.0,9.0,목조,2.0,1.0,13.0,4.0,36.5
마포,135.0,4.0,2.0,2.0,,2.0,2.0,0.0,8.0,33.1
강남,151.0,3.0,1.0,27.0,벽돌,2.0,2.0,0.0,1.0,30.7
서초,63.0,2.0,2.0,8.0,철근콘크리트,1.0,3.0,2.0,5.0,27.4
기타,149.0,5.0,3.0,15.0,철근콘크리트,2.0,0.0,0.0,7.0,22.9
기타,107.0,1.0,2.0,5.0,철근콘크리트,2.0,2.0,1.0,1.0,19.8
마포,104.0,4.0,1.0,3.0,철근콘크리트,2.0,2.0,3.0,2.0,28.6
강북,192.0,5.0,1.0,22.0,목조,2.0,2.0,1.0,7.0,30.9
기타,73.0,4.0,3.0,2.0,목조,3.0,2.0,0.0,6.0,29.7
서초,130.0,2.0,3.0,28.0,목조,1.0,0.0,4.0,9.0,26.3
마포,91.0,5.0,2.0,20.0,목조,1.0,3.0,6.0,9.0,28.7
강북,145.0,4.0,1.0,39.0,목조,2.0,2.0,9.0,2.0,20.6
강남,125.0,2.0,3.0,5.0,벽돌,1.0,0.0,13.0,1.0,29.3
강북,118.0,2.0,1.0,0.0,벽돌,2.0,3.0,1.0,7.0,28.4
강북,54.0,1.0,3.0,23.0,벽돌,1.0,0.0,10.0,2.0,9.3
마포,185.0,5.0,2.0,4.0,목조,3.0,1.0,8.0,3.0,34.5
강북,126.0,2.0,2.0,5.0,철근콘크리트,1.0,3.0,14.0,2.0,26.5
강북,101.0,1.0,1.0,11.0,,1.0,2.0,11.0,9.0,24.0
기타,157.0,4.0,1.0,28.0,목조,3.0,3.0,11.0,3.0,25.7
마포,186.0,5.0,1.0,35.0,목조,3.0,0.0,12.0,2.0,26.3
마포,120.0,3.0,2.0,13.0,벽돌,,2.0,8.0,9.0,30.2
서초,60.0,5.0,,33.0,철근콘크리트,1.0,2.0,9.0,3.0,21.3
마포,151.0,5.0,3.0,7.0,목조,2.0,2.0,11.0,7.0,34.8
서초,133.0,5.0,2.0,21.0,철근콘크리트,2.0,0.0,5.0,2.0,26.1
서초,196.0,4.0,3.0,39.0,벽돌,2.0,3.0,2.0,2.0,36.0
서초,149.0,1.0,3.0,33.0,목조,2.0,,7.0,2.0,29.5
강남,156.0,2.0,2.0,31.0,철근콘크리트,2.0,0.0,6.0,4.0,28.0
강남,198.0,3.0,1.0,23.0,철근콘크리트,,2.0,5.0,8.0,40.4
강남,181.0,3.0,3.0,1.0,벽돌,2.0,2.0,4.0,4.0,30.8
강북,65.0,3.0,3.0,32.0,철근콘크리트,1.0,1.0,6.0,6.0,13.2
마포,109.0,3.0,,23.0,목조,1.0,1.0,9.0,3.0,22.2
서초,103.0,1.0,2.0,15.0,벽돌,1.0,0.0,7.0,8.0,25.5
강남,189.0,3.0,3.0,10.0,목조,2.0,3.0,0.0,6.0,42.4
강남,103.0,1.0,3.0,7.0,목조,1.0,3.0,10.0,6.0,29.4
기타,142.0,1.0,2.0,9.0,철근콘크리트,2.0,2.0,0.0,2.0,22.9
기타,104.0,1.0,3.0,32.0,목조,2.0,2.0,5.0,4.0,16.0
마포,57.0,2.0,2.0,28.0,목조,1.0,1.0,1.0,2.0,14.2
기타,144.0,3.0,2.0,29.0,목조,2.0,3.0,14.0,4.0,24.5
강남,130.0,5.0,2.0,0.0,벽돌,2.0,3.0,6.0,1.0,37.6
강북,132.0,1.0,2.0,29.0,목조,2.0,2.0,12.0,2.0,20.1
강북,188.0,1.0,3.0,14.0,목조,3.0,0.0,5.0,3.0,25.0
마포,180.0,2.0,3.0,31.0,목조,2.0,3.0,0.0,8.0,32.8
강북,129.0,3.0,1.0,11.0,철근콘크리트,2.0,1.0,4.0,5.0,23.1
마포,124.0,1.0,1.0,18.0,철근콘크리트,2.0,2.0,8.0,5.0,26.6
마포,94.0,5.0,3.0,21.0,벽돌,2.0,1.0,10.0,1.0,21.2
강남,76.0,2.0,3.0,10.0,철근콘크리트,1.0,2.0,9.0,9.0,31.0
서초,169.0,5.0,3.0,33.0,철근콘크리트,2.0,1.0,14.0,2.0,30.2
강북,58.0,5.0,1.0,37.0,목조,,2.0,5.0,4.0,13.4
마포,143.0,5.0,3.0,18.0,철근콘크리트,2.0,3.0,14.0,6.0,33.6
서초,97.0,4.0,1.0,9.0,,1.0,3.0,6.0,10.0,34.5
강남,72.0,1.0,1.0,2.0,목조,1.0,1.0,3.0,7.0,28.1
서초,51.0,1.0,2.0,33.0,벽돌,1.0,0.0,13.0,5.0,15.8
마포,79.0,5.0,2.0,28.0,벽돌,1.0,0.0,0.0,2.0,15.8
강남,193.0,4.0,1.0,21.0,목조,3.0,0.0,4.0,2.0,33.5
서초,145.0,5.0,3.0,12.0,벽돌,2.0,1.0,8.0,8.0,34.4
서초,165.0,1.0,,13.0,목조,2.0,0.0,4.0,8.0,31.8
서초,93.0,2.0,2.0,10.0,목조,1.0,2.0,9.0,2.0,27.2
서초,161.0,5.0,3.0,3.0,철근콘크리트,2.0,2.0,8.0,7.0,39.3
서초,125.0,5.0,3.0,25.0,벽돌,1.0,2.0,5.0,6.0,30.1
서초,53.0,5.0,2.0,25.0,목조,1.0,3.0,5.0,8.0,26.3
강남,166.0,4.0,3.0,2.0,철근콘크리트,2.0,0.0,12.0,9.0,38.9
강북,83.0,2.0,1.0,7.0,벽돌,2.0,3.0,8.0,7.0,24.2
서초,188.0,1.0,2.0,6.0,철근콘크리트,2.0,1.0,12.0,5.0,36.8
강남,102.0,1.0,3.0,10.0,철근콘크리트,1.0,0.0,9.0,6.0,27.6
마포,61.0,1.0,2.0,9.0,벽돌,1.0,2.0,5.0,5.0,21.8
서초,134.0,2.0,3.0,20.0,목조,2.0,3.0,4.0,1.0,30.3
강북,177.0,5.0,1.0,24.0,목조,2.0,0.0,11.0,10.0,27.5
강북,96.0,3.0,3.0,10.0,철근콘크리트,,3.0,11.0,1.0,22.7
강남,115.0,2.0,3.0,15.0,벽돌,1.0,1.0,5.0,7.0,30.5
서초,93.0,3.0,3.0,38.0,벽돌,2.0,3.0,8.0,7.0,26.5
기타,76.0,2.0,2.0,11.0,벽돌,1.0,0.0,13.0,5.0,15.2
강남,81.0,2.0,1.0,31.0,철근콘크리트,2.0,,5.0,8.0,22.4
서초,189.0,1.0,2.0,12.0,목조,2.0,3.0,3.0,8.0,40.3
강북,170.0,5.0,3.0,26.0,철근콘크리트,2.0,3.0,4.0,3.0,28.2
마포,114.0,3.0,2.0,26.0,벽돌,2.0,0.0,2.0,9.0,22.4
강북,91.0,5.0,1.0,21.0,철근콘크리트,1.0,3.0,6.0,2.0,21.0
강남,156.0,1.0,3.0,6.0,철근콘크리트,2.0,2.0,12.0,6.0,38.1
강남,137.0,2.0,1.0,7.0,목조,2.0,0.0,2.0,9.0,33.0
서초,149.0,4.0,1.0,12.0,목조,2.0,1.0,6.0,6.0,33.1
강남,64.0,3.0,2.0,20.0,,1.0,,1.0,1.0,23.5
마포,141.0,5.0,1.0,0.0,목조,2.0,3.0,7.0,1.0,33.8
마포,170.0,4.0,2.0,36.0,철근콘크리트,2.0,3.0,4.0,6.0,31.2
강남,179.0,4.0,2.0,32.0,철근콘크리트,2.0,1.0,8.0,6.0,34.3
서초,150.0,3.0,2.0,11.0,목조,2.0,3.0,1.0,2.0,34.4
서초,74.0,3.0,3.0,,벽돌,2.0,0.0,4.0,3.0,23.4
강남,126.0,1.0,3.0,20.0,벽돌,1.0,0.0,4.0,6.0,27.5
강남,51.0,3.0,2.0,25.0,목조,1.0,0.0,5.0,4.0,19.1
마포,161.0,4.0,3.0,13.0,철근콘크리트,3.0,1.0,5.0,2.0,29.0
서초,73.0,4.0,2.0,35.0,목조,1.0,0.0,5.0,1.0,14.6
마포,131.0,1.0,3.0,5.0,목조,2.0,0.0,7.0,4.0,25.3
강남,195.0,5.0,3.0,36.0,벽돌,3.0,3.0,9.0,5.0,39.2
강남,187.0,2.0,2.0,38.0,목조,3.0,1.0,6.0,10.0,34.7
강북,196.0,1.0,1.0,,벽돌,3.0,0.0,8.0,5.0,26.0
강남,172.0,3.0,1.0,16.0,벽돌,3.0,3.0,2.0,8.0,40.7
기타,185.0,4.0,1.0,20.0,목조,2.0,0.0,8.0,5.0,24.8
서초,53.0,1.0,1.0,37.0,벽돌,1.0,3.0,3.0,8.0,21.7
마포,187.0,4.0,1.0,25.0,목조,2.0,3.0,4.0,7.0,35.6
강북,73.0,1.0,1.0,31.0,목조,1.0,3.0,0.0,5.0,20.9
강남,155.0,4.0,1.0,16.0,철근콘크리트,2.0,2.0,9.0,3.0,35.7
강남,73.0,3.0,1.0,33.0,철근콘크리트,2.0,1.0,6.0,10.0,24.8
강남,90.0,5.0,1.0,6.0,벽돌,1.0,3.0,3.0,2.0,32.6
마포,108.0,1.0,1.0,20.0,목조,2.0,0.0,6.0,10.0,22.9
강남,104.0,5.0,1.0,13.0,목조,2.0,3.0,12.0,10.0,37.5
강남,89.0,5.0,2.0,27.0,목조,1.0,1.0,6.0,10.0,28.6
기타,103.0,4.0,2.0,10.0,철근콘크리트,1.0,3.0,8.0,7.0,25.6
강북,51.0,3.0,3.0,0.0,목조,1.0,0.0,1.0,10.0,17.7
서초,164.0,1.0,2.0,14.0,벽돌,2.0,1.0,7.0,6.0,32.8
강북,151.0,5.0,1.0,6.0,벽돌,2.0,1.0,0.0,6.0,27.4
강북,148.0,4.0,1.0,37.0,벽돌,2.0,2.0,7.0,2.0,21.1
마포,135.0,2.0,3.0,5.0,,2.0,0.0,2.0,9.0,28.2
기타,111.0,3.0,1.0,,벽돌,1.0,1.0,6.0,9.0,17.7
강북,101.0,,2.0,5.0,철근콘크리트,2.0,0.0,11.0,10.0,21.7
서초,141.0,3.0,3.0,6.0,벽돌,2.0,1.0,7.0,4.0,32.1
기타,50.0,1.0,3.0,10.0,벽돌,1.0,2.0,5.0,5.0,15.5
마포,84.0,,1.0,4.0,목조,1.0,2.0,14.0,9.0,30.0
서초,135.0,1.0,2.0,4.0,벽돌,2.0,2.0,3.0,7.0,34.0
강남,116.0,4.0,2.0,24.0,목조,2.0,3.0,9.0,3.0,32.2
강남,177.0,5.0,1.0,23.0,목조,2.0,2.0,9.0,3.0,37.0
서초,80.0,3.0,3.0,29.0,철근콘크리트,,0.0,1.0,6.0,19.8
마포,91.0,3.0,2.0,15.0,벽돌,1.0,0.0,5.0,10.0,23.1
서초,56.0,4.0,3.0,34.0,목조,1.0,0.0,7.0,1.0,15.0
서초,66.0,1.0,3.0,4.0,철근콘크리트,1.0,0.0,11.0,4.0,22.4
서초,86.0,1.0,3.0,23.0,벽돌,2.0,1.0,11.0,4.0,22.6
강북,189.0,1.0,3.0,22.0,목조,2.0,1.0,3.0,10.0,28.3
기타,67.0,1.0,3.0,19.0,벽돌,1.0,2.0,3.0,10.0,17.7
서초,81.0,4.0,3.0,5.0,목조,2.0,3.0,14.0,9.0,34.0
마포,148.0,2.0,1.0,33.0,벽돌,2.0,1.0,13.0,6.0,25.5
마포,77.0,3.0,3.0,33.0,벽돌,1.0,3.0,5.0,2.0,20.1
강남,192.0,5.0,2.0,2.0,철근콘크리트,2.0,1.0,0.0,8.0,42.3
마포,133.0,1.0,3.0,21.0,벽돌,2.0,,6.0,8.0,28.2
강남,55.0,1.0,1.0,26.0,철근콘크리트,1.0,0.0,5.0,1.0,16.8
강북,84.0,3.0,3.0,36.0,철근콘크리트,2.0,3.0,5.0,5.0,17.7
강남,70.0,4.0,3.0,37.0,철근콘크리트,1.0,3.0,6.0,6.0,26.2
강북,76.0,2.0,2.0,31.0,철근콘크리트,1.0,0.0,13.0,2.0,10.7
서초,126.0,4.0,2.0,25.0,벽돌,1.0,3.0,14.0,2.0,34.0
마포,116.0,3.0,1.0,29.0,철근콘크리트,2.0,3.0,4.0,8.0,27.7
서초,192.0,3.0,3.0,11.0,벽돌,3.0,2.0,7.0,2.0,37.2
마포,194.0,3.0,2.0,2.0,벽돌,3.0,2.0,6.0,3.0,36.6
강북,173.0,1.0,3.0,20.0,목조,3.0,3.0,4.0,1.0,26.7
강남,198.0,2.0,3.0,23.0,목조,3.0,2.0,5.0,4.0,37.7
마포,110.0,1.0,2.0,38.0,철근콘크리트,1.0,1.0,2.0,10.0,21.1
서초,110.0,1.0,,20.0,벽돌,2.0,1.0,12.0,3.0,25.2
강남,123.0,4.0,2.0,19.0,목조,2.0,,7.0,1.0,28.7
강북,195.0,3.0,1.0,4.0,,3.0,0.0,5.0,6.0,29.7
강북,123.0,1.0,3.0,31.0,철근콘크리트,1.0,3.0,0.0,4.0,20.6
강남,147.0,3.0,1.0,38.0,목조,2.0,2.0,7.0,5.0,30.8
서초,141.0,1.0,1.0,35.0,목조,2.0,0.0,9.0,5.0,24.0
강남,75.0,4.0,1.0,35.0,벽돌,2.0,0.0,9.0,5.0,20.9
강북,68.0,4.0,1.0,7.0,벽돌,1.0,1.0,8.0,8.0,20.2
서초,148.0,3.0,2.0,38.0,목조,2.0,0.0,4.0,3.0,23.6
마포,64.0,4.0,1.0,37.0,철근콘크리트,1.0,,11.0,10.0,23.1
서초,99.0,2.0,3.0,37.0,벽돌,2.0,2.0,4.0,2.0,21.9
기타,165.0,2.0,2.0,7.0,철근콘크리트,2.0,3.0,14.0,5.0,31.0
강남,73.0,2.0,1.0,19.0,목조,1.0,2.0,3.0,8.0,27.8
강북,156.0,2.0,1.0,24.0,목조,2.0,2.0,6.0,8.0,26.4
강남,73.0,4.0,2.0,23.0,벽돌,2.0,,5.0,3.0,26.9
기타,98.0,3.0,1.0,1.0,목조,2.0,3.0,7.0,5.0,25.3
서초,73.0,1.0,3.0,8.0,벽돌,1.0,0.0,14.0,5.0,23.1
서초,87.0,4.0,2.0,22.0,벽돌,1.0,2.0,0.0,6.0,26.3
강북,173.0,4.0,2.0,39.0,목조,2.0,1.0,5.0,7.0,23.5
강남,177.0,5.0,,7.0,철근콘크리트,3.0,0.0,11.0,2.0,35.9
강남,181.0,1.0,1.0,8.0,벽돌,2.0,1.0,14.0,1.0,35.9
기타,113.0,2.0,2.0,8.0,철근콘크리트,1.0,0.0,5.0,5.0,19.2
기타,129.0,2.0,3.0,20.0,목조,2.0,3.0,8.0,2.0,22.7
강북,51.0,1.0,1.0,16.0,벽돌,1.0,1.0,10.0,8.0,15.4
마포,67.0,1.0,1.0,10.0,목조,1.0,3.0,11.0,2.0,23.3
서초,112.0,4.0,1.0,21.0,목조,1.0,2.0,0.0,8.0,30.0
서초,110.0,1.0,3.0,26.0,목조,2.0,0.0,11.0,2.0,21.4
서초,66.0,1.0,1.0,4.0,철근콘크리트,1.0,1.0,13.0,5.0,25.1
서초,53.0,2.0,2.0,2.0,철근콘크리트,1.0,1.0,12.0,8.0,26.1
강남,79.0,2.0,1.0,3.0,철근콘크리트,2.0,2.0,0.0,10.0,32.3
강북,174.0,3.0,2.0,8.0,철근콘크리트,2.0,1.0,8.0,10.0,31.1
기타,181.0,2.0,1.0,33.0,벽돌,3.0,1.0,13.0,4.0,22.8
강남,153.0,4.0,1.0,,벽돌,2.0,2.0,11.0,8.0,37.8
강남,175.0,2.0,1.0,5.0,철근콘크리트,2.0,2.0,13.0,3.0,39.3
강북,196.0,3.0,3.0,10.0,목조,2.0,1.0,2.0,8.0,31.3
서초,68.0,1.0,1.0,2.0,목조,1.0,1.0,6.0,1.0,23.0
강북,101.0,3.0,3.0,39.0,목조,1.0,0.0,9.0,9.0,15.2
마포,84.0,5.0,2.0,26.0,목조,2.0,0.0,5.0,10.0,21.2
서초,153.0,1.0,3.0,28.0,벽돌,2.0,1.0,4.0,7.0,29.1
서초,145.0,3.0,1.0,27.0,벽돌,2.0,3.0,14.0,1.0,31.5
서초,72.0,5.0,3.0,11.0,철근콘크리트,1.0,1.0,12.0,1.0,24.2
서초,109.0,5.0,3.0,,벽돌,2.0,0.0,2.0,6.0,28.8
서초,105.0,5.0,1.0,3.0,벽돌,1.0,0.0,1.0,9.0,30.0
강북,156.0,1.0,1.0,8.0,벽돌,2.0,1.0,12.0,6.0,26.7
강남,149.0,4.0,1.0,1.0,목조,2.0,1.0,6.0,5.0,36.8
서초,64.0,1.0,3.0,24.0,벽돌,1.0,,12.0,10.0,27.3
서초,115.0,4.0,1.0,21.0,철근콘크리트,2.0,1.0,12.0,10.0,30.5
강남,196.0,1.0,1.0,21.0,철근콘크리트,3.0,0.0,12.0,3.0,33.6
강북,143.0,5.0,,7.0,목조,2.0,1.0,4.0,8.0,27.8
강남,73.0,3.0,1.0,1.0,목조,1.0,0.0,10.0,6.0,26.5
마포,128.0,2.0,2.0,12.0,벽돌,2.0,1.0,10.0,6.0,27.4
기타,146.0,1.0,1.0,14.0,벽돌,1.0,2.0,10.0,3.0,23.8
마포,170.0,2.0,2.0,8.0,철근콘크리트,2.0,3.0,12.0,9.0,38.1
기타,116.0,2.0,3.0,3.0,목조,2.0,3.0,8.0,5.0,26.3
강남,143.0,5.0,1.0,36.0,철근콘크리트,2.0,3.0,9.0,2.0,32.5
강남,105.0,2.0,1.0,35.0,철근콘크리트,1.0,0.0,6.0,4.0,22.1
강남,74.0,3.0,3.0,39.0,벽돌,1.0,0.0,8.0,10.0,21.9
강남,82.0,2.0,3.0,28.0,철근콘크리트,2.0,3.0,0.0,1.0,25.1
마포,184.0,2.0,2.0,0.0,벽돌,3.0,3.0,6.0,5.0,38.5
마포,144.0,1.0,1.0,34.0,철근콘크리트,2.0,2.0,14.0,3.0,25.0
강남,194.0,1.0,2.0,33.0,목조,3.0,1.0,3.0,10.0,35.6
기타,97.0,2.0,2.0,37.0,철근콘크리트,1.0,2.0,2.0,8.0,16.5
마포,51.0,4.0,1.0,11.0,벽돌,1.0,3.0,5.0,2.0,24.4
강남,194.0,3.0,1.0,29.0,목조,2.0,3.0,3.0,10.0,41.4
마포,73.0,5.0,2.0,21.0,목조,1.0,1.0,1.0,1.0,20.4
마포,189.0,5.0,2.0,31.0,목조,2.0,0.0,12.0,2.0,27.4
마포,155.0,4.0,3.0,24.0,벽돌,2.0,3.0,0.0,8.0,32.7
서초,114.0,4.0,1.0,13.0,벽돌,2.0,0.0,2.0,7.0,27.5
강북,54.0,4.0,2.0,14.0,목조,1.0,1.0,4.0,1.0,13.5
서초,160.0,4.0,1.0,10.0,벽돌,2.0,1.0,10.0,4.0,34.0
강남,76.0,4.0,3.0,33.0,철근콘크리트,2.0,0.0,5.0,6.0,22.3
강남,98.0,2.0,2.0,23.0,,1.0,2.0,3.0,8.0,29.5
강남,180.0,4.0,3.0,11.0,목조,2.0,2.0,5.0,10.0,42.3
마포,141.0,5.0,3.0,20.0,목조,1.0,3.0,4.0,7.0,32.5
강북,50.0,4.0,3.0,3.0,벽돌,1.0,3.0,0.0,10.0,23.4
마포,188.0,4.0,2.0,0.0,벽돌,2.0,0.0,7.0,2.0,32.5
강북,123.0,5.0,2.0,32.0,목조,1.0,2.0,7.0,5.0,21.6
강북,173.0,2.0,2.0,17.0,목조,2.0,2.0,5.0,4.0,27.4
강북,188.0,5.0,3.0,,목조,2.0,3.0,11.0,2.0,28.4
강남,156.0,2.0,3.0,3.0,목조,3.0,0.0,14.0,9.0,36.9
서초,81.0,5.0,2.0,32.0,벽돌,,1.0,3.0,3.0,21.0
서초,169.0,2.0,2.0,34.0,철근콘크리트,2.0,1.0,8.0,5.0,29.4
강남,147.0,,2.0,23.0,철근콘크리트,2.0,3.0,10.0,8.0,37.6
강남,99.0,1.0,2.0,23.0,철근콘크리트,2.0,0.0,11.0,7.0,25.4
기타,106.0,2.0,2.0,16.0,철근콘크리트,1.0,2.0,0.0,8.0,21.4
강남,123.0,3.0,1.0,26.0,목조,1.0,2.0,4.0,3.0,29.5
강남,96.0,5.0,1.0,37.0,목조,2.0,1.0,13.0,8.0,27.0
서초,146.0,4.0,1.0,38.0,목조,2.0,2.0,0.0,4.0,28.0
기타,194.0,3.0,2.0,32.0,철근콘크리트,2.0,0.0,3.0,2.0,20.8
강남,131.0,5.0,1.0,27.0,철근콘크리트,2.0,0.0,6.0,2.0,26.8
강남,57.0,5.0,2.0,4.0,철근콘크리트,1.0,1.0,14.0,2.0,29.3
강북,113.0,1.0,1.0,15.0,목조,1.0,2.0,9.0,2.0,20.7
마포,56.0,1.0,2.0,36.0,철근콘크리트,1.0,2.0,12.0,8.0,18.1
강남,69.0,2.0,1.0,10.0,벽돌,2.0,0.0,7.0,9.0,26.1
강남,195.0,3.0,2.0,2.0,철근콘크리트,2.0,1.0,2.0,10.0,42.8
마포,133.0,5.0,3.0,35.0,철근콘크리트,2.0,2.0,13.0,2.0,28.6
강북,192.0,4.0,2.0,3.0,목조,3.0,3.0,6.0,1.0,33.7
기타,168.0,,1.0,25.0,벽돌,3.0,3.0,7.0,7.0,28.5
마포,195.0,4.0,1.0,34.0,,2.0,3.0,6.0,1.0,31.8
강남,188.0,5.0,2.0,21.0,벽돌,,3.0,10.0,3.0,40.6
서초,171.0,5.0,1.0,15.0,목조,2.0,0.0,10.0,10.0,35.6
강남,70.0,4.0,1.0,20.0,목조,1.0,0.0,0.0,2.0,21.0
마포,73.0,3.0,1.0,27.0,목조,1.0,1.0,1.0,2.0,17.1
강북,192.0,3.0,2.0,10.0,철근콘크리트,2.0,3.0,5.0,2.0,32.2
기타,73.0,5.0,1.0,19.0,벽돌,1.0,1.0,5.0,6.0,18.8
강북,152.0,4.0,2.0,7.0,철근콘크리트,2.0,2.0,3.0,6.0,29.1
강북,190.0,2.0,2.0,8.0,벽돌,3.0,2.0,7.0,3.0,30.6
강남,179.0,3.0,3.0,14.0,철근콘크리트,3.0,3.0,5.0,1.0,38.6
서초,77.0,3.0,1.0,0.0,목조,1.0,3.0,7.0,8.0,32.9
서초,76.0,4.0,1.0,27.0,목조,1.0,0.0,14.0,2.0,21.6
강남,167.0,3.0,1.0,15.0,벽돌,2.0,2.0,10.0,9.0,39.7
마포,149.0,1.0,1.0,2.0,목조,2.0,1.0,0.0,9.0,31.5
강남,92.0,5.0,3.0,20.0,벽돌,2.0,2.0,11.0,10.0,32.8
강남,198.0,4.0,,22.0,철근콘크리트,3.0,0.0,9.0,10.0,38.3
마포,71.0,3.0,3.0,28.0,벽돌,1.0,0.0,5.0,3.0,15.0
강남,192.0,5.0,3.0,6.0,벽돌,2.0,2.0,1.0,8.0,43.6
강남,85.0,1.0,1.0,27.0,목조,2.0,0.0,14.0,3.0,21.5
강북,101.0,2.0,2.0,36.0,목조,2.0,1.0,0.0,5.0,14.4
강남,151.0,4.0,2.0,4.0,철근콘크리트,2.0,3.0,2.0,3.0,39.0
강남,67.0,5.0,2.0,0.0,벽돌,1.0,1.0,14.0,7.0,31.1
강북,140.0,3.0,2.0,2.0,벽돌,2.0,2.0,10.0,1.0,26.6
강남,64.0,3.0,2.0,32.0,벽돌,1.0,1.0,9.0,4.0,21.4
강북,184.0,2.0,2.0,13.0,목조,2.0,3.0,13.0,5.0,32.6
강북,63.0,2.0,1.0,12.0,벽돌,2.0,3.0,5.0,1.0,17.9
강북,171.0,2.0,2.0,,목조,2.0,0.0,5.0,7.0,22.4
강남,52.0,3.0,3.0,13.0,벽돌,1.0,0.0,3.0,8.0,23.4
서초,108.0,1.0,1.0,17.0,벽돌,1.0,1.0,7.0,2.0,24.6
서초,109.0,2.0,2.0,16.0,벽돌,2.0,3.0,1.0,7.0,31.3
강남,116.0,2.0,2.0,17.0,벽돌,2.0,0.0,1.0,2.0,25.3
마포,107.0,3.0,2.0,8.0,목조,1.0,1.0,2.0,10.0,27.8
강남,137.0,2.0,1.0,8.0,목조,1.0,2.0,11.0,4.0,35.2
강남,92.0,1.0,3.0,36.0,철근콘크리트,1.0,0.0,7.0,6.0,21.2
강남,50.0,5.0,2.0,30.0,철근콘크리트,1.0,3.0,11.0,9.0,28.1
강남,75.0,5.0,2.0,35.0,벽돌,2.0,1.0,1.0,2.0,21.1
강남,168.0,1.0,3.0,5.0,벽돌,2.0,1.0,3.0,6.0,36.6
서초,97.0,1.0,3.0,33.0,벽돌,2.0,1.0,5.0,10.0,24.8
마포,87.0,3.0,1.0,37.0,철근콘크리트,2.0,1.0,9.0,2.0,16.7
강남,108.0,3.0,3.0,29.0,목조,2.0,0.0,1.0,2.0,22.6
강북,72.0,2.0,1.0,33.0,벽돌,1.0,0.0,5.0,8.0,12.1
서초,84.0,2.0,1.0,28.0,목조,1.0,3.0,1.0,5.0,25.4
강북,174.0,1.0,2.0,23.0,벽돌,2.0,0.0,13.0,3.0,22.1
마포,94.0,1.0,1.0,21.0,벽돌,2.0,1.0,0.0,6.0,20.7
강남,124.0,3.0,3.0,22.0,벽돌,2.0,2.0,13.0,9.0,34.3
강남,182.0,4.0,3.0,25.0,철근콘크리트,2.0,3.0,5.0,6.0,39.7
강북,90.0,4.0,,6.0,목조,1.0,3.0,9.0,3.0,24.2
마포,74.0,4.0,3.0,11.0,철근콘크리트,,0.0,5.0,7.0,21.2
강남,119.0,2.0,3.0,4.0,,2.0,2.0,5.0,3.0,33.1
강북,82.0,4.0,3.0,15.0,철근콘크리트,2.0,3.0,5.0,2.0,24.2
마포,174.0,3.0,1.0,30.0,목조,,2.0,0.0,10.0,31.9
서초,150.0,5.0,2.0,28.0,목조,2.0,1.0,2.0,6.0,30.1
서초,153.0,4.0,2.0,8.0,목조,3.0,2.0,9.0,7.0,37.1
마포,73.0,3.0,3.0,29.0,목조,2.0,2.0,10.0,6.0,21.0
강북,184.0,3.0,,37.0,목조,3.0,1.0,9.0,2.0,22.4
강남,186.0,,2.0,11.0,철근콘크리트,2.0,2.0,5.0,3.0,37.9
마포,178.0,5.0,3.0,5.0,벽돌,2.0,1.0,6.0,1.0,32.4
강남,92.0,3.0,3.0,32.0,목조,2.0,1.0,0.0,2.0,22.3
강남,52.0,1.0,2.0,9.0,철근콘크리트,1.0,1.0,5.0,2.0,22.4
서초,105.0,1.0,2.0,11.0,벽돌,1.0,2.0,3.0,1.0,26.6
마포,165.0,2.0,2.0,12.0,벽돌,2.0,2.0,0.0,5.0,31.6
강북,114.0,,2.0,39.0,벽돌,1.0,0.0,11.0,6.0,15.7
마포,112.0,2.0,3.0,28.0,철근콘크리트,2.0,2.0,7.0,4.0,23.3
강남,63.0,4.0,3.0,13.0,철근콘크리트,1.0,3.0,5.0,6.0,30.6
강북,107.0,2.0,3.0,18.0,목조,1.0,2.0,3.0,2.0,19.4
서초,77.0,4.0,,36.0,목조,1.0,1.0,0.0,9.0,22.0
마포,80.0,3.0,2.0,15.0,벽돌,2.0,1.0,5.0,10.0,24.0
강북,113.0,3.0,2.0,10.0,벽돌,2.0,0.0,3.0,5.0,19.6
강북,169.0,5.0,1.0,3.0,철근콘크리트,2.0,1.0,6.0,8.0,31.4
마포,116.0,1.0,2.0,0.0,,2.0,0.0,6.0,3.0,24.2
강남,122.0,4.0,1.0,13.0,철근콘크리트,2.0,1.0,14.0,7.0,33.5
마포,53.0,3.0,2.0,20.0,철근콘크리트,1.0,0.0,9.0,3.0,15.2
서초,195.0,2.0,3.0,6.0,목조,2.0,0.0,5.0,10.0,38.4
마포,55.0,5.0,3.0,27.0,철근콘크리트,1.0,2.0,0.0,10.0,21.6
서초,93.0,3.0,1.0,37.0,목조,1.0,1.0,3.0,3.0,20.2
강남,63.0,2.0,1.0,13.0,철근콘크리트,1.0,2.0,11.0,10.0,29.8
서초,60.0,3.0,1.0,31.0,철근콘크리트,1.0,3.0,0.0,2.0,21.3
강북,179.0,5.0,2.0,7.0,목조,2.0,0.0,11.0,10.0,31.1
강북,100.0,1.0,3.0,35.0,철근콘크리트,1.0,0.0,3.0,8.0,13.8
강남,74.0,4.0,1.0,38.0,벽돌,1.0,0.0,11.0,6.0,20.9
강북,181.0,1.0,3.0,21.0,철근콘크리트,3.0,1.0,14.0,1.0,24.3
강남,190.0,5.0,2.0,38.0,벽돌,2.0,0.0,5.0,7.0,33.6
강남,163.0,,2.0,22.0,목조,2.0,2.0,4.0,6.0,35.8
마포,88.0,2.0,1.0,21.0,철근콘크리트,1.0,2.0,7.0,1.0,20.8
강북,58.0,4.0,1.0,17.0,철근콘크리트,1.0,1.0,4.0,9.0,17.3
강북,182.0,4.0,1.0,14.0,벽돌,2.0,1.0,13.0,2.0,27.7
강남,150.0,5.0,3.0,27.0,철근콘크리트,2.0,0.0,5.0,7.0,31.1
마포,60.0,2.0,1.0,15.0,철근콘크리트,1.0,0.0,12.0,9.0,19.7
강북,71.0,5.0,2.0,13.0,목조,1.0,2.0,10.0,1.0,18.5
마포,82.0,4.0,3.0,4.0,철근콘크리트,1.0,2.0,7.0,7.0,27.6
서초,62.0,2.0,1.0,24.0,벽돌,1.0,,5.0,4.0,18.2
마포,130.0,3.0,1.0,14.0,벽돌,2.0,0.0,4.0,10.0,27.1
강남,116.0,4.0,1.0,28.0,철근콘크리트,2.0,2.0,12.0,5.0,30.7
강남,191.0,4.0,,26.0,철근콘크리트,2.0,1.0,5.0,2.0,34.4
강북,99.0,4.0,2.0,0.0,철근콘크리트,,,13.0,9.0,23.7
강남,128.0,5.0,2.0,8.0,철근콘크리트,2.0,3.0,6.0,10.0,40.3
마포,165.0,3.0,1.0,12.0,목조,2.0,1.0,10.0,7.0,32.1
마포,91.0,1.0,1.0,35.0,철근콘크리트,2.0,0.0,14.0,6.0,17.0
강남,131.0,4.0,3.0,14.0,목조,2.0,1.0,5.0,6.0,32.8
강남,149.0,3.0,1.0,16.0,벽돌,2.0,3.0,13.0,3.0,37.0
강북,177.0,4.0,2.0,0.0,철근콘크리트,3.0,1.0,4.0,2.0,29.1
강남,101.0,5.0,3.0,4.0,목조,1.0,0.0,11.0,2.0,28.9
강남,106.0,3.0,2.0,34.0,목조,2.0,0.0,5.0,7.0,24.3
강북,151.0,4.0,2.0,27.0,철근콘크리트,2.0,0.0,13.0,1.0,19.5
강북,80.0,4.0,3.0,28.0,벽돌,1.0,0.0,6.0,3.0,12.5
마포,130.0,4.0,3.0,,벽돌,2.0,1.0,3.0,2.0,27.7
기타,162.0,3.0,2.0,38.0,벽돌,2.0,1.0,0.0,4.0,19.1
강북,144.0,4.0,2.0,36.0,목조,2.0,0.0,7.0,4.0,17.9
마포,192.0,5.0,2.0,27.0,목조,3.0,2.0,6.0,10.0,35.9
강남,117.0,1.0,2.0,16.0,목조,2.0,3.0,1.0,1.0,30.6
강북,85.0,5.0,2.0,20.0,철근콘크리트,1.0,0.0,2.0,10.0,18.2
강북,73.0,4.0,3.0,28.0,목조,2.0,1.0,13.0,8.0,19.0
서초,58.0,4.0,1.0,19.0,목조,1.0,3.0,6.0,2.0,24.6
강북,98.0,1.0,1.0,15.0,철근콘크리트,1.0,3.0,0.0,10.0,24.3
강남,158.0,4.0,3.0,11.0,벽돌,2.0,2.0,0.0,9.0,39.1
마포,153.0,5.0,3.0,22.0,목조,2.0,1.0,5.0,10.0,31.3
강남,91.0,4.0,3.0,11.0,벽돌,1.0,2.0,0.0,8.0,31.9
서초,149.0,5.0,3.0,33.0,벽돌,,,8.0,4.0,28.6
기타,75.0,4.0,2.0,,목조,1.0,0.0,6.0,4.0,16.1
강남,54.0,5.0,3.0,12.0,철근콘크리트,1.0,0.0,7.0,10.0,26.2
마포,141.0,3.0,,27.0,철근콘크리트,2.0,3.0,2.0,4.0,28.4
서초,196.0,4.0,2.0,18.0,철근콘크리트,,2.0,13.0,5.0,38.8
강남,169.0,2.0,2.0,0.0,벽돌,2.0,0.0,14.0,9.0,33.8
강남,172.0,3.0,2.0,1.0,목조,3.0,3.0,13.0,2.0,41.8
강남,162.0,1.0,2.0,2.0,목조,2.0,1.0,0.0,4.0,35.3
강남,111.0,4.0,1.0,29.0,벽돌,1.0,,6.0,9.0,33.4
강북,190.0,5.0,2.0,37.0,목조,3.0,2.0,4.0,4.0,26.5
강남,71.0,5.0,2.0,10.0,벽돌,1.0,2.0,13.0,1.0,28.4
기타,118.0,1.0,1.0,21.0,벽돌,2.0,3.0,2.0,1.0,19.8
서초,104.0,3.0,1.0,26.0,철근콘크리트,2.0,,12.0,9.0,25.4
기타,55.0,4.0,3.0,20.0,목조,1.0,1.0,2.0,3.0,12.2
기타,150.0,4.0,2.0,20.0,목조,2.0,1.0,4.0,9.0,24.9
강북,111.0,4.0,,37.0,벽돌,2.0,3.0,7.0,2.0,19.4
강남,102.0,2.0,3.0,3.0,,2.0,3.0,10.0,1.0,33.1
마포,83.0,2.0,2.0,26.0,벽돌,1.0,1.0,5.0,2.0,17.4
마포,125.0,4.0,1.0,25.0,철근콘크리트,2.0,2.0,0.0,3.0,25.0
강북,157.0,4.0,2.0,0.0,목조,2.0,0.0,11.0,9.0,29.3
마포,161.0,,3.0,39.0,철근콘크리트,2.0,0.0,10.0,1.0,20.3
강북,86.0,1.0,,34.0,철근콘크리트,,0.0,0.0,8.0,12.3
기타,107.0,5.0,2.0,9.0,목조,2.0,0.0,3.0,10.0,21.7
강북,84.0,2.0,1.0,4.0,철근콘크리트,1.0,3.0,11.0,4.0,23.7
서초,144.0,4.0,2.0,6.0,목조,2.0,1.0,7.0,8.0,34.9
서초,50.0,2.0,3.0,11.0,벽돌,1.0,1.0,9.0,3.0,21.2
서초,135.0,1.0,1.0,,철근콘크리트,2.0,0.0,12.0,2.0,26.6
강북,134.0,3.0,2.0,26.0,철근콘크리트,2.0,0.0,1.0,3.0,17.3
마포,140.0,2.0,,13.0,목조,2.0,2.0,2.0,9.0,31.1
강북,54.0,5.0,1.0,6.0,목조,1.0,3.0,9.0,8.0,23.6
강북,147.0,2.0,3.0,24.0,벽돌,2.0,3.0,5.0,8.0,27.4
강남,108.0,4.0,2.0,34.0,,1.0,2.0,13.0,5.0,28.8
강북,54.0,4.0,1.0,2.0,벽돌,1.0,0.0,11.0,9.0,18.6
강북,188.0,3.0,2.0,18.0,목조,3.0,3.0,13.0,1.0,30.5
강북,128.0,1.0,3.0,8.0,벽돌,1.0,0.0,3.0,8.0,22.0
마포,184.0,3.0,1.0,39.0,철근콘크리트,2.0,2.0,5.0,9.0,31.1
서초,182.0,5.0,2.0,20.0,벽돌,3.0,1.0,3.0,4.0,34.0
기타,185.0,1.0,1.0,21.0,벽돌,3.0,0.0,14.0,6.0,24.2
강남,74.0,3.0,3.0,1.0,철근콘크리트,1.0,1.0,4.0,7.0,29.6
마포,140.0,5.0,3.0,14.0,철근콘크리트,2.0,0.0,8.0,8.0,28.5
강북,86.0,3.0,1.0,22.0,벽돌,2.0,1.0,6.0,1.0,14.8
강남,63.0,3.0,1.0,18.0,철근콘크리트,1.0,0.0,10.0,4.0,17.2
강남,144.0,5.0,1.0,10.0,벽돌,2.0,2.0,8.0,4.0,36.7
서초,73.0,1.0,3.0,32.0,,1.0,2.0,2.0,6.0,21.6
강남,158.0,3.0,3.0,32.0,철근콘크리트,2.0,,14.0,1.0,33.8
서초,68.0,5.0,1.0,34.0,목조,1.0,3.0,11.0,10.0,27.6
마포,146.0,4.0,3.0,5.0,벽돌,2.0,3.0,7.0,9.0,36.8
서초,128.0,4.0,3.0,39.0,목조,2.0,3.0,12.0,5.0,29.7
마포,77.0,,1.0,14.0,목조,2.0,0.0,13.0,7.0,20.7
기타,106.0,2.0,1.0,3.0,목조,1.0,0.0,0.0,1.0,16.5
마포,93.0,,3.0,15.0,벽돌,1.0,0.0,9.0,10.0,24.7
서초,151.0,2.0,3.0,0.0,목조,2.0,2.0,0.0,8.0,37.1
마포,158.0,1.0,2.0,14.0,목조,2.0,0.0,8.0,7.0,27.8
서초,142.0,1.0,1.0,32.0,목조,2.0,3.0,12.0,7.0,32.0
기타,75.0,4.0,1.0,2.0,벽돌,1.0,2.0,14.0,8.0,23.5
마포,197.0,1.0,2.0,18.0,철근콘크리트,2.0,1.0,1.0,1.0,29.2
강남,138.0,1.0,1.0,16.0,벽돌,2.0,1.0,11.0,4.0,31.2
강북,117.0,2.0,1.0,1.0,벽돌,2.0,2.0,12.0,7.0,27.2
서초,96.0,1.0,2.0,2.0,목조,1.0,0.0,7.0,8.0,27.4
마포,80.0,3.0,2.0,23.0,목조,1.0,0.0,4.0,7.0,18.8
강남,187.0,2.0,,19.0,철근콘크리트,2.0,2.0,13.0,10.0,41.2
서초,164.0,1.0,3.0,19.0,목조,2.0,3.0,5.0,8.0,36.6
강남,74.0,5.0,,6.0,목조,1.0,1.0,14.0,7.0,30.6
강남,97.0,3.0,1.0,18.0,벽돌,2.0,1.0,8.0,10.0,30.4
서초,121.0,,2.0,29.0,철근콘크리트,1.0,3.0,14.0,8.0,32.7
서초,73.0,4.0,1.0,6.0,철근콘크리트,1.0,1.0,2.0,6.0,26.3
마포,194.0,4.0,2.0,36.0,철근콘크리트,3.0,3.0,13.0,6.0,34.5
마포,62.0,1.0,1.0,37.0,벽돌,1.0,3.0,2.0,2.0,16.5
강북,55.0,1.0,1.0,,철근콘크리트,1.0,2.0,13.0,3.0,14.6
강북,75.0,2.0,2.0,2.0,철근콘크리트,1.0,2.0,2.0,7.0,21.8
서초,187.0,4.0,2.0,12.0,목조,2.0,,1.0,4.0,39.4
강북,163.0,2.0,3.0,3.0,철근콘크리트,2.0,3.0,8.0,4.0,31.5
강북,59.0,1.0,1.0,21.0,목조,1.0,1.0,11.0,4.0,13.3
마포,73.0,2.0,1.0,25.0,철근콘크리트,1.0,0.0,12.0,9.0,19.0
마포,72.0,4.0,2.0,12.0,벽돌,1.0,3.0,12.0,6.0,27.0
마포,161.0,4.0,2.0,4.0,벽돌,2.0,2.0,7.0,2.0,33.0
서초,169.0,5.0,2.0,31.0,벽돌,2.0,2.0,5.0,10.0,35.7
강남,198.0,4.0,1.0,34.0,벽돌,2.0,3.0,10.0,1.0,37.5
강남,61.0,1.0,2.0,3.0,벽돌,1.0,0.0,11.0,7.0,25.6
강남,162.0,3.0,2.0,18.0,철근콘크리트,2.0,1.0,8.0,2.0,32.9
강남,101.0,3.0,2.0,37.0,벽돌,2.0,3.0,13.0,2.0,27.5
기타,60.0,1.0,1.0,33.0,,1.0,2.0,8.0,4.0,11.7
마포,129.0,4.0,3.0,29.0,철근콘크리트,2.0,2.0,5.0,3.0,24.6
마포,58.0,3.0,1.0,26.0,벽돌,1.0,3.0,5.0,3.0,20.5
강북,101.0,5.0,2.0,24.0,철근콘크리트,1.0,2.0,7.0,2.0,22.5
강남,93.0,4.0,3.0,16.0,철근콘크리트,1.0,1.0,5.0,9.0,30.1
마포,143.0,5.0,3.0,33.0,목조,2.0,0.0,7.0,4.0,22.9
기타,181.0,2.0,2.0,35.0,벽돌,2.0,1.0,14.0,10.0,25.5
강남,73.0,3.0,2.0,0.0,,,2.0,2.0,2.0,30.2
마포,147.0,1.0,2.0,11.0,철근콘크리트,2.0,2.0,8.0,2.0,28.8
기타,73.0,4.0,1.0,18.0,벽돌,2.0,0.0,1.0,10.0,19.5
강남,199.0,3.0,2.0,30.0,목조,2.0,3.0,7.0,1.0,37.6
마포,100.0,3.0,2.0,33.0,벽돌,1.0,2.0,9.0,7.0,23.3
기타,98.0,2.0,1.0,3.0,벽돌,1.0,1.0,9.0,6.0,21.1
강북,100.0,2.0,1.0,31.0,벽돌,,0.0,3.0,2.0,12.1
강남,122.0,3.0,1.0,19.0,,2.0,3.0,5.0,4.0,28.4
강북,99.0,2.0,3.0,39.0,목조,1.0,3.0,3.0,7.0,18.9
강남,59.0,1.0,1.0,32.0,철근콘크리트,1.0,2.0,14.0,6.0,23.4
마포,68.0,2.0,2.0,8.0,목조,1.0,1.0,6.0,3.0,20.3
