annual_rainfall_mm,avg_temp,sunshine_hours,soil_type,soil_ph,fertilizer_type,nitrogen_concentration,phosphorus_concentration,potassium_concentration,yield_kg_per_ha
1760.0,22.1,2698.0,사양토,6.9,질소,35.95,33.37,34.39,2422.0
656.0,22.8,1546.0,사양토,5.2,복합,23.64,31.49,10.71,1708.0
821.0,12.7,2346.0,양토,6.3,칼륨,45.34,30.08,5.47,1811.0
1461.0,24.1,2451.0,점질토,7.5,인,25.66,10.42,19.26,2025.0
503.0,22.8,2442.0,사양토,5.4,인,16.74,24.89,44.89,1568.0
1695.0,23.0,2761.0,점질토,7.6,질소,20.35,48.23,47.85,2367.0
1144.0,10.5,2097.0,사양토,6.6,칼륨,83.68,24.27,41.69,1960.0
1902.0,20.0,1611.0,사양토,6.2,질소,54.18,13.24,39.01,2191.0
1140.0,14.2,1833.0,사양토,6.2,인,44.09,25.78,45.57,2045.0
853.0,19.5,1900.0,점질토,7.5,칼륨,86.68,12.16,10.68,1819.0
912.0,24.2,1852.0,사양토,7.8,질소,61.86,13.77,30.42,1944.0
1024.0,16.0,,양토,5.4,복합,73.01,5.37,8.15,2195.0
821.0,19.6,2255.0,점질토,6.2,인,62.94,5.61,49.75,1991.0
1082.0,14.8,2046.0,사양토,6.6,질소,22.56,18.34,33.72,2263.0
806.0,11.4,2007.0,양토,6.7,칼륨,41.5,22.28,16.45,1846.0
1462.0,16.1,2103.0,양토,7.6,복합,13.32,39.27,9.7,2204.0
1210.0,20.4,1898.0,점질토,6.2,질소,22.24,23.34,20.72,2052.0
1902.0,12.7,2874.0,사양토,7.8,인,99.6,6.74,21.31,2436.0
1574.0,17.5,2351.0,점질토,5.7,인,99.6,40.29,22.4,2459.0
1559.0,16.1,2613.0,점질토,6.4,인,13.36,37.56,6.13,2430.0
1407.0,18.8,2313.0,점질토,5.2,인,84.78,6.07,12.2,2348.0
1563.0,16.1,2092.0,사양토,6.2,인,90.39,19.38,46.51,2181.0
1723.0,24.3,1572.0,점질토,8.0,질소,39.92,36.22,5.43,2168.0
1909.0,15.9,2102.0,사양토,6.4,복합,76.19,8.44,14.1,2438.0
724.0,21.7,2523.0,점질토,6.4,인,29.31,48.44,43.36,1787.0
1641.0,10.5,1578.0,양토,5.0,복합,92.93,38.3,34.37,1987.0
1773.0,17.1,2693.0,사양토,6.4,복합,13.72,27.19,30.67,2669.0
1542.0,16.0,,점질토,6.8,칼륨,25.86,13.19,23.44,2051.0
815.0,17.0,2410.0,사양토,7.9,질소,44.3,46.02,45.13,1950.0
1108.0,18.6,1886.0,점질토,6.0,칼륨,73.15,44.11,8.58,1837.0
1060.0,24.0,2055.0,사양토,7.4,칼륨,73.19,32.62,33.69,1955.0
1286.0,11.3,2334.0,양토,5.5,복합,54.76,41.6,5.43,2065.0
1640.0,17.0,2797.0,점질토,6.5,질소,33.38,6.16,13.16,2556.0
1396.0,13.5,,양토,5.5,인,45.41,5.61,28.14,1873.0
1073.0,21.7,1728.0,사양토,7.4,인,26.52,43.66,41.29,1977.0
1943.0,16.5,2450.0,사양토,7.1,복합,74.82,25.19,23.4,2629.0
1187.0,20.3,2708.0,사양토,7.4,인,76.05,25.41,17.14,2073.0
692.0,12.5,2945.0,점질토,6.2,칼륨,32.83,19.7,38.36,1735.0
1661.0,10.5,1962.0,점질토,6.0,복합,19.17,16.88,16.36,2188.0
642.0,20.5,1943.0,점질토,5.4,질소,65.42,13.33,6.67,1802.0
1193.0,19.7,2734.0,사양토,6.8,질소,74.74,42.12,33.57,2253.0
1832.0,13.7,1971.0,양토,7.5,인,90.57,43.44,40.9,2123.0
1257.0,18.0,1995.0,사양토,5.9,칼륨,72.03,42.12,43.9,2146.0
1769.0,13.3,2600.0,점질토,6.2,칼륨,40.3,9.99,37.86,2283.0
730.0,22.8,2425.0,양토,7.5,인,18.66,32.95,33.72,1786.0
1238.0,13.1,1927.0,사양토,6.4,복합,98.27,5.29,26.22,1980.0
600.0,21.2,2301.0,사양토,6.8,복합,79.97,48.35,21.95,1877.0
1111.0,12.9,1812.0,양토,5.4,칼륨,84.52,44.65,42.89,1967.0
1629.0,18.3,2368.0,양토,5.9,칼륨,86.0,40.57,35.63,2485.0
1803.0,16.5,1933.0,사양토,5.9,질소,13.42,7.62,36.04,2274.0
1773.0,21.7,2220.0,사양토,7.5,인,60.03,15.13,19.74,2305.0
1941.0,22.5,2206.0,사양토,6.2,칼륨,73.32,24.68,29.43,2360.0
1103.0,22.1,2104.0,양토,5.2,인,20.58,5.63,36.54,1958.0
527.0,23.2,2866.0,사양토,6.1,인,65.61,43.23,8.68,1946.0
1481.0,14.1,2489.0,사양토,6.5,칼륨,28.49,7.1,49.31,2337.0
1237.0,15.5,2493.0,사양토,7.8,질소,13.62,27.35,42.8,2215.0
1963.0,17.7,2285.0,양토,7.5,복합,44.43,44.87,29.67,2714.0
1174.0,20.5,2862.0,사양토,6.6,복합,51.53,33.81,14.68,2270.0
1692.0,11.6,2853.0,사양토,6.5,칼륨,21.46,6.25,7.52,2401.0
1380.0,20.8,2522.0,양토,7.2,질소,82.89,29.43,24.59,2121.0
1033.0,11.0,2255.0,점질토,8.0,질소,10.48,33.46,6.44,1817.0
1727.0,13.3,2769.0,양토,6.2,칼륨,42.59,40.07,15.81,2611.0
1744.0,24.9,2297.0,양토,6.3,인,87.2,43.52,23.82,2108.0
1432.0,24.6,2671.0,점질토,7.3,복합,39.58,47.12,26.62,2153.0
1065.0,14.3,2555.0,양토,7.6,복합,99.6,36.87,22.1,2166.0
895.0,13.6,1531.0,점질토,6.8,인,82.61,5.72,25.94,1729.0
562.0,10.4,2420.0,사양토,5.4,칼륨,99.6,14.45,21.17,1859.0
1672.0,15.1,1514.0,점질토,6.7,칼륨,31.98,8.45,33.74,1951.0
1376.0,16.9,2266.0,양토,6.2,복합,82.79,48.71,10.57,2335.0
720.0,16.3,2137.0,점질토,7.6,복합,70.74,36.01,39.45,1932.0
1251.0,19.3,2816.0,사양토,7.9,인,34.99,33.63,33.72,2378.0
1407.0,12.5,2747.0,점질토,6.3,질소,30.51,6.37,5.34,2400.0
1162.0,10.3,1781.0,점질토,6.2,칼륨,74.54,24.78,8.21,1876.0
1002.0,23.3,1621.0,양토,6.2,질소,45.97,23.88,22.71,1911.0
913.0,12.6,2047.0,양토,6.7,인,88.81,43.22,39.09,1840.0
553.0,14.7,2167.0,점질토,7.0,인,62.25,15.67,9.19,1624.0
1480.0,24.0,2508.0,양토,6.6,인,11.25,15.72,48.55,2345.0
1808.0,20.5,2154.0,사양토,5.2,질소,74.14,42.81,19.44,2412.0
1867.0,19.9,1597.0,사양토,5.8,칼륨,86.44,45.77,33.72,2316.0
502.0,20.2,1646.0,점질토,5.7,칼륨,65.39,21.47,21.95,1736.0
1040.0,10.1,2313.0,점질토,5.8,질소,64.61,31.59,32.63,1895.0
1906.0,17.8,2654.0,사양토,6.4,인,46.69,47.58,11.91,2571.0
1318.0,20.7,1796.0,양토,5.4,인,46.94,37.07,7.56,1768.0
1291.0,14.2,1652.0,점질토,6.7,인,36.97,5.61,35.6,1879.0
1843.0,13.5,2730.0,양토,6.9,칼륨,59.32,36.65,7.39,2334.0
1048.0,24.7,2766.0,점질토,5.9,복합,61.31,8.63,40.76,2154.0
1528.0,19.6,2459.0,점질토,6.2,인,33.8,9.23,44.95,2342.0
1046.0,17.4,2709.0,점질토,7.8,복합,89.55,42.71,33.72,2194.0
1276.0,10.8,2270.0,점질토,5.4,칼륨,11.4,33.57,13.4,1822.0
1194.0,19.9,1762.0,양토,7.1,칼륨,93.07,29.58,37.07,1828.0
1106.0,25.0,,양토,6.3,복합,94.82,38.68,33.72,1998.0
560.0,14.5,2735.0,사양토,5.0,인,91.7,25.96,12.08,1703.0
1104.0,15.8,2925.0,양토,6.5,인,54.25,26.54,7.16,2147.0
1000.0,10.4,1835.0,양토,5.5,질소,54.41,28.58,44.75,1789.0
690.0,20.6,2205.0,양토,6.2,칼륨,77.18,22.82,33.52,1801.0
680.0,24.3,1771.0,사양토,5.3,인,29.6,30.81,12.03,1724.0
779.0,14.1,2342.0,점질토,7.5,인,35.49,22.98,30.63,1860.0
1730.0,16.6,2075.0,사양토,6.5,칼륨,88.53,30.0,16.89,2312.0
1134.0,15.7,2398.0,점질토,6.8,복합,99.6,27.52,24.89,2190.0
1634.0,10.3,1824.0,점질토,6.0,복합,99.6,42.15,27.87,2241.0
926.0,10.2,1831.0,점질토,6.7,칼륨,41.66,22.95,5.6,1720.0
1157.0,18.2,1574.0,양토,5.7,질소,27.57,26.54,38.45,1952.0
1112.0,19.0,2814.0,사양토,7.6,인,83.36,11.07,37.89,2013.0
629.0,15.3,2704.0,양토,6.1,칼륨,29.55,10.13,8.88,1890.0
1068.0,14.2,2882.0,사양토,7.8,질소,43.87,10.97,14.06,2016.0
654.0,13.8,2316.0,사양토,7.1,인,41.83,22.5,47.78,1682.0
587.0,24.3,,사양토,6.1,질소,32.69,27.96,31.53,2006.0
1954.0,14.9,1856.0,양토,6.9,칼륨,73.49,38.68,46.6,2412.0
666.0,24.0,2351.0,양토,5.4,복합,16.49,15.23,18.3,1928.0
1200.0,16.4,2404.0,사양토,6.7,칼륨,94.91,26.64,47.97,2069.0
1342.0,11.3,2489.0,점질토,7.9,복합,51.05,46.64,23.26,2189.0
1918.0,12.7,2210.0,점질토,6.5,칼륨,49.73,49.39,31.92,2256.0
1257.0,19.7,1990.0,점질토,8.0,복합,70.99,43.5,43.19,2281.0
964.0,12.6,2546.0,양토,7.1,인,27.99,5.28,30.69,1860.0
1665.0,22.3,1577.0,사양토,6.3,칼륨,20.27,42.75,26.99,2114.0
636.0,,1942.0,양토,6.2,인,32.92,23.01,13.44,1720.0
537.0,16.6,2330.0,점질토,6.5,인,35.87,19.91,42.65,1583.0
1378.0,12.3,1819.0,양토,5.4,질소,59.0,35.35,45.14,1984.0
831.0,10.3,1651.0,점질토,5.7,복합,38.24,5.61,5.26,1691.0
955.0,,2995.0,사양토,7.0,인,77.78,10.25,14.92,2159.0
1507.0,15.5,1738.0,사양토,6.2,인,48.25,49.98,46.46,2040.0
1541.0,10.5,1664.0,양토,5.4,복합,31.22,42.8,38.43,2248.0
804.0,12.3,1977.0,양토,7.3,인,28.58,27.67,7.79,1948.0
750.0,22.4,1554.0,사양토,5.9,칼륨,56.79,10.04,26.55,1667.0
968.0,21.9,2949.0,양토,7.5,복합,74.37,29.16,43.25,2299.0
1125.0,21.8,2129.0,사양토,6.1,칼륨,14.21,9.18,15.36,1953.0
1772.0,14.2,1916.0,사양토,5.7,인,34.58,7.88,38.29,2353.0
1353.0,17.2,2633.0,사양토,7.5,질소,32.71,5.61,37.84,2259.0
1896.0,19.0,1501.0,사양토,5.1,칼륨,67.67,49.48,32.29,2227.0
1021.0,21.6,1838.0,점질토,6.8,질소,34.98,23.95,47.56,2356.0
1891.0,11.4,2978.0,점질토,8.0,복합,32.13,20.95,39.37,2693.0
1051.0,12.5,1945.0,양토,7.6,질소,84.67,28.37,28.0,1788.0
821.0,22.6,1665.0,점질토,6.2,복합,14.36,6.91,31.55,2047.0
1065.0,25.0,2792.0,양토,6.4,인,54.21,26.81,10.82,2002.0
1938.0,22.3,1960.0,점질토,7.6,복합,96.53,6.83,43.74,2412.0
1512.0,16.0,2653.0,양토,5.3,복합,60.63,26.91,30.16,2347.0
1710.0,14.8,2343.0,사양토,5.7,복합,27.14,29.92,36.7,2720.0
1293.0,13.4,1867.0,점질토,7.9,복합,49.87,12.34,49.29,2191.0
559.0,24.1,,점질토,6.4,복합,42.85,31.1,12.67,1589.0
977.0,14.2,1588.0,사양토,6.2,칼륨,26.33,41.66,16.62,1770.0
731.0,11.9,1722.0,양토,6.5,인,93.1,31.82,32.65,1574.0
1194.0,18.3,2159.0,사양토,7.5,칼륨,90.82,5.48,13.31,1990.0
1592.0,11.9,1581.0,사양토,5.6,칼륨,82.94,34.89,21.07,2085.0
1668.0,19.8,1851.0,점질토,5.2,질소,34.07,31.73,38.58,2322.0
1236.0,17.3,2879.0,점질토,7.4,질소,87.76,20.07,43.45,2164.0
1771.0,19.0,1730.0,점질토,5.1,질소,50.14,44.85,38.34,2204.0
523.0,12.7,2677.0,점질토,6.2,칼륨,68.77,32.05,43.19,1515.0
613.0,10.1,2875.0,사양토,6.8,인,63.12,22.74,49.53,1912.0
1918.0,21.6,1916.0,사양토,6.6,질소,44.49,36.02,29.46,2263.0
648.0,19.7,1986.0,사양토,7.7,인,70.91,39.15,36.64,1713.0
1168.0,10.2,2131.0,점질토,5.5,인,33.65,44.43,48.88,1879.0
1665.0,10.8,2749.0,양토,6.0,인,37.39,21.59,26.97,2372.0
1775.0,10.7,2802.0,양토,7.1,복합,55.37,42.34,14.61,2436.0
712.0,21.2,2097.0,사양토,5.4,복합,85.27,9.77,11.04,1951.0
655.0,12.1,1853.0,점질토,6.9,질소,44.64,39.37,16.28,1599.0
796.0,,2084.0,양토,5.2,질소,72.47,9.97,37.26,1754.0
1056.0,20.5,2059.0,점질토,7.2,질소,91.33,16.79,46.02,2032.0
630.0,22.8,1628.0,점질토,6.2,복합,80.72,31.97,36.13,1641.0
1559.0,17.7,1776.0,양토,5.8,칼륨,30.93,34.56,27.44,1958.0
963.0,20.9,2091.0,사양토,7.1,인,68.18,43.45,15.12,1750.0
1951.0,14.2,2751.0,사양토,6.8,인,80.07,7.6,19.07,2551.0
1460.0,11.4,2692.0,점질토,7.5,칼륨,86.62,19.21,7.82,2240.0
1654.0,16.4,2847.0,양토,7.7,칼륨,93.99,49.79,48.24,2391.0
1688.0,12.6,2248.0,양토,7.7,인,37.11,37.67,23.9,2286.0
1829.0,13.6,2151.0,사양토,6.9,칼륨,60.38,20.43,6.18,2230.0
1262.0,12.3,2713.0,점질토,7.5,복합,74.97,35.1,38.16,2350.0
512.0,18.7,1721.0,양토,7.3,인,86.44,39.1,12.73,1661.0
632.0,11.7,2000.0,사양토,5.4,복합,16.34,38.58,13.51,1818.0
1950.0,12.7,1881.0,사양토,5.7,복합,50.33,5.61,7.54,2569.0
995.0,18.2,1720.0,양토,5.7,칼륨,98.87,12.26,33.28,1872.0
1379.0,19.3,2867.0,점질토,7.0,칼륨,45.43,46.57,17.45,2236.0
1300.0,23.2,1790.0,사양토,6.8,칼륨,96.04,5.61,37.16,2096.0
1801.0,21.8,1842.0,양토,5.6,복합,37.47,27.69,18.64,2460.0
801.0,17.3,2225.0,양토,6.3,칼륨,38.32,15.64,42.86,1882.0
1067.0,11.1,2927.0,사양토,5.8,인,11.34,43.77,19.68,2070.0
1803.0,24.1,1999.0,양토,7.6,인,33.82,26.38,47.18,2133.0
536.0,10.1,1576.0,양토,6.6,복합,60.39,46.37,19.65,1859.0
705.0,11.9,2945.0,양토,6.5,인,51.94,7.72,34.65,1916.0
1295.0,20.5,2514.0,점질토,7.4,질소,94.4,38.32,47.06,2250.0
1887.0,12.8,2235.0,양토,6.9,인,85.05,24.06,24.11,2284.0
964.0,20.5,2658.0,점질토,6.2,복합,31.39,21.88,25.66,2269.0
1779.0,23.7,1960.0,사양토,7.7,인,99.6,21.14,22.04,2171.0
1027.0,17.0,2402.0,양토,7.0,칼륨,43.08,39.06,48.77,2021.0
1131.0,20.9,2530.0,점질토,5.6,칼륨,81.65,32.06,10.85,1966.0
1321.0,19.0,1785.0,사양토,5.8,복합,54.03,11.88,35.5,2060.0
1647.0,10.9,2969.0,양토,5.8,인,39.7,5.83,7.73,2248.0
1021.0,20.7,1873.0,양토,7.1,인,57.67,23.52,32.53,1930.0
542.0,14.8,2750.0,점질토,6.1,질소,60.07,32.54,26.2,1865.0
1021.0,12.0,1656.0,점질토,8.0,칼륨,41.64,43.79,6.47,2171.0
1167.0,12.7,1547.0,양토,6.2,인,40.21,27.76,41.64,1864.0
756.0,21.3,2754.0,점질토,7.6,칼륨,24.4,25.04,43.47,2029.0
1976.0,22.8,2767.0,양토,6.8,복합,90.84,19.45,19.87,2492.0
1314.0,21.7,2733.0,점질토,6.2,복합,36.47,13.34,26.02,2301.0
1022.0,11.6,1732.0,점질토,5.4,인,41.51,12.02,39.65,1763.0
627.0,19.3,2963.0,사양토,6.9,복합,17.69,21.12,28.83,2039.0
1229.0,14.0,2582.0,양토,6.8,칼륨,89.85,13.42,33.72,2129.0
1714.0,,2417.0,양토,7.1,질소,23.35,42.75,17.18,2232.0
719.0,12.5,2915.0,점질토,6.2,복합,75.89,38.77,14.84,1802.0
1087.0,11.5,2353.0,양토,5.0,질소,53.68,13.8,35.85,1982.0
1518.0,24.3,2140.0,점질토,6.2,복합,98.08,17.6,8.85,2259.0
1584.0,15.7,1819.0,점질토,6.0,복합,37.97,33.36,5.11,2414.0
874.0,24.8,2737.0,양토,6.6,질소,65.13,37.17,10.33,1974.0
673.0,10.6,1998.0,양토,8.0,칼륨,26.66,22.88,26.58,1680.0
1141.0,11.2,2009.0,점질토,6.5,질소,89.37,45.24,48.77,1810.0
1908.0,17.8,2091.0,사양토,7.1,질소,23.51,9.11,46.06,2244.0
795.0,24.5,2858.0,양토,7.9,칼륨,50.72,34.51,43.52,1960.0
1277.0,15.6,2869.0,사양토,7.7,복합,78.62,14.14,41.48,2516.0
1481.0,15.6,2771.0,점질토,6.4,칼륨,81.85,15.9,22.38,2306.0
863.0,18.1,2026.0,사양토,5.8,복합,38.96,42.61,33.72,2031.0
1021.0,13.8,2768.0,양토,6.5,복합,25.76,30.23,10.75,2301.0
1118.0,18.5,1934.0,점질토,6.8,질소,27.32,13.38,32.71,1976.0
631.0,12.5,2791.0,점질토,7.9,인,99.6,36.11,33.61,1828.0
659.0,12.6,2560.0,점질토,6.4,질소,99.6,5.61,9.82,1766.0
1030.0,18.4,2294.0,양토,7.6,인,56.72,26.35,24.04,1901.0
1739.0,14.5,1948.0,점질토,7.6,복합,86.8,5.61,44.01,2373.0
1802.0,22.6,2639.0,사양토,8.0,질소,49.76,13.31,44.39,2519.0
1526.0,21.9,2941.0,사양토,7.1,인,94.25,39.51,44.65,2429.0
1290.0,10.5,2308.0,사양토,5.4,칼륨,72.97,5.74,49.14,2084.0
1794.0,24.0,2681.0,양토,6.7,질소,65.09,45.46,49.26,2468.0
1783.0,18.5,2615.0,점질토,7.1,칼륨,41.2,21.51,27.62,2313.0
782.0,21.9,2573.0,점질토,6.0,질소,23.9,46.37,33.18,1920.0
1562.0,24.3,1909.0,사양토,6.6,칼륨,40.75,38.06,12.29,2045.0
1822.0,,,점질토,7.8,칼륨,47.8,35.47,30.69,2040.0
1623.0,24.6,2520.0,사양토,6.8,인,83.34,18.79,40.8,2205.0
1748.0,18.3,1726.0,양토,7.0,복합,20.37,49.25,46.25,2418.0
1142.0,11.1,2304.0,점질토,8.0,질소,10.47,18.88,11.84,2008.0
1030.0,15.0,1507.0,점질토,7.9,질소,24.94,15.64,41.88,2210.0
1021.0,22.4,2408.0,사양토,5.1,칼륨,69.81,45.0,39.37,1744.0
801.0,12.4,,양토,7.9,복합,98.96,22.16,35.79,1788.0
501.0,13.1,1935.0,양토,6.1,질소,55.79,47.61,29.15,1728.0
624.0,14.4,2214.0,점질토,7.4,질소,42.22,25.08,20.1,1880.0
1136.0,12.6,2972.0,양토,6.9,복합,80.16,48.47,20.9,2306.0
700.0,18.6,2609.0,점질토,6.9,복합,34.17,5.61,43.4,2035.0
880.0,23.9,2494.0,양토,7.3,인,38.1,23.83,22.53,1969.0
1077.0,13.4,1961.0,양토,7.4,질소,81.99,7.67,39.55,1842.0
1737.0,21.9,2742.0,양토,7.3,칼륨,44.5,11.61,10.13,2328.0
797.0,24.1,2723.0,사양토,8.0,칼륨,15.57,11.11,26.74,1785.0
1458.0,16.1,2660.0,점질토,5.2,복합,12.54,46.83,39.79,2174.0
1248.0,17.4,2725.0,양토,7.4,칼륨,54.81,24.95,49.21,2075.0
517.0,12.8,1993.0,점질토,7.5,복합,35.43,6.55,20.94,1871.0
1210.0,20.9,2071.0,점질토,6.9,인,95.56,32.16,20.53,2106.0
1628.0,16.7,2760.0,점질토,7.0,질소,56.08,48.82,27.76,2422.0
1255.0,22.5,2591.0,사양토,7.4,복합,13.78,37.51,43.17,2294.0
546.0,15.7,2067.0,사양토,6.4,칼륨,31.05,30.21,12.45,1804.0
770.0,20.1,2429.0,사양토,7.8,칼륨,86.56,13.61,10.73,2003.0
896.0,20.8,1855.0,사양토,7.8,복합,58.59,44.17,46.73,2005.0
1642.0,23.0,2975.0,양토,5.9,인,70.67,7.5,12.66,2349.0
1014.0,18.0,2881.0,사양토,7.4,인,28.16,41.1,23.32,2254.0
1171.0,12.1,1714.0,점질토,6.8,복합,84.68,43.78,17.31,2074.0
913.0,15.1,2110.0,양토,6.4,인,82.45,20.15,33.72,1833.0
851.0,18.4,1513.0,양토,6.0,칼륨,71.96,18.78,27.86,1834.0
1540.0,10.5,2546.0,양토,7.6,질소,90.38,25.28,24.27,2163.0
1558.0,17.5,2489.0,사양토,5.8,칼륨,40.82,21.97,38.68,2335.0
1834.0,10.6,,점질토,7.7,복합,66.55,36.09,44.62,2321.0
1021.0,10.2,2815.0,양토,7.0,질소,17.43,42.76,43.78,1693.0
1592.0,12.5,2938.0,사양토,7.8,질소,61.59,30.79,44.64,2442.0
1489.0,21.1,1506.0,사양토,7.7,인,21.7,30.95,11.89,1935.0
1725.0,13.9,1773.0,점질토,5.5,질소,59.88,11.88,15.42,2127.0
869.0,18.3,2448.0,양토,7.3,복합,53.6,41.96,44.78,1908.0
1400.0,13.2,2347.0,양토,5.5,복합,84.76,37.4,21.34,2284.0
1996.0,,2460.0,양토,7.9,복합,49.91,29.71,22.22,2588.0
1478.0,14.4,1697.0,양토,6.9,칼륨,36.65,9.06,12.9,1960.0
1246.0,10.3,2958.0,사양토,6.0,복합,61.25,19.08,34.3,2365.0
1556.0,10.6,2946.0,사양토,7.0,인,99.6,5.61,25.6,2368.0
1422.0,24.3,2353.0,점질토,7.1,복합,84.37,5.13,12.64,2210.0
1665.0,10.8,2648.0,사양토,6.2,질소,24.07,27.42,45.7,2206.0
1938.0,21.7,2796.0,사양토,6.5,인,74.97,43.17,11.86,2650.0
919.0,24.4,2118.0,사양토,7.8,질소,76.12,16.03,7.88,1921.0
1370.0,17.0,2154.0,사양토,8.0,칼륨,30.14,39.88,12.67,2006.0
1427.0,17.2,1821.0,양토,7.9,질소,14.95,32.71,31.97,2250.0
913.0,20.3,2945.0,점질토,6.8,인,40.66,25.63,38.42,2091.0
844.0,12.7,2207.0,사양토,7.4,질소,67.18,5.61,36.63,1924.0
673.0,20.5,2690.0,양토,6.1,복합,83.49,37.08,28.9,2227.0
1258.0,25.0,2034.0,양토,7.5,질소,27.66,26.71,29.35,2088.0
1612.0,24.2,1733.0,사양토,7.5,복합,44.26,14.49,33.72,2160.0
1093.0,13.4,2648.0,점질토,7.8,칼륨,42.05,38.79,37.7,2148.0
1071.0,15.3,2983.0,점질토,5.9,복합,23.06,25.31,39.54,2293.0
1539.0,13.2,2816.0,사양토,6.8,질소,51.87,33.99,35.95,2173.0
1981.0,12.9,2097.0,사양토,7.1,질소,66.35,32.87,10.55,2546.0
640.0,19.2,2006.0,양토,5.6,복합,33.59,22.83,19.14,1794.0
752.0,24.5,2966.0,양토,7.4,인,43.38,29.55,10.74,1915.0
1305.0,10.9,2386.0,양토,5.9,칼륨,33.48,36.23,44.04,1940.0
1822.0,15.4,2194.0,점질토,6.2,질소,96.02,29.34,26.27,2422.0
1210.0,11.0,2453.0,사양토,6.5,인,71.45,42.12,18.53,2144.0
516.0,19.4,2149.0,양토,5.4,인,28.85,11.72,49.53,1707.0
1153.0,14.3,2723.0,양토,6.6,인,97.46,33.34,33.72,2027.0
920.0,18.4,2733.0,점질토,6.2,질소,84.47,48.68,7.95,1968.0
1798.0,25.0,2189.0,점질토,8.0,질소,84.87,5.61,33.72,2116.0
1237.0,,2347.0,사양토,7.9,질소,17.93,32.25,12.02,2027.0
1419.0,12.2,1644.0,양토,6.1,복합,40.9,27.12,42.77,2022.0
1153.0,11.6,2911.0,양토,6.2,칼륨,37.52,14.11,45.01,2098.0
1615.0,11.1,2790.0,점질토,5.8,질소,52.63,42.61,6.91,2311.0
536.0,17.7,1685.0,점질토,5.6,인,18.66,47.23,21.4,1507.0
590.0,17.6,1982.0,양토,6.1,칼륨,92.28,31.65,41.38,1676.0
1077.0,16.0,1600.0,양토,6.5,질소,59.21,20.48,48.27,1994.0
909.0,15.3,2285.0,사양토,5.5,복합,60.79,37.01,16.59,2000.0
930.0,12.8,1793.0,사양토,7.1,복합,13.82,21.14,10.13,2047.0
1884.0,18.6,2233.0,사양토,6.6,질소,12.66,42.82,18.58,2358.0
887.0,19.5,,양토,6.3,복합,73.72,35.78,10.24,2073.0
1585.0,13.1,2668.0,양토,7.1,칼륨,50.53,17.08,5.93,2389.0
758.0,13.8,1880.0,양토,5.4,질소,46.38,16.43,36.37,1709.0
1741.0,21.4,1805.0,점질토,7.8,복합,91.37,21.51,11.27,2281.0
1863.0,18.0,2199.0,사양토,5.5,인,51.3,41.4,40.93,2537.0
1658.0,14.7,2681.0,양토,7.1,인,20.64,19.35,48.06,2388.0
1354.0,23.9,1691.0,양토,6.5,복합,32.06,47.2,8.91,2161.0
601.0,16.1,1957.0,점질토,5.6,질소,49.52,16.53,22.87,1672.0
885.0,23.4,1606.0,사양토,6.3,칼륨,67.88,24.22,48.91,1739.0
679.0,16.3,2146.0,사양토,7.9,질소,48.08,20.47,50.0,1833.0
1027.0,16.5,1747.0,사양토,7.3,복합,30.3,16.82,39.02,2280.0
707.0,11.8,2852.0,사양토,6.2,인,15.75,19.21,45.25,1953.0
1260.0,24.5,1770.0,양토,6.8,칼륨,80.27,7.8,16.65,1808.0
1701.0,14.1,2403.0,점질토,7.8,인,83.16,40.36,11.86,2328.0
1928.0,17.8,2847.0,양토,6.1,복합,57.86,25.56,46.16,2756.0
1795.0,20.6,1753.0,사양토,7.2,칼륨,52.27,22.67,41.94,2318.0
1021.0,23.7,2188.0,양토,7.2,인,21.11,42.54,12.62,2009.0
776.0,24.1,2535.0,점질토,7.0,칼륨,57.27,36.04,15.54,1590.0
1723.0,24.8,2747.0,양토,6.4,복합,65.69,20.24,26.01,2414.0
513.0,11.7,1781.0,사양토,6.5,인,68.99,30.05,26.8,1601.0
855.0,12.1,1930.0,점질토,7.9,인,72.98,43.19,15.22,1640.0
689.0,18.3,,점질토,7.2,질소,95.04,5.61,31.94,1817.0
569.0,10.7,1610.0,점질토,7.1,질소,46.44,27.35,43.71,1514.0
1665.0,17.3,2667.0,사양토,7.9,복합,28.6,41.06,47.81,2565.0
670.0,17.5,2426.0,사양토,5.7,질소,25.69,45.33,24.69,1917.0
1686.0,22.0,2442.0,사양토,6.3,질소,94.96,43.34,13.63,2417.0
1906.0,23.6,2944.0,점질토,5.2,복합,62.43,49.73,36.11,2572.0
556.0,18.0,1520.0,양토,7.1,질소,88.78,46.56,22.5,1546.0
509.0,15.7,1542.0,사양토,7.7,인,22.96,8.92,38.07,1509.0
948.0,19.7,1912.0,양토,7.3,인,31.75,37.5,23.59,1751.0
1616.0,17.0,2982.0,점질토,7.1,질소,65.12,41.12,30.92,2562.0
1426.0,19.5,1862.0,양토,6.4,칼륨,59.86,31.44,7.24,2312.0
1021.0,21.8,2411.0,점질토,7.0,복합,69.06,40.95,35.22,2015.0
601.0,15.7,2111.0,양토,5.1,질소,48.36,32.07,34.84,1776.0
947.0,24.3,2499.0,점질토,6.2,질소,89.91,27.42,25.18,2006.0
1329.0,17.3,2446.0,사양토,7.1,인,99.6,21.92,9.87,2139.0
1664.0,10.2,,사양토,6.7,질소,84.43,28.4,16.41,2278.0
709.0,19.6,1991.0,양토,6.3,칼륨,42.96,10.02,15.76,1689.0
1098.0,10.9,2596.0,양토,6.8,질소,99.6,44.58,44.73,2129.0
1492.0,14.3,2229.0,점질토,6.4,복합,80.52,34.45,45.53,2293.0
1021.0,10.9,,사양토,6.9,칼륨,67.32,34.85,36.38,1905.0
1405.0,20.3,2330.0,양토,7.8,질소,29.04,39.86,40.81,2331.0
1952.0,15.7,1582.0,양토,7.6,칼륨,46.81,28.03,12.58,2058.0
1306.0,15.4,2941.0,사양토,5.5,칼륨,29.92,15.18,5.1,2291.0
1008.0,11.4,2007.0,사양토,5.2,인,64.7,46.57,26.29,1763.0
1881.0,15.0,2971.0,사양토,7.5,칼륨,54.06,34.12,32.47,2399.0
1746.0,20.8,1945.0,양토,6.9,질소,99.6,48.36,29.84,2238.0
1021.0,19.2,1557.0,점질토,5.2,질소,46.08,46.56,47.58,1865.0
1156.0,18.5,1728.0,사양토,7.8,칼륨,86.39,48.88,42.63,1978.0
1021.0,15.3,1649.0,점질토,6.9,칼륨,98.95,14.8,13.11,2154.0
1035.0,10.6,2289.0,양토,7.5,인,14.76,44.12,15.09,1775.0
896.0,24.5,1921.0,사양토,7.9,칼륨,32.11,16.79,25.64,1686.0
1318.0,14.2,1554.0,사양토,7.2,복합,21.2,39.33,5.04,2018.0
669.0,13.8,2129.0,양토,5.4,질소,95.85,38.01,47.04,2110.0
803.0,21.2,2208.0,양토,5.2,질소,92.23,49.63,27.34,1917.0
853.0,13.2,2837.0,점질토,5.8,복합,52.34,25.84,15.88,2334.0
849.0,10.7,1713.0,사양토,6.2,칼륨,32.46,20.61,29.36,1731.0
948.0,19.2,2000.0,사양토,6.5,질소,10.07,9.85,18.57,1935.0
1797.0,11.6,2723.0,사양토,5.4,칼륨,29.71,41.12,10.79,2348.0
1407.0,13.0,2022.0,양토,7.8,인,12.46,32.44,37.63,2137.0
1815.0,12.5,1578.0,양토,6.2,칼륨,64.72,17.76,22.38,2166.0
1237.0,13.6,2451.0,양토,7.5,복합,67.68,15.4,33.72,2138.0
1538.0,19.2,2449.0,점질토,6.8,질소,65.32,11.44,28.12,2405.0
512.0,10.9,2528.0,사양토,5.0,질소,23.89,27.25,19.12,1935.0
1812.0,16.9,,양토,5.7,인,91.14,40.62,43.98,2400.0
1729.0,21.0,1765.0,사양토,7.5,인,29.44,42.92,37.93,2234.0
803.0,15.4,2590.0,사양토,7.1,칼륨,39.91,19.16,30.54,1812.0
1991.0,15.7,1694.0,사양토,5.1,인,85.06,47.38,13.45,2388.0
1347.0,12.4,2011.0,사양토,7.9,질소,65.54,9.46,15.04,2157.0
1111.0,15.9,2029.0,사양토,6.9,질소,40.4,6.29,47.79,2005.0
1487.0,15.6,2376.0,양토,5.7,칼륨,83.77,8.45,49.77,2264.0
771.0,21.4,1995.0,사양토,7.8,복합,82.36,36.07,13.28,1837.0
1105.0,15.2,2389.0,사양토,6.9,질소,59.22,31.19,22.9,1921.0
1785.0,10.1,2199.0,점질토,6.2,인,13.46,45.54,36.26,2354.0
1902.0,24.8,1895.0,사양토,5.6,칼륨,50.99,21.84,21.44,2249.0
1120.0,24.5,2399.0,사양토,7.2,칼륨,30.07,24.51,49.85,2115.0
1151.0,11.4,2518.0,양토,6.2,칼륨,61.2,14.96,20.83,1940.0
592.0,,,점질토,5.5,인,23.32,22.54,12.78,1975.0
1230.0,16.6,1595.0,양토,6.6,복합,52.33,40.28,29.44,2043.0
748.0,21.1,2556.0,사양토,5.6,복합,67.66,18.44,13.19,1941.0
948.0,15.0,2685.0,사양토,5.2,복합,60.61,40.81,26.92,2249.0
610.0,23.3,1905.0,점질토,5.9,복합,27.15,43.64,11.68,1826.0
1820.0,23.7,2666.0,양토,6.2,복합,88.77,17.35,48.9,2323.0
1877.0,18.4,2255.0,양토,5.6,칼륨,96.66,37.92,47.93,2351.0
1059.0,21.1,1975.0,양토,6.9,질소,61.0,42.74,39.14,1938.0
1592.0,16.0,2572.0,사양토,5.5,인,61.9,29.07,36.91,2381.0
1644.0,18.0,2107.0,양토,5.7,복합,31.81,31.8,13.48,2604.0
1085.0,18.6,1715.0,사양토,6.7,복합,63.38,43.34,28.86,2199.0
1894.0,23.1,1979.0,양토,6.3,복합,90.7,42.2,47.77,2370.0
1300.0,18.1,1742.0,양토,7.8,질소,52.74,48.67,17.35,2266.0
1106.0,12.3,2973.0,사양토,8.0,질소,51.4,22.7,13.45,2155.0
1341.0,22.9,,점질토,7.7,복합,67.45,41.8,9.15,2472.0
796.0,15.3,2138.0,점질토,5.9,복합,71.47,20.64,48.28,1894.0
1328.0,22.6,1757.0,점질토,7.5,복합,71.15,47.92,49.89,2102.0
1021.0,24.9,2823.0,사양토,7.6,칼륨,25.03,29.39,41.49,1968.0
1966.0,15.3,2634.0,점질토,7.9,복합,61.18,33.39,22.47,2865.0
528.0,19.6,2361.0,사양토,6.7,복합,44.24,8.96,42.29,1898.0
526.0,18.3,2369.0,사양토,7.2,복합,41.2,17.55,29.78,2031.0
1211.0,12.5,2021.0,점질토,7.1,질소,91.77,5.61,11.84,1856.0
1389.0,11.1,1759.0,양토,7.5,복합,18.41,29.37,33.79,2101.0
975.0,11.1,2950.0,양토,7.6,인,61.08,23.23,39.8,1975.0
599.0,,1568.0,사양토,6.0,복합,70.3,44.87,16.35,1653.0
1021.0,,1847.0,양토,6.2,복합,71.25,20.99,9.44,2105.0
1130.0,19.2,2659.0,사양토,6.4,질소,51.19,18.38,32.67,2165.0
1184.0,23.1,1848.0,점질토,6.0,인,41.65,44.7,47.9,1839.0
1021.0,19.4,1943.0,점질토,6.7,질소,56.56,37.05,44.54,1994.0
1087.0,18.6,2500.0,사양토,5.3,질소,98.66,24.27,37.86,2248.0
1823.0,16.5,2949.0,양토,6.1,복합,31.23,43.98,40.84,2589.0
1949.0,18.2,1639.0,점질토,5.6,복합,93.27,36.3,33.72,2613.0
1630.0,14.2,2594.0,사양토,6.2,인,28.91,34.9,9.51,2388.0
1592.0,17.0,1872.0,사양토,5.4,칼륨,39.51,22.81,18.5,2274.0
823.0,24.3,1914.0,양토,7.5,인,20.79,8.61,5.68,1627.0
1116.0,21.7,1892.0,양토,7.4,복합,22.17,34.03,8.78,2108.0
1382.0,20.7,2214.0,양토,7.1,복합,81.21,12.35,5.48,2388.0
825.0,20.7,1953.0,양토,6.3,인,55.22,33.78,48.61,1660.0
807.0,17.8,2746.0,사양토,6.6,복합,21.81,6.35,41.84,2271.0
1187.0,19.4,2173.0,양토,7.1,질소,60.64,45.96,30.19,2168.0
1277.0,16.2,2393.0,양토,5.4,칼륨,81.97,5.61,9.33,2446.0
1911.0,20.1,2329.0,점질토,5.7,인,42.05,47.72,43.0,2308.0
527.0,22.5,2782.0,점질토,6.6,칼륨,53.35,20.16,18.64,1861.0
1205.0,14.8,1755.0,점질토,5.7,인,71.15,40.18,36.11,1954.0
769.0,10.9,2992.0,점질토,5.5,복합,19.97,49.02,40.91,1925.0
1207.0,18.0,2298.0,사양토,5.8,인,63.21,8.31,31.39,2065.0
1617.0,10.8,2960.0,점질토,5.0,인,80.14,33.74,23.45,2225.0
1377.0,23.9,2584.0,점질토,7.3,질소,74.39,12.5,6.34,2182.0
1847.0,24.4,2325.0,양토,5.3,칼륨,92.91,19.15,20.67,2218.0
625.0,24.6,2312.0,사양토,5.4,칼륨,35.71,23.2,36.25,1565.0
1001.0,16.2,,점질토,6.3,질소,63.07,34.14,48.36,1963.0
605.0,20.1,2232.0,양토,7.7,칼륨,20.34,9.93,44.56,1856.0
1166.0,19.6,1725.0,양토,7.3,복합,61.01,29.67,32.7,1879.0
1888.0,21.9,2022.0,양토,6.1,복합,27.55,22.1,10.17,2343.0
708.0,15.5,1559.0,사양토,5.9,복합,42.36,10.98,47.81,1710.0
865.0,23.7,1535.0,사양토,5.4,칼륨,99.6,42.2,29.27,1675.0
1973.0,19.4,1899.0,점질토,5.2,질소,35.13,6.35,22.81,2439.0
1183.0,14.1,2466.0,점질토,5.0,복합,21.52,21.88,44.08,2274.0
1328.0,13.0,2239.0,사양토,6.2,인,20.68,21.06,39.76,2128.0
978.0,24.1,2351.0,점질토,5.8,질소,80.75,34.44,14.55,1844.0
949.0,23.4,1944.0,양토,7.8,질소,35.95,28.44,14.96,1852.0
614.0,10.5,2034.0,사양토,7.2,인,90.76,31.51,14.9,1619.0
1798.0,20.8,1642.0,사양토,5.6,인,84.97,13.05,36.51,2266.0
1245.0,10.9,1912.0,사양토,5.5,질소,32.82,20.82,38.56,1977.0
630.0,20.3,2154.0,사양토,5.4,복합,90.8,29.72,8.62,2120.0
946.0,15.4,2071.0,사양토,6.8,칼륨,88.43,42.82,43.89,1970.0
1918.0,24.9,2655.0,사양토,5.2,인,67.21,40.27,9.86,2359.0
1672.0,21.4,2852.0,양토,6.2,칼륨,11.44,28.63,14.75,2243.0
1736.0,16.9,2333.0,양토,6.0,복합,26.2,6.65,30.92,2688.0
1949.0,20.6,2741.0,사양토,7.6,칼륨,51.01,34.91,6.87,2524.0
1987.0,22.2,1886.0,점질토,6.2,칼륨,52.49,22.01,45.44,2358.0
1615.0,12.3,2911.0,양토,6.6,복합,71.31,41.71,21.04,2671.0
951.0,24.0,,사양토,7.2,인,11.04,47.51,33.72,1758.0
1558.0,14.7,1946.0,점질토,5.2,칼륨,69.6,14.31,33.72,2169.0
522.0,18.4,2419.0,사양토,6.2,질소,50.88,41.09,29.73,1714.0
1247.0,18.0,2513.0,사양토,5.1,인,54.36,23.28,21.62,2274.0
1203.0,12.7,2675.0,점질토,7.0,질소,64.51,46.07,26.62,2148.0
627.0,23.4,2072.0,양토,6.5,질소,99.6,23.59,10.99,1551.0
501.0,22.2,2958.0,점질토,6.3,질소,10.22,32.17,13.84,1855.0
1721.0,19.5,1797.0,점질토,6.6,칼륨,75.5,34.06,48.43,2234.0
1711.0,,1918.0,사양토,7.6,복합,49.65,11.46,46.36,2364.0
885.0,19.0,1721.0,사양토,7.2,질소,89.25,9.02,7.59,1877.0
1021.0,13.3,1541.0,사양토,5.3,칼륨,59.05,31.57,36.36,1777.0
1112.0,15.6,2985.0,양토,7.2,칼륨,12.74,26.47,49.89,2091.0
846.0,17.3,1850.0,사양토,6.7,칼륨,20.11,10.5,12.59,1864.0
1571.0,16.7,1599.0,사양토,6.0,칼륨,28.66,17.1,10.34,2160.0
984.0,12.3,2006.0,양토,7.8,질소,10.17,31.6,22.46,1851.0
1238.0,16.5,1640.0,사양토,6.7,칼륨,46.57,48.17,30.78,2042.0
1946.0,14.9,1739.0,사양토,7.7,칼륨,31.47,20.36,19.46,2328.0
1670.0,24.4,2517.0,점질토,6.9,인,26.15,45.42,41.75,2385.0
813.0,18.5,2087.0,점질토,5.3,질소,89.26,22.64,22.2,1752.0
757.0,18.0,1535.0,양토,6.4,칼륨,78.94,6.2,39.82,1745.0
1538.0,19.5,2786.0,점질토,6.2,칼륨,10.72,5.61,15.99,2311.0
1489.0,13.0,1772.0,점질토,6.4,인,96.82,32.3,12.88,1972.0
1481.0,19.4,2259.0,양토,5.7,복합,52.44,15.71,26.31,2284.0
831.0,22.2,2832.0,사양토,5.7,질소,37.44,32.77,30.85,1787.0
1598.0,14.4,2598.0,양토,6.2,칼륨,92.14,12.9,15.51,2426.0
1248.0,14.3,2246.0,양토,6.3,복합,86.33,40.93,23.44,2165.0
1195.0,16.1,2965.0,사양토,7.5,인,33.44,12.6,43.05,2256.0
829.0,17.4,1724.0,사양토,5.3,질소,23.52,12.29,49.52,1886.0
1823.0,14.1,2776.0,사양토,5.9,복합,19.67,23.0,22.97,2574.0
1208.0,21.8,1979.0,점질토,7.2,칼륨,63.11,28.42,14.27,1950.0
554.0,20.7,1744.0,사양토,7.7,복합,22.47,40.37,27.67,1695.0
1025.0,,1756.0,사양토,6.3,인,27.76,46.08,27.3,1939.0
1410.0,14.9,1537.0,양토,7.1,복합,37.24,23.84,33.72,2329.0
1195.0,20.1,1895.0,양토,5.8,복합,58.96,33.8,36.25,2176.0
538.0,21.4,2510.0,점질토,7.7,칼륨,64.54,5.3,34.7,1726.0
602.0,19.7,1549.0,사양토,6.2,인,77.27,35.75,6.74,1595.0
683.0,18.2,2975.0,양토,6.5,인,44.06,36.54,14.99,2143.0
1329.0,20.5,1893.0,사양토,8.0,질소,50.34,26.32,42.86,2155.0
659.0,20.4,2576.0,양토,7.1,칼륨,26.94,5.73,28.85,2037.0
858.0,17.3,2451.0,사양토,6.6,칼륨,68.2,29.39,30.22,2017.0
1751.0,21.9,2859.0,점질토,6.2,칼륨,93.02,5.61,42.29,2337.0
1863.0,11.0,2755.0,점질토,7.7,칼륨,92.69,18.23,19.47,2514.0
864.0,13.1,2733.0,양토,7.1,인,59.84,13.19,28.04,2039.0
1261.0,10.2,2924.0,사양토,7.6,질소,34.56,14.75,14.0,2127.0
1025.0,16.6,2172.0,점질토,7.2,복합,15.53,46.38,15.37,2134.0
1165.0,19.5,2304.0,사양토,7.3,복합,12.24,13.25,8.58,2151.0
1611.0,24.9,1692.0,양토,6.2,복합,64.52,33.13,44.35,2093.0
704.0,21.5,2678.0,점질토,5.0,칼륨,32.72,19.42,10.49,1892.0
857.0,18.3,,점질토,5.6,복합,20.15,39.07,37.25,1984.0
975.0,24.3,2636.0,사양토,5.7,인,12.18,36.26,31.64,2001.0
995.0,20.5,1877.0,사양토,5.2,인,51.84,7.18,25.35,1815.0
1246.0,13.4,1647.0,사양토,6.1,복합,87.09,48.6,23.59,2084.0
1283.0,15.2,,점질토,5.3,질소,37.94,7.3,40.62,2263.0
1809.0,10.0,2632.0,사양토,6.7,질소,11.69,23.28,28.27,2489.0
1795.0,17.0,1694.0,사양토,7.6,복합,25.51,9.56,34.84,2535.0
1194.0,16.5,,양토,7.9,인,34.23,47.99,31.68,2122.0
788.0,20.6,2159.0,양토,5.4,질소,20.51,18.92,49.29,2065.0
1947.0,22.0,2475.0,점질토,6.9,인,99.69,34.48,29.21,2309.0
920.0,22.2,2536.0,사양토,7.0,복합,77.5,6.29,44.64,1996.0
1743.0,11.1,2385.0,양토,7.8,복합,50.59,5.33,38.71,2481.0
1189.0,13.0,2723.0,양토,6.2,복합,44.68,29.25,37.38,2216.0
1021.0,16.9,2356.0,사양토,7.5,칼륨,83.38,7.94,15.42,1814.0
1881.0,12.9,2820.0,양토,5.1,칼륨,91.25,10.16,5.98,2464.0
1377.0,16.2,2052.0,사양토,7.7,질소,27.22,17.73,14.65,1990.0
1526.0,16.0,1762.0,양토,7.8,복합,75.41,30.21,42.62,2129.0
747.0,14.5,1671.0,사양토,5.6,칼륨,12.16,48.79,33.1,1857.0
549.0,18.4,2716.0,사양토,6.5,복합,74.06,17.12,40.7,1908.0
1327.0,20.9,2298.0,점질토,5.9,질소,17.57,34.96,5.86,2099.0
1021.0,24.2,1820.0,사양토,5.6,질소,77.96,5.51,48.84,2177.0
1861.0,24.8,1895.0,사양토,5.1,질소,39.52,49.39,30.76,2286.0
1370.0,15.6,2800.0,사양토,6.1,인,93.42,9.08,9.79,2269.0
551.0,12.4,1778.0,사양토,5.9,질소,46.18,15.39,44.89,1395.0
1021.0,22.7,1880.0,점질토,5.3,칼륨,28.68,26.9,44.95,2182.0
1850.0,,2482.0,양토,5.2,질소,49.51,5.61,30.88,2437.0
998.0,22.6,2656.0,점질토,7.9,인,11.18,21.11,9.82,2007.0
1835.0,15.4,2015.0,양토,6.2,인,67.69,29.09,20.66,2309.0
1607.0,12.9,2005.0,점질토,6.6,질소,17.17,12.86,27.95,2174.0
992.0,11.4,2808.0,사양토,6.9,복합,68.75,18.05,16.86,2132.0
1659.0,12.8,1731.0,점질토,7.4,복합,20.51,25.96,12.17,2171.0
1733.0,21.4,1514.0,양토,7.8,인,53.47,11.21,5.06,2197.0
1534.0,17.6,1743.0,점질토,6.3,질소,92.72,43.3,30.75,2238.0
1354.0,18.1,2289.0,사양토,7.5,복합,42.85,11.12,41.38,2484.0
1063.0,22.9,2576.0,사양토,7.2,질소,99.6,35.61,10.39,1949.0
1206.0,24.9,2973.0,양토,6.5,질소,71.19,28.22,7.23,2314.0
1758.0,22.8,2689.0,양토,7.8,질소,90.61,15.45,13.63,2450.0
1197.0,18.4,1928.0,사양토,6.2,인,28.63,5.61,15.08,1916.0
886.0,17.7,2755.0,사양토,6.8,질소,10.04,26.66,44.19,2051.0
553.0,13.0,1661.0,사양토,6.6,인,32.28,31.59,16.89,1598.0
1082.0,14.3,1626.0,점질토,6.5,인,75.31,26.74,36.45,1738.0
1117.0,15.6,1878.0,점질토,6.7,질소,91.34,25.67,34.53,1863.0
1819.0,23.4,2197.0,점질토,7.3,복합,99.6,49.54,10.01,2282.0
1971.0,14.7,2282.0,사양토,5.5,칼륨,87.57,10.09,25.84,2476.0
849.0,23.5,2646.0,사양토,5.0,복합,57.81,29.6,26.05,2005.0
1850.0,24.6,2156.0,점질토,6.4,복합,16.65,10.19,5.08,2549.0
1477.0,14.6,1851.0,사양토,7.8,복합,16.51,43.12,21.49,2219.0
694.0,13.7,2695.0,점질토,7.9,복합,55.23,46.84,40.82,2090.0
1356.0,20.1,2338.0,점질토,5.9,인,51.2,5.27,33.72,2421.0
1419.0,12.3,2776.0,사양토,6.5,복합,38.85,15.54,45.25,2208.0
1254.0,24.3,2661.0,양토,5.9,질소,46.56,49.87,10.5,2245.0
543.0,20.6,1549.0,사양토,7.3,복합,19.35,13.57,17.15,1656.0
1128.0,17.6,2045.0,사양토,6.2,복합,99.6,27.58,33.72,2306.0
1089.0,19.5,2731.0,점질토,6.5,인,89.35,36.44,19.06,2086.0
1009.0,21.0,1598.0,사양토,7.3,인,99.6,36.4,25.92,1972.0
647.0,20.3,2773.0,사양토,5.5,복합,22.95,10.99,32.31,1904.0
560.0,,2058.0,양토,7.6,칼륨,43.07,5.61,11.57,1772.0
1223.0,24.8,2707.0,양토,5.5,칼륨,52.1,32.15,23.42,2145.0
1218.0,10.1,1995.0,점질토,7.2,질소,67.41,14.85,33.34,1810.0
1639.0,23.7,1823.0,양토,5.3,질소,38.08,44.19,11.63,2276.0
1543.0,24.5,2708.0,양토,5.7,질소,58.76,9.84,36.3,2332.0
1690.0,21.3,2938.0,점질토,7.9,인,36.5,16.11,40.28,2249.0
1365.0,11.7,2814.0,점질토,5.9,복합,32.14,38.87,44.45,2108.0
1633.0,15.2,1938.0,점질토,6.0,인,39.03,40.89,38.43,2290.0
781.0,11.4,1643.0,사양토,5.2,인,97.21,14.77,40.89,1766.0
1122.0,10.9,2508.0,점질토,6.0,질소,59.89,39.07,46.39,2085.0
1999.0,16.0,2664.0,사양토,5.6,질소,50.44,34.89,32.7,2694.0
972.0,20.3,2546.0,양토,7.4,인,22.37,28.26,29.96,2005.0
1952.0,11.5,2336.0,사양토,7.2,인,63.6,45.33,24.67,2401.0
1371.0,18.2,,점질토,5.9,질소,24.71,22.6,23.32,2160.0
957.0,21.3,2855.0,사양토,5.5,칼륨,94.14,6.89,9.9,2092.0
1560.0,16.7,2073.0,점질토,7.7,질소,28.22,17.86,40.09,2241.0
1870.0,21.3,1722.0,점질토,6.1,복합,10.6,46.31,27.68,2421.0
537.0,17.1,2058.0,점질토,7.7,질소,69.13,18.09,40.12,1805.0
897.0,20.4,2216.0,점질토,6.2,인,56.99,43.19,34.96,2004.0
1576.0,10.2,1620.0,양토,7.6,질소,77.61,15.08,48.5,2063.0
1183.0,21.9,1873.0,점질토,7.7,복합,82.23,48.02,8.91,2192.0
1184.0,13.8,1839.0,사양토,7.8,인,15.35,45.77,27.87,1996.0
1839.0,16.2,2311.0,사양토,6.5,질소,19.59,15.92,31.84,2253.0
992.0,20.3,2592.0,사양토,5.2,칼륨,99.39,40.49,34.29,1821.0
1170.0,19.3,2824.0,양토,5.1,인,69.67,9.18,35.03,2151.0
609.0,12.8,1674.0,사양토,5.3,인,31.36,17.77,47.64,1482.0
1512.0,14.9,2664.0,점질토,7.5,인,90.98,45.46,45.42,2416.0
1532.0,20.9,2009.0,양토,8.0,칼륨,96.94,18.09,11.92,2154.0
1175.0,18.6,2929.0,양토,5.1,복합,33.32,36.86,46.48,2314.0
1025.0,10.6,1850.0,사양토,7.5,인,12.03,42.96,43.52,1722.0
1776.0,18.9,1922.0,점질토,6.7,복합,97.86,16.89,32.2,2632.0
531.0,,2805.0,점질토,8.0,질소,72.25,41.23,10.17,1751.0
1695.0,12.1,1858.0,사양토,6.2,칼륨,55.16,42.06,28.6,2147.0
1441.0,16.9,1913.0,사양토,7.1,인,24.48,8.37,31.93,2169.0
1494.0,18.1,2798.0,점질토,7.9,인,88.3,45.95,28.91,2406.0
1876.0,21.2,2202.0,사양토,7.7,복합,32.27,39.67,24.06,2595.0
1906.0,18.0,1863.0,사양토,6.6,칼륨,41.3,41.54,24.09,2425.0
847.0,13.4,1947.0,사양토,7.7,복합,15.19,17.54,49.04,1885.0
736.0,18.6,1534.0,양토,6.2,인,20.42,9.0,28.61,1801.0
1021.0,14.2,2217.0,양토,6.5,복합,53.17,28.48,14.64,1910.0
1919.0,24.4,2033.0,점질토,6.2,질소,15.51,34.91,9.7,2399.0
1865.0,11.7,2262.0,사양토,5.6,칼륨,45.03,25.52,13.4,2110.0
1269.0,21.5,2109.0,사양토,6.2,질소,78.41,9.19,17.74,2007.0
1696.0,22.6,2569.0,점질토,5.6,질소,49.23,28.06,17.25,2399.0
1083.0,15.7,2138.0,양토,5.5,질소,47.93,5.61,24.98,1939.0
926.0,18.8,2102.0,사양토,7.1,복합,55.91,21.5,42.9,1987.0
1031.0,22.6,1755.0,점질토,7.2,복합,79.26,45.46,6.8,1895.0
701.0,22.4,2643.0,사양토,5.9,인,92.0,44.04,8.99,1812.0
679.0,18.1,1737.0,사양토,7.8,인,84.81,46.42,10.63,1556.0
1958.0,20.0,2189.0,사양토,6.2,칼륨,30.54,13.7,13.15,2396.0
562.0,11.6,2390.0,양토,7.7,질소,33.29,9.44,14.86,1769.0
1160.0,17.5,,사양토,6.5,복합,66.84,8.6,6.88,2297.0
930.0,13.9,1733.0,점질토,7.7,질소,97.81,30.57,43.52,1866.0
756.0,21.7,1644.0,사양토,7.7,인,15.79,27.76,45.28,1607.0
662.0,11.1,2653.0,양토,7.2,인,34.71,20.27,42.78,1718.0
1451.0,13.2,2096.0,사양토,6.5,칼륨,87.02,11.3,16.82,2021.0
651.0,16.2,1698.0,사양토,7.5,칼륨,60.36,9.4,20.25,1708.0
1064.0,20.0,2448.0,사양토,7.4,인,61.43,13.67,34.43,2169.0
1911.0,17.6,1863.0,점질토,6.3,복합,81.17,7.34,40.28,2493.0
1765.0,23.4,2814.0,사양토,7.1,복합,70.57,7.11,36.17,2590.0
1843.0,21.8,1987.0,사양토,6.4,칼륨,36.15,45.19,47.37,2371.0
912.0,16.5,1871.0,양토,7.4,질소,72.36,48.05,7.86,1933.0
816.0,13.7,1571.0,사양토,5.5,복합,97.25,23.04,39.22,1961.0
887.0,24.4,2728.0,양토,6.7,질소,76.09,5.14,39.59,2053.0
1499.0,18.8,2932.0,사양토,5.3,질소,42.9,12.19,15.69,2368.0
1230.0,20.1,1765.0,점질토,6.8,칼륨,54.83,30.16,27.26,2057.0
1932.0,11.4,2708.0,양토,6.7,인,21.92,40.36,22.92,2528.0
852.0,24.2,1944.0,양토,5.6,칼륨,44.0,35.19,36.84,1524.0
719.0,15.7,2206.0,사양토,6.2,질소,79.45,38.67,19.34,1885.0
1747.0,19.4,2150.0,점질토,5.0,인,70.55,45.37,34.04,2294.0
993.0,21.4,2642.0,점질토,7.7,질소,47.05,25.56,37.25,1995.0
763.0,11.9,1876.0,사양토,7.2,칼륨,25.07,18.6,23.81,1740.0
900.0,23.9,2759.0,양토,6.7,복합,89.59,15.01,11.1,1978.0
1523.0,,1892.0,점질토,5.0,질소,52.95,17.7,25.45,2244.0
824.0,17.8,2925.0,사양토,7.2,복합,53.0,8.48,40.31,2064.0
600.0,11.2,2049.0,양토,6.9,인,20.19,33.45,28.26,1657.0
1463.0,11.8,2093.0,사양토,5.7,칼륨,52.98,44.55,31.61,2062.0
1677.0,13.6,2734.0,양토,6.0,질소,99.6,36.55,15.3,2213.0
1157.0,21.0,2074.0,양토,6.7,칼륨,47.72,47.88,39.49,1805.0
961.0,13.6,2128.0,점질토,5.2,칼륨,11.02,7.04,36.53,1885.0
1948.0,18.7,1570.0,양토,6.3,칼륨,59.24,11.37,33.28,2451.0
1178.0,12.2,2395.0,사양토,6.2,복합,66.89,28.4,27.8,2065.0
761.0,23.4,2203.0,점질토,5.1,복합,27.51,19.77,21.02,2018.0
1757.0,23.4,2866.0,점질토,6.6,복합,34.9,38.5,6.87,2512.0
1340.0,17.1,2579.0,점질토,5.4,칼륨,31.36,26.27,9.92,2232.0
1849.0,19.6,1938.0,점질토,7.6,질소,32.34,10.94,42.74,2366.0
1330.0,23.3,2772.0,사양토,7.7,칼륨,13.26,47.45,33.72,2082.0
1016.0,14.4,1920.0,양토,5.6,인,23.34,23.33,42.95,1966.0
1992.0,21.7,2559.0,양토,6.5,복합,78.3,37.37,23.17,2764.0
881.0,11.2,1557.0,사양토,7.6,칼륨,32.84,37.69,19.89,1842.0
1113.0,22.1,2904.0,양토,7.0,칼륨,98.56,12.05,8.26,2166.0
824.0,12.2,2616.0,양토,7.4,복합,19.13,39.12,7.1,2029.0
741.0,16.9,2885.0,사양토,5.6,복합,61.01,36.63,43.12,2076.0
723.0,20.9,1536.0,점질토,6.5,질소,90.73,41.5,19.7,1609.0
1906.0,13.6,1539.0,양토,6.2,복합,98.39,26.2,19.82,2394.0
1132.0,18.3,2159.0,점질토,5.0,질소,90.68,46.48,18.9,2163.0
1711.0,16.8,1703.0,사양토,5.8,복합,51.7,32.11,47.17,2277.0
1757.0,22.9,2666.0,사양토,5.8,인,17.37,33.27,39.21,2520.0
737.0,22.3,1694.0,양토,5.8,인,79.01,31.4,19.66,1757.0
646.0,22.5,2561.0,점질토,5.7,질소,77.96,43.07,7.7,1953.0
1007.0,22.7,,사양토,6.6,인,95.97,23.42,22.26,2031.0
1638.0,16.7,2562.0,양토,6.6,복합,68.98,38.17,40.06,2350.0
1684.0,19.1,1680.0,사양토,7.3,칼륨,51.32,25.89,40.84,2237.0
1604.0,24.8,2120.0,양토,6.1,인,98.19,5.75,19.02,2122.0
1891.0,19.4,2622.0,사양토,5.8,인,94.39,19.49,11.46,2439.0
592.0,19.5,2641.0,양토,5.4,질소,98.85,26.32,13.39,1885.0
540.0,16.4,2012.0,양토,6.3,복합,74.94,35.72,17.26,1786.0
764.0,11.1,2390.0,점질토,6.4,인,31.3,23.45,14.18,1698.0
1142.0,18.1,2050.0,양토,6.4,질소,88.62,47.33,42.2,1947.0
1510.0,14.8,2979.0,점질토,7.5,복합,95.52,38.89,11.0,2491.0
1493.0,21.8,1586.0,사양토,7.6,질소,93.05,36.09,41.26,2016.0
1818.0,20.7,1786.0,사양토,7.5,질소,15.09,8.86,35.64,2249.0
1168.0,18.5,2329.0,사양토,6.7,복합,47.3,36.9,16.63,2262.0
1815.0,22.5,1550.0,사양토,6.7,칼륨,60.99,24.7,31.6,1981.0
814.0,24.6,2532.0,양토,7.7,칼륨,40.92,5.61,38.79,1884.0
770.0,19.7,1770.0,사양토,7.6,복합,18.71,41.07,47.96,1941.0
806.0,18.7,1616.0,양토,6.5,복합,89.63,9.09,37.92,1998.0
1669.0,24.6,2473.0,사양토,5.2,질소,83.92,48.21,6.09,2199.0
1517.0,13.4,1725.0,양토,5.5,질소,25.39,5.61,9.5,2409.0
1230.0,22.5,2130.0,양토,5.7,칼륨,28.02,23.59,17.32,2021.0
1825.0,,2635.0,사양토,7.6,복합,28.33,5.17,29.4,2201.0
839.0,13.5,2130.0,사양토,6.2,복합,43.26,9.22,9.18,1956.0
923.0,22.9,2091.0,점질토,6.3,복합,14.76,14.41,6.24,2030.0
670.0,24.6,2891.0,사양토,5.8,복합,94.06,38.52,37.51,1906.0
1837.0,16.5,2106.0,사양토,7.1,질소,10.6,7.18,35.89,2506.0
1842.0,16.5,1692.0,점질토,6.3,칼륨,11.5,13.01,46.34,2516.0
1752.0,11.8,1766.0,양토,5.2,복합,23.45,14.66,13.17,2291.0
1863.0,18.2,2370.0,양토,6.4,복합,38.04,5.61,29.31,2453.0
1598.0,11.9,1778.0,양토,5.1,질소,14.64,13.98,17.21,2158.0
1624.0,24.0,1765.0,양토,6.3,복합,77.31,9.73,41.18,2238.0
1714.0,14.9,1660.0,사양토,6.4,질소,37.15,27.73,42.72,2180.0
1289.0,17.7,2729.0,양토,7.8,질소,54.65,33.08,11.55,2173.0
1132.0,18.7,1597.0,점질토,7.0,칼륨,28.34,8.09,33.57,1831.0
1401.0,21.1,1974.0,점질토,6.8,복합,15.8,11.05,29.75,2277.0
1176.0,20.5,2715.0,양토,5.6,질소,87.63,8.77,37.52,2181.0
780.0,20.0,1550.0,사양토,6.0,칼륨,65.68,30.3,28.4,1745.0
1594.0,11.8,2609.0,점질토,5.9,인,25.93,37.22,10.71,2360.0
1362.0,19.7,2145.0,양토,8.0,인,99.6,31.29,33.72,2200.0
836.0,15.9,2726.0,양토,5.4,칼륨,59.08,26.32,47.87,1990.0
723.0,10.8,2713.0,양토,6.8,복합,80.5,33.86,6.4,1801.0
1760.0,24.7,2343.0,양토,5.7,인,74.2,27.27,44.55,2156.0
1844.0,15.6,,양토,5.8,칼륨,48.14,31.2,45.14,2086.0
1009.0,17.6,2230.0,점질토,6.5,질소,60.29,19.05,13.16,2067.0
1233.0,14.1,2930.0,점질토,5.3,복합,92.85,17.7,23.82,2304.0
1423.0,16.2,2901.0,점질토,7.7,칼륨,24.04,26.13,48.23,2258.0
649.0,18.9,2034.0,양토,7.0,인,64.46,41.96,8.01,1771.0
1639.0,11.6,1671.0,사양토,5.5,질소,14.21,44.65,37.52,2074.0
1238.0,22.9,2997.0,점질토,5.5,복합,66.09,32.31,42.34,2335.0
1738.0,14.3,2454.0,점질토,6.5,칼륨,17.62,18.39,30.31,2277.0
553.0,24.9,1740.0,양토,6.6,복합,85.31,18.11,28.54,1573.0
1102.0,13.4,1621.0,점질토,5.8,복합,22.95,22.6,34.16,1971.0
865.0,24.2,2776.0,사양토,7.4,질소,87.52,11.0,21.89,2126.0
1552.0,15.8,2171.0,사양토,7.7,인,38.0,34.31,16.03,2131.0
1204.0,16.9,1518.0,점질토,7.0,칼륨,47.52,17.25,20.82,1814.0
1688.0,23.9,1644.0,사양토,5.8,질소,34.37,5.61,47.66,2211.0
1024.0,13.3,2668.0,점질토,7.2,칼륨,99.6,34.59,14.76,1953.0
1021.0,22.2,1635.0,양토,6.1,복합,63.63,20.46,26.47,1867.0
654.0,23.0,2576.0,양토,7.3,복합,10.95,9.84,49.89,1869.0
1935.0,18.1,1658.0,사양토,7.4,복합,66.52,5.48,49.84,2618.0
1715.0,15.6,2535.0,사양토,5.7,질소,57.72,12.48,6.94,2307.0
1653.0,12.2,1664.0,사양토,5.7,질소,10.38,31.35,15.07,2194.0
1021.0,10.1,2557.0,점질토,5.7,복합,69.51,48.42,38.65,2208.0
1162.0,15.7,2772.0,점질토,7.0,칼륨,13.13,19.48,8.34,1986.0
1732.0,15.4,2500.0,양토,5.6,인,21.66,7.99,44.45,2499.0
1600.0,23.1,2516.0,양토,5.6,질소,43.78,44.1,11.47,2299.0
944.0,10.7,2015.0,사양토,6.2,복합,19.17,10.42,20.94,2077.0
647.0,14.0,2726.0,양토,6.1,인,34.61,18.73,29.75,1701.0
1483.0,16.3,2258.0,점질토,5.7,복합,21.82,6.05,13.27,2390.0
1980.0,21.8,2290.0,사양토,7.1,칼륨,94.43,18.29,35.47,2305.0
1230.0,13.9,1674.0,사양토,5.6,인,78.17,41.29,38.56,1914.0
899.0,24.1,2465.0,양토,5.0,복합,15.16,14.58,19.98,2032.0
1642.0,11.4,2228.0,양토,5.5,인,83.02,8.75,23.38,2269.0
1169.0,17.2,1813.0,양토,7.3,복합,58.0,43.8,20.19,1939.0
630.0,12.5,1982.0,점질토,7.9,질소,87.09,35.21,12.12,1767.0
1724.0,,,양토,7.2,복합,58.96,48.49,11.82,2205.0
1912.0,14.6,2307.0,양토,5.9,질소,82.65,10.87,29.86,2451.0
944.0,22.5,2969.0,사양토,6.1,인,99.6,32.7,39.68,2092.0
1455.0,21.6,2233.0,양토,5.9,복합,52.7,31.14,31.76,2241.0
1021.0,13.1,1845.0,양토,7.6,복합,16.9,47.1,20.34,2187.0
720.0,16.0,2330.0,점질토,5.4,인,54.47,19.89,14.54,1719.0
920.0,21.8,2621.0,양토,6.1,인,62.58,36.91,47.72,1979.0
1387.0,19.7,1827.0,점질토,5.4,복합,57.06,21.81,16.87,2247.0
1964.0,21.8,1602.0,점질토,7.9,인,38.28,5.61,10.83,2371.0
1343.0,14.8,2221.0,점질토,7.0,칼륨,70.56,21.81,14.15,1999.0
1358.0,17.2,2401.0,점질토,6.5,복합,76.13,39.89,47.15,2388.0
622.0,22.9,1778.0,점질토,6.7,칼륨,37.46,10.24,39.47,1666.0
1546.0,22.6,2587.0,사양토,7.0,질소,22.82,36.98,12.43,2307.0
1463.0,12.5,2973.0,사양토,6.8,복합,30.61,14.5,49.91,2383.0
830.0,24.8,1781.0,양토,6.6,복합,99.6,5.61,44.84,1867.0
917.0,18.7,,점질토,5.2,인,62.42,45.68,34.8,2232.0
980.0,20.1,1962.0,사양토,6.9,칼륨,77.22,42.58,33.59,2069.0
1023.0,11.4,2759.0,양토,6.7,복합,99.6,46.64,26.76,2018.0
1775.0,19.3,1832.0,양토,6.9,인,93.83,32.85,18.22,2338.0
1573.0,21.9,1626.0,사양토,5.3,질소,33.0,18.91,30.76,2160.0
510.0,14.5,1802.0,점질토,5.2,인,83.5,27.18,27.36,1508.0
631.0,19.3,2164.0,사양토,5.6,칼륨,99.31,16.34,40.0,1618.0
695.0,15.7,2257.0,양토,7.7,질소,65.0,8.26,43.15,1875.0
1080.0,14.8,2358.0,점질토,5.4,칼륨,49.12,43.68,16.67,1922.0
904.0,12.3,2849.0,점질토,7.1,복합,95.07,31.24,46.01,2225.0
1286.0,19.3,2113.0,사양토,5.8,질소,12.38,23.74,5.22,2150.0
1467.0,21.6,2847.0,사양토,5.5,복합,37.77,12.09,6.94,2407.0
1136.0,14.1,1600.0,점질토,7.4,인,18.62,42.45,31.0,1957.0
509.0,19.2,2934.0,양토,5.7,질소,91.69,40.26,24.97,1889.0
1288.0,24.3,2565.0,사양토,7.9,질소,95.12,33.31,8.45,2069.0
966.0,11.8,2526.0,사양토,5.4,인,48.37,26.97,11.34,1884.0
1263.0,15.4,2323.0,점질토,5.9,인,20.17,48.52,38.83,1955.0
1590.0,20.8,2891.0,사양토,7.1,복합,63.14,39.93,41.94,2586.0
1203.0,11.8,1720.0,양토,5.6,복합,33.13,19.0,14.8,1955.0
1608.0,15.7,1645.0,양토,6.7,칼륨,88.43,32.57,33.82,2051.0
950.0,22.7,2347.0,사양토,7.0,질소,31.87,43.22,25.12,1960.0
1999.0,14.0,1882.0,사양토,5.3,인,83.35,33.4,41.97,2421.0
1286.0,14.8,2021.0,사양토,6.6,질소,20.01,33.5,10.2,1870.0
1442.0,18.9,1741.0,점질토,5.6,질소,21.3,7.31,48.23,2250.0
1907.0,13.0,2660.0,양토,7.0,칼륨,90.51,28.05,28.48,2577.0
803.0,16.6,2868.0,양토,5.4,인,42.49,34.14,33.72,2007.0
633.0,19.3,2140.0,사양토,7.9,복합,52.08,44.99,33.14,2101.0
1107.0,22.4,2841.0,점질토,6.8,질소,58.99,33.94,44.95,2011.0
779.0,17.1,1912.0,양토,6.2,칼륨,36.51,12.41,14.21,1950.0
1728.0,18.9,2554.0,사양토,5.5,칼륨,13.75,31.99,39.35,2314.0
982.0,13.8,2605.0,사양토,7.4,복합,84.1,6.65,37.63,1999.0
603.0,19.0,1898.0,사양토,7.8,복합,20.45,38.07,11.17,1796.0
1021.0,16.9,1999.0,양토,7.5,복합,91.53,18.41,47.54,1890.0
1167.0,12.4,2783.0,사양토,5.4,질소,52.1,23.34,18.69,2184.0
1101.0,16.1,1673.0,양토,5.3,칼륨,11.3,48.77,12.55,1915.0
1968.0,22.0,2698.0,점질토,6.5,복합,24.79,32.52,49.74,2524.0
1817.0,23.2,2683.0,점질토,6.8,질소,20.32,7.46,27.91,2316.0
1203.0,24.5,2444.0,양토,6.2,복합,75.08,35.32,40.9,2052.0
1884.0,19.0,1857.0,점질토,6.8,복합,57.93,29.98,49.36,2433.0
1217.0,20.8,1955.0,점질토,7.6,인,38.76,34.3,49.41,1962.0
1402.0,22.4,1972.0,사양토,6.0,인,79.79,40.07,33.72,2081.0
921.0,11.4,1510.0,사양토,5.1,질소,25.82,10.65,40.39,1726.0
872.0,10.1,1903.0,양토,7.3,칼륨,16.05,11.52,33.72,1712.0
1115.0,20.7,1717.0,점질토,5.3,인,85.63,21.15,10.76,1803.0
1943.0,13.2,1818.0,점질토,5.3,복합,95.18,29.65,22.96,2214.0
1464.0,23.8,2329.0,양토,5.3,인,68.15,11.9,21.69,2097.0
1304.0,12.6,2972.0,점질토,6.1,복합,14.25,28.17,32.76,2345.0
509.0,13.1,2325.0,점질토,5.7,질소,83.56,22.88,35.84,1767.0
726.0,15.1,2947.0,점질토,6.4,칼륨,64.86,39.35,40.22,1809.0
1625.0,10.4,2282.0,사양토,6.5,칼륨,95.94,9.6,27.57,2123.0
1569.0,22.5,2541.0,사양토,5.6,칼륨,30.11,9.05,25.09,2236.0
1383.0,20.1,2636.0,점질토,6.8,복합,79.91,41.93,7.78,2169.0
1505.0,24.2,1594.0,점질토,5.2,칼륨,51.47,47.16,10.52,1927.0
1644.0,23.2,2668.0,양토,7.6,복합,71.43,5.61,24.83,2373.0
1304.0,10.5,2904.0,점질토,6.3,인,66.6,43.86,23.91,2245.0
1556.0,11.9,2696.0,사양토,5.7,인,99.77,43.38,28.34,2271.0
1842.0,17.3,2854.0,점질토,6.0,칼륨,71.73,22.02,10.68,2520.0
973.0,12.7,1790.0,점질토,7.3,칼륨,42.11,38.32,12.79,1771.0
881.0,24.2,1613.0,사양토,5.9,인,61.47,25.48,41.54,1647.0
1666.0,16.1,,점질토,7.9,칼륨,21.83,16.26,8.46,2552.0
1638.0,15.5,2829.0,사양토,6.1,칼륨,33.69,20.68,35.05,2282.0
1106.0,12.0,2269.0,양토,6.7,인,71.11,31.98,47.32,2132.0
1553.0,17.9,2751.0,양토,6.1,복합,33.78,11.81,35.04,2478.0
1893.0,15.2,1621.0,사양토,6.8,인,25.44,34.48,25.11,2289.0
1594.0,20.5,2595.0,양토,6.2,질소,31.69,44.32,21.12,2215.0
1253.0,19.0,2682.0,양토,7.7,칼륨,99.82,42.31,12.56,2262.0
562.0,10.3,1591.0,점질토,7.0,인,42.53,7.97,34.78,1418.0
1523.0,12.2,1699.0,사양토,7.0,인,74.92,38.87,48.97,2042.0
975.0,12.6,2400.0,사양토,5.6,복합,85.32,47.76,12.21,2061.0
908.0,12.8,2370.0,점질토,6.5,복합,47.7,43.37,26.84,1965.0
759.0,22.6,2247.0,양토,5.1,인,79.77,20.91,35.22,1836.0
858.0,24.4,2744.0,사양토,7.0,복합,97.54,29.12,16.79,1941.0
1505.0,14.3,1795.0,점질토,5.7,복합,25.62,6.15,27.2,2149.0
1686.0,23.2,2851.0,양토,5.4,질소,35.63,39.43,11.22,2478.0
1869.0,20.2,1859.0,점질토,6.5,칼륨,65.1,39.49,28.54,2326.0
589.0,21.7,2054.0,양토,7.9,칼륨,81.59,31.38,33.79,1686.0
1988.0,19.9,2358.0,사양토,6.6,인,83.73,37.39,44.72,2588.0
756.0,18.6,2595.0,점질토,5.4,질소,92.63,9.29,34.91,2052.0
1625.0,24.0,2415.0,점질토,5.2,칼륨,32.74,12.73,27.85,2221.0
1099.0,21.3,1612.0,점질토,6.9,인,34.46,7.77,15.66,1876.0
557.0,20.6,1931.0,양토,7.9,질소,81.13,14.48,21.9,1780.0
931.0,10.5,2821.0,사양토,7.8,인,99.6,43.43,5.98,1846.0
544.0,12.0,2309.0,점질토,5.5,칼륨,33.66,42.84,37.76,1683.0
1021.0,22.4,2743.0,양토,6.0,복합,33.37,29.76,23.63,2298.0
1487.0,22.8,2591.0,점질토,7.2,인,10.49,11.23,23.02,2282.0
1891.0,23.0,1951.0,양토,7.7,인,73.54,20.4,48.76,2226.0
839.0,21.6,1910.0,점질토,5.8,복합,27.4,30.62,27.84,1941.0
541.0,18.2,2193.0,양토,7.2,칼륨,34.52,23.98,19.91,1676.0
818.0,15.2,2565.0,양토,7.8,칼륨,35.84,14.03,33.15,1845.0
993.0,22.1,1831.0,사양토,6.6,질소,66.17,23.93,27.96,1776.0
1795.0,15.3,2087.0,사양토,7.8,복합,75.88,20.9,5.72,2476.0
1021.0,15.6,2257.0,양토,6.5,복합,98.04,11.39,32.91,2133.0
786.0,10.2,2299.0,사양토,5.2,복합,42.27,34.27,31.9,1935.0
1451.0,11.9,,양토,6.3,복합,79.7,7.97,27.03,2249.0
1936.0,17.1,2923.0,양토,6.2,복합,67.69,12.8,48.69,2571.0
1151.0,18.5,2250.0,점질토,6.2,질소,63.64,32.67,18.74,2117.0
608.0,11.9,1936.0,점질토,7.3,칼륨,99.6,5.61,17.62,1570.0
607.0,15.1,1836.0,사양토,5.7,질소,14.99,39.91,39.56,1609.0
1653.0,15.7,2866.0,점질토,5.9,복합,79.74,48.73,14.24,2579.0
1457.0,20.1,1527.0,사양토,6.4,인,31.97,42.21,7.31,2061.0
1901.0,13.9,2382.0,사양토,6.1,인,82.98,10.79,30.77,2311.0
1900.0,20.0,2351.0,양토,6.7,칼륨,75.65,24.74,48.17,2484.0
1756.0,18.3,2825.0,양토,7.4,복합,35.35,21.33,45.4,2558.0
933.0,20.6,2513.0,양토,7.1,칼륨,99.01,48.85,27.29,1920.0
521.0,18.8,1501.0,점질토,7.9,칼륨,42.86,39.68,46.34,1410.0
1780.0,10.1,2731.0,점질토,7.8,질소,96.98,24.36,19.01,2555.0
1847.0,18.6,2525.0,사양토,5.9,칼륨,21.87,16.57,26.49,2543.0
1661.0,14.7,2491.0,양토,7.1,복합,59.47,28.18,32.79,2385.0
1565.0,14.8,2102.0,양토,5.6,칼륨,29.97,28.73,23.37,2099.0
1925.0,18.5,1583.0,양토,5.4,인,73.21,42.21,36.74,2242.0
1959.0,23.9,1739.0,양토,6.2,인,46.07,12.41,47.04,2146.0
1356.0,14.8,2886.0,사양토,6.0,복합,41.64,49.29,19.58,2275.0
1011.0,23.4,2558.0,점질토,5.3,질소,97.63,24.68,23.3,1944.0
512.0,22.5,2399.0,양토,5.3,칼륨,96.93,25.16,28.91,1779.0
584.0,17.5,,점질토,7.0,칼륨,84.95,9.11,24.16,1703.0
1117.0,24.0,1721.0,양토,5.4,칼륨,31.31,30.48,42.47,1749.0
1834.0,21.1,1730.0,양토,5.3,복합,53.78,31.66,20.64,2390.0
902.0,18.9,2591.0,양토,7.9,칼륨,91.05,9.34,37.98,1908.0
1324.0,10.2,2072.0,양토,5.2,질소,86.94,47.92,5.29,1893.0
1311.0,12.1,2003.0,양토,7.5,칼륨,11.71,45.99,14.66,2074.0
641.0,16.3,1730.0,사양토,7.6,인,48.76,30.76,11.43,1736.0
1844.0,12.0,2473.0,양토,6.9,인,12.26,23.93,24.04,2368.0
1400.0,,1784.0,사양토,6.6,복합,34.23,48.86,15.06,2363.0
1461.0,13.6,2791.0,점질토,5.6,인,61.52,5.68,33.1,2328.0
1180.0,16.0,2385.0,점질토,7.4,인,91.84,19.92,11.27,2118.0
1531.0,13.5,1900.0,사양토,6.1,질소,73.09,48.72,16.45,2237.0
1531.0,16.9,1791.0,점질토,5.6,칼륨,94.12,13.55,21.07,2346.0
541.0,22.5,2043.0,양토,6.9,칼륨,36.12,22.64,16.27,1563.0
1021.0,20.1,2263.0,점질토,5.3,복합,75.19,45.15,13.18,2176.0
1021.0,,2000.0,점질토,5.2,질소,42.4,7.05,28.81,1859.0
817.0,11.4,1539.0,점질토,7.7,복합,91.05,6.1,28.13,1851.0
1529.0,12.9,2734.0,양토,7.6,칼륨,12.04,47.53,30.12,2238.0
675.0,16.1,1774.0,사양토,5.0,인,19.02,44.35,49.37,1617.0
1844.0,19.8,2627.0,양토,6.1,칼륨,22.17,14.74,34.7,2397.0
1423.0,11.1,1751.0,사양토,6.8,칼륨,64.25,29.75,22.56,2148.0
1940.0,24.9,1511.0,점질토,7.8,복합,99.67,8.35,16.28,2273.0
785.0,18.1,1503.0,양토,7.2,질소,76.67,47.08,17.82,1706.0
1491.0,,2043.0,점질토,6.7,인,39.21,39.79,37.33,2058.0
1501.0,13.0,1584.0,사양토,6.3,칼륨,25.41,38.32,17.89,2139.0
1712.0,24.2,2710.0,양토,7.4,복합,54.53,26.26,33.72,2340.0
1698.0,19.2,1882.0,양토,7.9,질소,33.39,48.9,37.94,2262.0
651.0,16.5,1513.0,양토,7.8,인,31.93,31.91,37.61,1720.0
710.0,11.9,2227.0,사양토,5.7,칼륨,58.1,29.72,24.74,1811.0
769.0,23.8,2979.0,양토,8.0,칼륨,47.81,10.73,6.76,1807.0
1312.0,22.1,1988.0,점질토,7.5,복합,15.18,6.05,28.64,2221.0
1026.0,21.1,2083.0,점질토,6.3,인,89.9,25.46,33.5,1791.0
1423.0,19.9,2099.0,점질토,6.0,인,75.55,46.18,9.9,2025.0
1317.0,16.7,2793.0,양토,7.7,칼륨,55.67,22.98,35.14,2351.0
1179.0,24.6,2814.0,사양토,7.3,인,60.24,8.3,47.72,2204.0
1927.0,21.8,2664.0,사양토,7.1,복합,30.32,48.86,39.28,2567.0
751.0,20.7,2852.0,양토,6.2,인,82.35,34.32,7.5,2032.0
1432.0,17.6,2083.0,사양토,8.0,칼륨,26.9,28.93,48.62,2163.0
635.0,18.5,2451.0,점질토,6.4,칼륨,14.31,6.3,40.04,1886.0
1519.0,24.3,1813.0,사양토,5.1,인,20.61,36.57,10.66,2174.0
926.0,17.3,2013.0,점질토,7.1,질소,12.41,24.63,49.35,2017.0
1769.0,15.4,1629.0,사양토,6.6,복합,94.37,28.49,32.92,2497.0
1349.0,20.3,2820.0,점질토,6.6,질소,42.5,44.42,6.91,2388.0
1301.0,12.6,2486.0,양토,7.3,복합,37.92,16.36,40.04,2306.0
1873.0,13.0,2370.0,양토,6.3,칼륨,77.49,23.33,33.72,2426.0
883.0,14.5,1791.0,양토,6.8,칼륨,73.1,41.83,19.31,1726.0
