employment_type,annual_income,credit_score,loan_purpose,loan_amount,dti,years_employed,home_ownership,delinquency_history,loan_status
무직,17718.0,603.0,주택,864.0,31.0,,자가,No,1
정규직,19466.0,875.0,기타,9285.0,320.0,18.0,월세,No,1
정규직,3919.0,326.0,생활비,3907.0,199.0,21.0,자가,No,1
계약직,18853.0,543.0,사업,6009.0,158.0,18.0,자가,No,1
자영업,13717.0,916.0,생활비,4588.0,424.0,7.0,월세,No,1
계약직,13606.0,527.0,생활비,9672.0,322.0,9.0,월세,No,1
계약직,16834.0,514.0,주택,4849.0,126.0,24.0,자가,No,1
정규직,7360.0,597.0,주택,4853.0,108.0,22.0,월세,Yes,1
계약직,17307.0,646.0,사업,6914.0,45.0,26.0,자가,No,1
정규직,19979.0,557.0,주택,1630.0,431.0,9.0,월세,No,1
정규직,7449.0,519.0,사업,4349.0,58.0,17.0,전세,Yes,1
자영업,15066.0,713.0,생활비,8022.0,270.0,14.0,자가,No,1
정규직,2764.0,664.0,주택,,13.0,24.0,자가,No,1
정규직,3706.0,783.0,사업,612.0,27.0,8.0,자가,No,1
자영업,2858.0,458.0,사업,1648.0,376.0,24.0,월세,Yes,0
정규직,18564.0,915.0,사업,6707.0,309.0,14.0,,,1
계약직,15173.0,532.0,사업,4802.0,80.0,,,No,1
정규직,19831.0,902.0,사업,5061.0,125.0,14.0,월세,No,1
자영업,7269.0,959.0,주택,7063.0,253.0,0.0,전세,No,1
자영업,18368.0,590.0,기타,9907.0,205.0,21.0,자가,No,1
계약직,14837.0,520.0,주택,8499.0,30.0,24.0,전세,No,1
정규직,17953.0,891.0,사업,5910.0,465.0,12.0,자가,No,1
정규직,2064.0,800.0,생활비,9502.0,155.0,10.0,월세,No,1
정규직,11216.0,860.0,기타,3109.0,424.0,27.0,전세,No,1
무직,14295.0,826.0,기타,5609.0,271.0,29.0,자가,No,1
자영업,19735.0,937.0,사업,9941.0,319.0,17.0,월세,No,1
정규직,10151.0,753.0,생활비,1032.0,24.0,6.0,월세,Yes,1
정규직,15898.0,424.0,기타,7825.0,204.0,16.0,자가,No,1
계약직,,866.0,기타,5967.0,195.0,11.0,자가,No,1
정규직,10371.0,580.0,기타,6940.0,269.0,11.0,월세,No,1
자영업,19489.0,670.0,사업,2397.0,418.0,11.0,자가,,1
자영업,14347.0,437.0,생활비,397.0,456.0,11.0,자가,Yes,0
정규직,18731.0,882.0,주택,248.0,122.0,19.0,전세,Yes,1
정규직,9400.0,960.0,생활비,4392.0,354.0,18.0,월세,No,1
정규직,2103.0,885.0,주택,4389.0,323.0,5.0,월세,Yes,1
계약직,10744.0,650.0,,2554.0,250.0,5.0,월세,No,1
정규직,11310.0,863.0,기타,6466.0,218.0,3.0,전세,No,1
정규직,6767.0,803.0,주택,1789.0,107.0,26.0,월세,Yes,1
정규직,15619.0,,사업,540.0,388.0,10.0,전세,No,1
정규직,12328.0,906.0,기타,1244.0,183.0,27.0,자가,No,1
계약직,13862.0,302.0,사업,3157.0,402.0,10.0,자가,No,1
계약직,10910.0,341.0,기타,3854.0,219.0,25.0,월세,No,1
무직,7928.0,698.0,사업,3328.0,139.0,22.0,,No,1
정규직,7173.0,963.0,기타,9574.0,,3.0,월세,Yes,1
정규직,2514.0,686.0,기타,1287.0,39.0,18.0,전세,No,1
자영업,,803.0,주택,5563.0,203.0,16.0,전세,No,1
정규직,17767.0,380.0,사업,611.0,212.0,0.0,자가,No,1
정규직,7560.0,344.0,생활비,8065.0,234.0,,전세,Yes,1
정규직,15683.0,425.0,사업,3619.0,373.0,6.0,자가,No,1
자영업,6885.0,493.0,생활비,5472.0,362.0,28.0,월세,Yes,1
계약직,15789.0,531.0,생활비,9511.0,246.0,3.0,자가,Yes,1
자영업,14063.0,683.0,생활비,7959.0,242.0,10.0,월세,,1
자영업,19912.0,,사업,6676.0,197.0,13.0,자가,No,1
정규직,17193.0,304.0,생활비,1621.0,149.0,8.0,월세,No,1
계약직,15935.0,309.0,기타,4576.0,277.0,7.0,전세,No,1
정규직,15173.0,378.0,사업,4847.0,112.0,27.0,월세,No,1
,10235.0,977.0,기타,2429.0,443.0,13.0,전세,No,1
자영업,4140.0,490.0,사업,570.0,441.0,12.0,자가,No,1
정규직,14425.0,566.0,사업,4750.0,,11.0,월세,No,1
계약직,2098.0,462.0,,7073.0,162.0,2.0,월세,No,1
정규직,7492.0,914.0,기타,6456.0,103.0,3.0,전세,No,1
정규직,14973.0,868.0,사업,1722.0,326.0,15.0,월세,No,1
자영업,3778.0,306.0,사업,1893.0,341.0,30.0,전세,Yes,0
무직,11765.0,489.0,,1259.0,347.0,11.0,전세,No,1
정규직,5645.0,821.0,주택,1575.0,33.0,11.0,자가,No,1
자영업,18463.0,345.0,기타,7678.0,196.0,15.0,자가,No,1
계약직,8614.0,746.0,기타,2612.0,405.0,8.0,월세,No,1
무직,3391.0,494.0,주택,1842.0,28.0,20.0,자가,Yes,1
자영업,15863.0,890.0,생활비,8754.0,217.0,25.0,자가,No,1
정규직,17652.0,611.0,생활비,4297.0,225.0,1.0,자가,No,1
계약직,3826.0,705.0,기타,9571.0,410.0,0.0,자가,No,1
정규직,12526.0,869.0,생활비,9152.0,148.0,22.0,월세,No,1
자영업,5265.0,750.0,주택,5663.0,191.0,27.0,월세,No,1
정규직,13791.0,946.0,생활비,1948.0,288.0,20.0,전세,No,1
정규직,12992.0,974.0,주택,6232.0,160.0,4.0,전세,No,1
정규직,10065.0,457.0,사업,8301.0,126.0,2.0,자가,No,1
자영업,8318.0,601.0,사업,6594.0,252.0,20.0,자가,No,1
계약직,13441.0,810.0,생활비,8175.0,86.0,19.0,월세,No,1
정규직,11748.0,788.0,사업,8355.0,318.0,19.0,월세,No,1
계약직,18304.0,946.0,주택,6074.0,134.0,19.0,전세,No,1
무직,8153.0,663.0,사업,7087.0,269.0,15.0,월세,Yes,1
계약직,18416.0,615.0,기타,4736.0,405.0,29.0,전세,No,1
계약직,,657.0,기타,4829.0,365.0,13.0,,No,1
무직,3200.0,907.0,사업,371.0,,6.0,,No,1
정규직,14961.0,593.0,기타,5139.0,144.0,24.0,자가,No,1
정규직,,347.0,사업,143.0,390.0,13.0,전세,No,1
계약직,18797.0,313.0,주택,8054.0,27.0,28.0,월세,No,1
자영업,6305.0,326.0,사업,8227.0,96.0,17.0,전세,No,1
정규직,3480.0,911.0,기타,9842.0,374.0,14.0,전세,No,1
정규직,2850.0,433.0,생활비,6010.0,497.0,2.0,전세,No,1
계약직,6396.0,961.0,사업,3580.0,280.0,16.0,전세,No,1
정규직,5995.0,531.0,사업,5637.0,193.0,20.0,자가,No,1
무직,9384.0,965.0,사업,6188.0,353.0,8.0,자가,No,1
정규직,16672.0,615.0,사업,6013.0,34.0,27.0,자가,Yes,1
정규직,7267.0,836.0,기타,6497.0,41.0,4.0,월세,No,1
정규직,6237.0,588.0,생활비,5042.0,478.0,22.0,월세,No,1
정규직,3027.0,619.0,생활비,8126.0,408.0,8.0,전세,Yes,1
계약직,15495.0,,생활비,5248.0,288.0,3.0,자가,No,1
계약직,15880.0,472.0,주택,6443.0,20.0,13.0,자가,No,1
정규직,18060.0,900.0,주택,7132.0,486.0,14.0,전세,No,1
계약직,13051.0,667.0,생활비,8708.0,249.0,30.0,전세,Yes,1
무직,,876.0,생활비,1489.0,482.0,16.0,전세,No,1
정규직,8997.0,721.0,기타,7935.0,110.0,18.0,전세,No,1
정규직,15004.0,649.0,사업,8257.0,53.0,5.0,자가,No,1
계약직,15459.0,861.0,주택,6682.0,49.0,9.0,자가,Yes,1
자영업,14196.0,517.0,사업,7646.0,110.0,19.0,월세,Yes,1
정규직,19356.0,340.0,주택,2355.0,214.0,8.0,자가,No,1
자영업,17704.0,911.0,사업,820.0,448.0,21.0,자가,No,1
무직,7651.0,345.0,기타,3290.0,290.0,18.0,자가,No,0
계약직,4872.0,595.0,주택,6297.0,352.0,6.0,월세,No,1
자영업,4121.0,831.0,기타,5921.0,195.0,5.0,자가,Yes,1
정규직,18963.0,656.0,사업,1528.0,177.0,14.0,전세,No,1
계약직,12195.0,843.0,생활비,8817.0,331.0,8.0,전세,No,1
정규직,16911.0,904.0,기타,7076.0,284.0,3.0,자가,No,1
정규직,4357.0,500.0,사업,9121.0,473.0,11.0,전세,No,1
자영업,7410.0,820.0,기타,653.0,487.0,25.0,자가,No,1
계약직,10529.0,941.0,기타,5377.0,316.0,23.0,월세,No,1
정규직,6807.0,928.0,기타,5314.0,412.0,13.0,월세,No,1
정규직,10301.0,936.0,사업,4236.0,356.0,14.0,전세,No,1
정규직,11298.0,944.0,사업,863.0,383.0,7.0,자가,No,1
정규직,12119.0,770.0,생활비,1872.0,200.0,6.0,전세,No,1
정규직,12831.0,401.0,기타,5349.0,119.0,22.0,전세,No,1
정규직,12688.0,698.0,기타,4501.0,426.0,22.0,자가,No,1
정규직,3314.0,460.0,생활비,4962.0,27.0,0.0,자가,No,1
정규직,2668.0,419.0,기타,9363.0,281.0,1.0,월세,No,1
정규직,11351.0,447.0,생활비,5816.0,447.0,16.0,자가,No,1
자영업,12677.0,784.0,주택,9501.0,247.0,20.0,전세,No,1
정규직,19903.0,512.0,사업,4564.0,222.0,9.0,전세,No,1
정규직,7503.0,668.0,사업,7994.0,333.0,19.0,자가,No,1
자영업,7585.0,712.0,생활비,4931.0,8.0,25.0,월세,No,1
정규직,8049.0,827.0,주택,2150.0,93.0,2.0,전세,No,1
정규직,15676.0,442.0,주택,5116.0,6.0,23.0,자가,No,1
자영업,14513.0,321.0,기타,800.0,386.0,25.0,자가,No,1
정규직,,320.0,사업,6798.0,151.0,7.0,월세,No,1
계약직,6352.0,388.0,기타,4924.0,2.0,20.0,자가,No,1
정규직,4376.0,447.0,사업,2183.0,,4.0,자가,No,1
계약직,15580.0,429.0,기타,1836.0,273.0,,자가,Yes,1
정규직,5617.0,859.0,주택,9655.0,328.0,25.0,월세,No,1
정규직,10693.0,920.0,주택,411.0,135.0,30.0,월세,Yes,1
계약직,9739.0,716.0,기타,6276.0,315.0,25.0,자가,No,1
정규직,4943.0,747.0,사업,6804.0,39.0,20.0,전세,No,1
정규직,5752.0,915.0,기타,2674.0,413.0,15.0,전세,Yes,1
무직,15665.0,739.0,생활비,6479.0,308.0,3.0,자가,Yes,1
자영업,,396.0,기타,9580.0,181.0,25.0,자가,No,1
계약직,14473.0,965.0,생활비,4617.0,249.0,19.0,자가,,1
자영업,10307.0,304.0,생활비,4332.0,386.0,,월세,No,1
정규직,17785.0,443.0,주택,7279.0,190.0,9.0,월세,No,1
계약직,2086.0,451.0,기타,5735.0,226.0,2.0,자가,No,1
정규직,9698.0,652.0,생활비,,285.0,1.0,자가,No,1
정규직,6464.0,721.0,주택,2301.0,202.0,30.0,월세,No,1
정규직,13526.0,812.0,주택,8798.0,3.0,6.0,전세,No,1
정규직,14573.0,492.0,사업,5159.0,82.0,10.0,전세,No,1
정규직,15898.0,356.0,사업,864.0,304.0,,월세,No,1
정규직,12665.0,806.0,사업,9711.0,92.0,30.0,월세,No,1
계약직,16652.0,726.0,주택,8942.0,42.0,28.0,월세,No,1
정규직,4988.0,662.0,기타,367.0,304.0,4.0,월세,No,1
정규직,15498.0,913.0,사업,2187.0,265.0,12.0,월세,No,1
계약직,12076.0,928.0,생활비,1296.0,232.0,8.0,자가,Yes,1
정규직,,982.0,생활비,3177.0,344.0,11.0,전세,No,1
정규직,14619.0,358.0,기타,7633.0,142.0,11.0,전세,No,1
정규직,,796.0,사업,3321.0,450.0,23.0,자가,,1
계약직,6165.0,969.0,사업,3239.0,116.0,4.0,,No,1
정규직,14924.0,371.0,기타,858.0,85.0,30.0,자가,No,1
정규직,15199.0,731.0,기타,3034.0,81.0,20.0,,Yes,1
계약직,10890.0,338.0,생활비,3411.0,31.0,18.0,전세,No,1
정규직,13583.0,426.0,기타,4005.0,38.0,25.0,자가,Yes,1
계약직,12246.0,348.0,주택,9076.0,119.0,17.0,자가,No,1
계약직,15160.0,453.0,사업,5337.0,332.0,12.0,월세,Yes,1
자영업,6322.0,881.0,생활비,6336.0,256.0,20.0,월세,No,1
무직,6769.0,935.0,생활비,9276.0,227.0,2.0,자가,No,1
정규직,17547.0,878.0,사업,2998.0,268.0,19.0,전세,No,1
정규직,13420.0,959.0,생활비,2309.0,317.0,26.0,자가,No,1
정규직,2383.0,591.0,생활비,5647.0,411.0,17.0,전세,Yes,1
정규직,10398.0,569.0,사업,8707.0,498.0,9.0,자가,No,1
정규직,16707.0,988.0,생활비,7760.0,275.0,4.0,월세,No,1
자영업,3453.0,519.0,기타,4812.0,317.0,10.0,월세,No,1
정규직,4837.0,798.0,기타,5402.0,83.0,27.0,월세,No,1
자영업,6209.0,888.0,주택,9157.0,427.0,29.0,자가,No,1
,6151.0,733.0,사업,3711.0,462.0,7.0,월세,No,1
정규직,6391.0,462.0,주택,2696.0,236.0,7.0,월세,Yes,1
자영업,15098.0,420.0,주택,4336.0,67.0,19.0,자가,Yes,1
무직,11539.0,703.0,기타,7505.0,174.0,27.0,전세,No,1
자영업,7347.0,613.0,주택,1440.0,471.0,25.0,월세,No,1
정규직,13664.0,941.0,기타,1022.0,136.0,11.0,월세,No,1
자영업,14457.0,844.0,주택,5279.0,493.0,3.0,전세,No,1
무직,7892.0,956.0,생활비,7287.0,199.0,19.0,월세,No,1
정규직,10235.0,818.0,기타,1631.0,57.0,25.0,월세,No,1
정규직,11637.0,746.0,기타,1986.0,430.0,17.0,전세,No,1
정규직,17769.0,746.0,생활비,,229.0,18.0,월세,No,1
정규직,16835.0,517.0,기타,7974.0,312.0,5.0,전세,Yes,1
,15509.0,867.0,기타,9882.0,186.0,0.0,전세,Yes,1
정규직,7411.0,764.0,생활비,8016.0,215.0,24.0,월세,Yes,1
정규직,7235.0,942.0,주택,9982.0,220.0,20.0,자가,No,1
자영업,19748.0,701.0,기타,5579.0,236.0,30.0,전세,No,1
정규직,9890.0,,주택,8024.0,208.0,30.0,월세,No,1
정규직,10190.0,562.0,생활비,9451.0,470.0,9.0,전세,No,1
정규직,19835.0,373.0,사업,839.0,71.0,20.0,월세,No,1
계약직,2869.0,329.0,생활비,1696.0,337.0,27.0,월세,Yes,0
자영업,3344.0,,생활비,6738.0,97.0,30.0,전세,No,1
자영업,3956.0,420.0,기타,559.0,420.0,28.0,자가,Yes,0
정규직,18353.0,774.0,생활비,2314.0,418.0,12.0,전세,No,1
자영업,3965.0,664.0,사업,1856.0,386.0,5.0,월세,No,1
정규직,15357.0,502.0,생활비,6048.0,258.0,0.0,자가,No,1
계약직,18388.0,589.0,생활비,1463.0,208.0,17.0,전세,No,1
계약직,7644.0,365.0,주택,6698.0,402.0,1.0,월세,Yes,0
자영업,15533.0,544.0,생활비,8020.0,28.0,11.0,자가,Yes,1
자영업,4762.0,768.0,사업,3318.0,64.0,17.0,월세,No,1
자영업,7572.0,,사업,2758.0,338.0,13.0,자가,Yes,1
정규직,16615.0,630.0,사업,7202.0,186.0,2.0,자가,No,1
자영업,10848.0,970.0,기타,6689.0,410.0,19.0,월세,No,1
계약직,6597.0,,기타,7328.0,40.0,13.0,전세,Yes,1
무직,17433.0,907.0,생활비,4407.0,341.0,15.0,자가,No,1
자영업,7365.0,631.0,기타,5960.0,104.0,26.0,월세,Yes,1
,6025.0,604.0,생활비,7826.0,481.0,17.0,월세,Yes,1
자영업,12684.0,836.0,기타,2865.0,,30.0,자가,Yes,1
정규직,12999.0,,주택,350.0,99.0,23.0,자가,No,1
무직,9915.0,712.0,사업,4575.0,433.0,5.0,월세,Yes,0
정규직,8964.0,878.0,주택,4079.0,492.0,1.0,자가,No,1
정규직,7610.0,742.0,주택,2129.0,429.0,16.0,월세,Yes,1
정규직,13082.0,611.0,생활비,6758.0,217.0,,자가,No,1
계약직,4133.0,678.0,기타,8807.0,380.0,23.0,,No,1
정규직,2043.0,436.0,주택,7040.0,195.0,29.0,전세,No,1
정규직,10884.0,630.0,기타,4009.0,59.0,26.0,전세,Yes,1
자영업,18910.0,388.0,사업,6629.0,168.0,19.0,전세,No,1
정규직,5879.0,565.0,생활비,7589.0,409.0,29.0,월세,No,1
정규직,13034.0,939.0,주택,3599.0,423.0,0.0,전세,No,1
계약직,19575.0,301.0,생활비,3384.0,365.0,24.0,전세,Yes,0
무직,8576.0,979.0,주택,2171.0,31.0,11.0,월세,No,1
무직,8891.0,945.0,주택,8572.0,122.0,21.0,자가,Yes,1
정규직,8880.0,706.0,주택,4832.0,391.0,20.0,,No,1
계약직,16127.0,376.0,주택,7526.0,297.0,13.0,월세,No,1
정규직,2092.0,973.0,사업,4187.0,118.0,0.0,전세,No,1
정규직,14479.0,337.0,주택,5998.0,34.0,18.0,전세,No,1
정규직,4053.0,913.0,사업,497.0,330.0,14.0,월세,No,1
계약직,13858.0,981.0,주택,1056.0,190.0,11.0,자가,No,1
정규직,7408.0,527.0,사업,9987.0,229.0,20.0,전세,No,1
자영업,7363.0,926.0,생활비,,118.0,26.0,자가,No,1
계약직,10847.0,931.0,생활비,6409.0,81.0,21.0,월세,No,1
계약직,2765.0,525.0,사업,9519.0,165.0,19.0,월세,Yes,1
자영업,10588.0,329.0,기타,4545.0,321.0,28.0,자가,No,1
정규직,3436.0,,기타,2341.0,342.0,30.0,자가,No,1
계약직,6242.0,589.0,주택,511.0,325.0,2.0,월세,No,1
정규직,4390.0,617.0,생활비,7503.0,251.0,4.0,자가,No,1
자영업,6783.0,412.0,생활비,8496.0,139.0,28.0,월세,No,1
계약직,5247.0,447.0,생활비,6499.0,55.0,,전세,No,1
정규직,14744.0,625.0,사업,5280.0,58.0,20.0,,No,1
자영업,2151.0,593.0,주택,8932.0,225.0,18.0,자가,No,1
무직,17843.0,503.0,생활비,3341.0,266.0,29.0,전세,No,1
계약직,7621.0,699.0,주택,4518.0,471.0,6.0,전세,No,1
계약직,12442.0,694.0,생활비,6974.0,,10.0,자가,No,1
계약직,5036.0,805.0,주택,6534.0,254.0,24.0,전세,No,1
정규직,19750.0,642.0,사업,3992.0,199.0,30.0,월세,No,1
자영업,3690.0,719.0,기타,3254.0,372.0,27.0,월세,No,1
정규직,2259.0,690.0,사업,7442.0,421.0,21.0,전세,No,1
정규직,8895.0,502.0,생활비,8665.0,56.0,7.0,전세,Yes,1
계약직,16509.0,590.0,,6539.0,50.0,2.0,자가,No,1
자영업,4525.0,725.0,사업,8390.0,95.0,10.0,자가,No,1
자영업,13843.0,566.0,,3288.0,83.0,24.0,월세,No,1
,11232.0,482.0,기타,6601.0,405.0,0.0,월세,Yes,1
계약직,11923.0,384.0,기타,1045.0,279.0,5.0,월세,No,1
계약직,5536.0,,주택,3822.0,476.0,0.0,자가,Yes,1
정규직,12586.0,502.0,생활비,732.0,297.0,29.0,전세,Yes,1
,12745.0,567.0,생활비,6237.0,490.0,1.0,전세,No,1
무직,6542.0,713.0,사업,1936.0,137.0,27.0,자가,No,1
정규직,5498.0,526.0,생활비,9152.0,24.0,12.0,자가,No,1
정규직,,915.0,,9606.0,71.0,23.0,자가,No,1
계약직,14328.0,330.0,주택,2904.0,194.0,28.0,,No,1
무직,5801.0,,주택,5035.0,164.0,9.0,자가,No,1
정규직,17437.0,704.0,,3524.0,68.0,1.0,자가,No,1
자영업,13133.0,653.0,주택,5025.0,363.0,28.0,자가,Yes,1
계약직,7260.0,615.0,주택,2387.0,430.0,12.0,자가,No,1
자영업,9843.0,932.0,생활비,6634.0,265.0,15.0,전세,No,1
무직,9385.0,905.0,기타,7052.0,61.0,6.0,자가,Yes,1
정규직,2384.0,609.0,사업,2705.0,173.0,27.0,월세,No,1
자영업,16931.0,387.0,주택,2533.0,73.0,2.0,월세,No,1
무직,10349.0,,사업,2457.0,156.0,2.0,자가,No,1
정규직,16117.0,848.0,사업,1024.0,209.0,0.0,전세,Yes,1
,5313.0,438.0,기타,5803.0,427.0,17.0,월세,No,1
정규직,7771.0,468.0,생활비,4933.0,500.0,3.0,월세,No,1
정규직,11338.0,630.0,기타,5376.0,227.0,25.0,월세,Yes,1
자영업,11423.0,487.0,사업,5838.0,66.0,0.0,자가,No,1
정규직,12998.0,347.0,생활비,4460.0,433.0,19.0,자가,No,1
계약직,16286.0,664.0,기타,8589.0,48.0,12.0,월세,,1
계약직,18663.0,314.0,사업,601.0,266.0,13.0,월세,No,1
정규직,9454.0,359.0,생활비,9820.0,,16.0,월세,No,1
정규직,5999.0,326.0,기타,7810.0,212.0,26.0,자가,No,1
자영업,9926.0,477.0,생활비,710.0,430.0,24.0,전세,Yes,1
정규직,10248.0,500.0,사업,8338.0,80.0,2.0,자가,No,1
정규직,3310.0,712.0,사업,7362.0,396.0,14.0,전세,No,1
정규직,14109.0,820.0,사업,6046.0,381.0,15.0,,No,1
계약직,10517.0,852.0,주택,3543.0,382.0,21.0,전세,No,1
무직,4231.0,539.0,사업,,135.0,16.0,월세,No,1
정규직,4495.0,758.0,사업,6328.0,311.0,4.0,자가,No,1
정규직,4036.0,779.0,주택,6174.0,293.0,7.0,월세,Yes,1
자영업,18564.0,620.0,주택,8621.0,,7.0,전세,Yes,1
계약직,8909.0,627.0,생활비,2500.0,372.0,22.0,자가,Yes,1
무직,15536.0,690.0,주택,1129.0,325.0,16.0,자가,No,1
정규직,4384.0,562.0,기타,5496.0,170.0,8.0,월세,No,1
자영업,15182.0,367.0,주택,2912.0,364.0,7.0,자가,No,1
계약직,16737.0,329.0,생활비,7748.0,437.0,21.0,자가,No,1
정규직,6590.0,666.0,사업,8580.0,76.0,8.0,자가,No,1
무직,13546.0,841.0,생활비,1987.0,194.0,9.0,전세,Yes,1
자영업,14647.0,836.0,사업,264.0,266.0,16.0,전세,No,1
자영업,18876.0,977.0,주택,3794.0,166.0,20.0,자가,No,1
정규직,16446.0,463.0,기타,1265.0,387.0,17.0,자가,No,1
정규직,16557.0,724.0,주택,5184.0,150.0,27.0,자가,No,1
무직,13165.0,311.0,주택,9073.0,480.0,12.0,전세,No,0
정규직,17887.0,847.0,생활비,,68.0,4.0,자가,No,1
정규직,17939.0,435.0,주택,4185.0,234.0,4.0,월세,Yes,1
무직,9898.0,680.0,생활비,3795.0,436.0,16.0,자가,No,1
자영업,3808.0,912.0,생활비,6319.0,210.0,10.0,전세,No,1
계약직,8870.0,643.0,생활비,1806.0,314.0,11.0,자가,No,1
자영업,16947.0,648.0,주택,2795.0,494.0,12.0,월세,Yes,1
자영업,,540.0,기타,5267.0,190.0,7.0,월세,No,1
계약직,4973.0,413.0,주택,8332.0,292.0,10.0,월세,No,1
정규직,19157.0,,기타,5447.0,442.0,12.0,전세,Yes,1
자영업,16717.0,575.0,주택,9669.0,,2.0,월세,No,1
계약직,,714.0,주택,8471.0,,4.0,전세,Yes,1
정규직,11065.0,505.0,생활비,5842.0,191.0,15.0,월세,,1
계약직,5605.0,324.0,사업,1551.0,431.0,0.0,전세,No,0
정규직,17162.0,328.0,기타,1311.0,188.0,27.0,자가,No,1
계약직,5204.0,577.0,사업,2819.0,430.0,14.0,자가,No,1
정규직,18901.0,619.0,사업,6457.0,459.0,25.0,월세,No,1
계약직,17154.0,302.0,기타,9895.0,297.0,30.0,자가,No,1
정규직,5019.0,886.0,사업,9145.0,368.0,1.0,자가,No,1
정규직,11114.0,614.0,주택,5394.0,293.0,24.0,전세,No,1
정규직,16824.0,,기타,9356.0,139.0,30.0,자가,No,1
,15627.0,862.0,사업,1359.0,303.0,29.0,월세,Yes,1
계약직,14473.0,814.0,생활비,2549.0,118.0,24.0,자가,No,1
정규직,18936.0,709.0,,5319.0,72.0,25.0,전세,No,1
계약직,16370.0,393.0,사업,3834.0,456.0,20.0,월세,No,1
정규직,8941.0,561.0,기타,6352.0,375.0,24.0,전세,Yes,1
정규직,10071.0,913.0,생활비,9916.0,57.0,22.0,자가,No,1
정규직,6325.0,878.0,사업,5535.0,200.0,14.0,자가,No,1
자영업,6142.0,870.0,생활비,7386.0,109.0,27.0,자가,No,1
정규직,10815.0,525.0,기타,6410.0,453.0,18.0,월세,No,1
계약직,2001.0,499.0,기타,6221.0,403.0,26.0,자가,No,1
정규직,19351.0,594.0,주택,2989.0,122.0,18.0,자가,No,1
계약직,17228.0,889.0,사업,3643.0,238.0,2.0,월세,Yes,1
정규직,18894.0,802.0,기타,2601.0,411.0,6.0,자가,Yes,1
정규직,7261.0,363.0,주택,4441.0,180.0,22.0,월세,No,1
정규직,2415.0,667.0,주택,9784.0,366.0,4.0,자가,No,1
정규직,7156.0,844.0,주택,6935.0,242.0,24.0,월세,No,1
계약직,18761.0,447.0,기타,3247.0,370.0,26.0,월세,No,1
자영업,4764.0,842.0,생활비,9959.0,277.0,27.0,월세,No,1
계약직,3610.0,894.0,생활비,161.0,238.0,3.0,월세,No,1
자영업,6123.0,591.0,주택,1290.0,354.0,8.0,전세,No,1
무직,3329.0,429.0,기타,2582.0,464.0,25.0,월세,No,0
계약직,9678.0,844.0,사업,3525.0,40.0,,자가,No,1
자영업,3057.0,565.0,생활비,4565.0,155.0,7.0,월세,No,1
정규직,16964.0,457.0,생활비,4512.0,499.0,26.0,월세,No,1
계약직,5382.0,611.0,기타,9773.0,216.0,16.0,월세,No,1
계약직,13168.0,459.0,생활비,2080.0,376.0,6.0,월세,No,1
정규직,17273.0,629.0,기타,9362.0,365.0,19.0,전세,No,1
정규직,13843.0,912.0,생활비,7492.0,39.0,11.0,자가,,1
,5632.0,378.0,사업,518.0,412.0,5.0,자가,,1
계약직,11140.0,942.0,주택,3097.0,64.0,7.0,월세,No,1
정규직,19822.0,780.0,생활비,8449.0,314.0,2.0,월세,No,1
자영업,19939.0,302.0,사업,6175.0,395.0,0.0,자가,No,1
정규직,7983.0,351.0,생활비,3160.0,164.0,18.0,월세,No,1
계약직,12422.0,820.0,사업,1346.0,84.0,16.0,월세,No,1
계약직,2217.0,971.0,주택,3902.0,208.0,15.0,자가,No,1
정규직,14782.0,668.0,사업,8568.0,417.0,13.0,자가,No,1
계약직,9247.0,647.0,사업,5828.0,342.0,25.0,월세,Yes,1
정규직,8794.0,680.0,생활비,3790.0,244.0,25.0,자가,No,1
정규직,14480.0,861.0,주택,768.0,368.0,17.0,자가,No,1
계약직,5986.0,863.0,,6455.0,104.0,2.0,전세,No,1
계약직,9475.0,793.0,사업,162.0,381.0,17.0,전세,No,1
자영업,15920.0,640.0,생활비,9394.0,235.0,8.0,월세,No,1
정규직,2081.0,593.0,생활비,2609.0,492.0,4.0,자가,No,1
자영업,14877.0,470.0,생활비,7001.0,377.0,18.0,전세,No,1
정규직,8484.0,501.0,사업,7184.0,19.0,21.0,자가,Yes,1
계약직,15545.0,344.0,생활비,1591.0,65.0,20.0,월세,Yes,1
정규직,19921.0,763.0,사업,9148.0,406.0,1.0,월세,No,1
정규직,5821.0,803.0,사업,8237.0,475.0,24.0,월세,No,1
정규직,3248.0,720.0,생활비,4933.0,75.0,21.0,자가,No,1
정규직,9669.0,705.0,기타,5614.0,301.0,28.0,자가,No,1
정규직,19836.0,611.0,,3307.0,204.0,3.0,월세,Yes,1
자영업,12923.0,600.0,,5030.0,324.0,28.0,자가,No,1
자영업,14108.0,522.0,사업,4045.0,348.0,21.0,전세,No,1
자영업,5957.0,438.0,생활비,1305.0,125.0,29.0,전세,No,1
정규직,9452.0,911.0,생활비,5460.0,253.0,3.0,자가,No,1
계약직,11990.0,,주택,,103.0,9.0,자가,Yes,1
계약직,18327.0,985.0,기타,4625.0,90.0,3.0,자가,,1
무직,12544.0,444.0,기타,8684.0,221.0,26.0,자가,No,1
,7695.0,753.0,생활비,,80.0,5.0,자가,No,1
자영업,17774.0,859.0,기타,4495.0,461.0,30.0,전세,Yes,1
정규직,6006.0,369.0,기타,9844.0,400.0,23.0,자가,No,1
정규직,5691.0,593.0,주택,9864.0,56.0,2.0,전세,No,1
계약직,15317.0,518.0,사업,1779.0,481.0,24.0,월세,Yes,0
정규직,15031.0,309.0,생활비,2777.0,341.0,25.0,전세,No,1
자영업,17908.0,408.0,생활비,7431.0,5.0,20.0,전세,No,1
정규직,16811.0,967.0,기타,5567.0,23.0,23.0,전세,No,1
자영업,8689.0,871.0,기타,6187.0,26.0,1.0,월세,No,1
정규직,12605.0,600.0,생활비,6100.0,51.0,5.0,전세,No,1
정규직,13461.0,373.0,기타,616.0,273.0,10.0,자가,No,1
정규직,5638.0,575.0,주택,9570.0,463.0,30.0,전세,No,1
정규직,4226.0,,사업,7801.0,43.0,15.0,,No,1
,19390.0,719.0,사업,697.0,195.0,23.0,월세,Yes,1
자영업,12996.0,464.0,사업,1148.0,131.0,27.0,자가,No,1
정규직,7087.0,962.0,생활비,2794.0,464.0,2.0,월세,No,1
계약직,5813.0,697.0,주택,4797.0,368.0,18.0,전세,No,1
정규직,3341.0,506.0,사업,4744.0,227.0,16.0,전세,No,1
계약직,7253.0,533.0,,2787.0,334.0,30.0,전세,No,1
정규직,18853.0,548.0,사업,4913.0,278.0,15.0,자가,Yes,1
자영업,11817.0,893.0,주택,7866.0,63.0,24.0,자가,No,1
정규직,13430.0,878.0,주택,7174.0,2.0,28.0,자가,No,1
자영업,8897.0,837.0,사업,841.0,106.0,19.0,전세,No,1
자영업,,816.0,주택,5250.0,360.0,15.0,자가,No,1
정규직,10887.0,301.0,사업,5725.0,407.0,6.0,전세,No,1
,,574.0,사업,6218.0,385.0,2.0,월세,No,1
,19907.0,988.0,주택,3787.0,282.0,24.0,자가,No,1
정규직,13409.0,546.0,생활비,8123.0,461.0,28.0,월세,No,1
정규직,19215.0,553.0,사업,9012.0,300.0,25.0,자가,Yes,1
무직,13274.0,355.0,주택,3405.0,239.0,10.0,월세,No,1
계약직,11996.0,987.0,생활비,1827.0,26.0,14.0,전세,No,1
정규직,17963.0,310.0,사업,6408.0,436.0,8.0,월세,Yes,0
정규직,3187.0,710.0,기타,6407.0,166.0,30.0,전세,No,1
무직,9806.0,304.0,생활비,5574.0,478.0,9.0,자가,No,0
계약직,4787.0,965.0,,7182.0,96.0,12.0,월세,No,1
자영업,6643.0,851.0,사업,7430.0,123.0,2.0,자가,No,1
정규직,2330.0,706.0,기타,3908.0,382.0,8.0,월세,No,1
자영업,18202.0,479.0,사업,3354.0,183.0,0.0,월세,No,1
무직,12407.0,493.0,생활비,4744.0,16.0,9.0,자가,No,1
무직,9718.0,985.0,기타,7497.0,475.0,5.0,자가,No,1
계약직,6720.0,325.0,주택,7591.0,163.0,20.0,자가,Yes,1
자영업,15768.0,581.0,생활비,4605.0,2.0,6.0,월세,No,1
정규직,9306.0,522.0,생활비,9266.0,32.0,20.0,월세,No,1
정규직,,894.0,기타,1104.0,40.0,8.0,월세,No,1
자영업,13722.0,358.0,주택,5047.0,445.0,22.0,전세,No,1
계약직,,690.0,사업,7137.0,229.0,,자가,No,1
자영업,5562.0,945.0,생활비,3648.0,330.0,18.0,전세,No,1
,8551.0,687.0,주택,6945.0,33.0,16.0,전세,,1
자영업,2104.0,859.0,생활비,5148.0,402.0,24.0,전세,No,1
계약직,6941.0,834.0,주택,1890.0,291.0,25.0,자가,No,1
무직,,326.0,생활비,3215.0,308.0,3.0,전세,No,0
정규직,16679.0,312.0,기타,1640.0,459.0,25.0,월세,Yes,0
정규직,2224.0,397.0,사업,6725.0,175.0,3.0,자가,No,1
자영업,14244.0,,생활비,6030.0,22.0,6.0,전세,Yes,1
계약직,13696.0,668.0,생활비,4592.0,271.0,24.0,월세,Yes,1
정규직,11726.0,326.0,주택,3994.0,298.0,6.0,전세,No,1
계약직,2407.0,778.0,,9936.0,136.0,17.0,월세,No,1
정규직,7686.0,735.0,주택,3272.0,151.0,25.0,월세,No,1
무직,18062.0,314.0,,7376.0,159.0,21.0,월세,Yes,0
정규직,7161.0,316.0,기타,5710.0,329.0,6.0,월세,No,1
계약직,13647.0,889.0,생활비,3914.0,420.0,12.0,,Yes,1
계약직,7098.0,644.0,기타,9459.0,195.0,3.0,월세,No,1
정규직,5743.0,320.0,사업,8415.0,363.0,27.0,전세,No,1
계약직,14167.0,680.0,,3035.0,411.0,20.0,자가,No,1
정규직,17913.0,308.0,기타,3908.0,476.0,10.0,전세,No,1
계약직,15928.0,788.0,사업,6189.0,8.0,8.0,전세,No,1
정규직,9069.0,654.0,주택,3590.0,20.0,12.0,자가,No,1
정규직,17170.0,387.0,,8994.0,222.0,27.0,월세,No,1
무직,2750.0,644.0,사업,3480.0,477.0,13.0,월세,No,0
계약직,4614.0,603.0,주택,4385.0,120.0,30.0,자가,No,1
정규직,12338.0,407.0,기타,7449.0,61.0,29.0,전세,No,1
정규직,4559.0,885.0,기타,5938.0,113.0,20.0,자가,,1
자영업,17881.0,999.0,,8309.0,153.0,15.0,자가,Yes,1
무직,17369.0,511.0,생활비,7980.0,22.0,10.0,,No,1
,9561.0,739.0,사업,4726.0,424.0,13.0,,No,1
정규직,8259.0,730.0,주택,6053.0,44.0,12.0,월세,No,1
자영업,6483.0,803.0,주택,,220.0,20.0,월세,No,1
정규직,5213.0,350.0,주택,571.0,113.0,11.0,전세,No,1
계약직,3995.0,527.0,기타,4881.0,357.0,30.0,전세,No,1
계약직,9680.0,,주택,7331.0,411.0,3.0,,No,0
자영업,5373.0,586.0,생활비,9508.0,168.0,16.0,자가,No,1
정규직,10186.0,962.0,주택,2512.0,238.0,2.0,전세,Yes,1
정규직,3891.0,982.0,생활비,1282.0,49.0,17.0,전세,No,1
정규직,18593.0,591.0,주택,8815.0,99.0,3.0,,No,1
정규직,19315.0,710.0,사업,8707.0,104.0,2.0,전세,No,1
계약직,11891.0,879.0,생활비,2778.0,456.0,30.0,전세,No,1
정규직,,434.0,기타,1314.0,12.0,24.0,전세,No,1
정규직,3565.0,763.0,생활비,9065.0,195.0,1.0,자가,No,1
정규직,3746.0,771.0,기타,3663.0,474.0,4.0,전세,No,1
정규직,12743.0,748.0,기타,6754.0,359.0,0.0,전세,No,1
정규직,6319.0,607.0,사업,9386.0,352.0,7.0,월세,Yes,1
계약직,18002.0,958.0,생활비,5695.0,191.0,9.0,전세,,1
계약직,12938.0,372.0,사업,3932.0,398.0,0.0,월세,No,1
정규직,12683.0,650.0,주택,7752.0,35.0,,전세,Yes,1
자영업,19325.0,904.0,주택,8427.0,143.0,27.0,월세,No,1
자영업,6600.0,346.0,생활비,6387.0,327.0,9.0,월세,No,1
정규직,8364.0,335.0,사업,8008.0,91.0,0.0,자가,No,1
자영업,9744.0,419.0,기타,2808.0,481.0,17.0,월세,No,1
자영업,7022.0,571.0,생활비,9967.0,245.0,23.0,전세,,1
정규직,6967.0,495.0,기타,6543.0,351.0,0.0,자가,No,1
정규직,9783.0,799.0,주택,1047.0,156.0,2.0,,No,1
정규직,13565.0,308.0,기타,1008.0,342.0,18.0,전세,No,1
계약직,2371.0,745.0,생활비,7201.0,469.0,0.0,자가,No,1
정규직,17954.0,917.0,생활비,1594.0,366.0,21.0,월세,No,1
정규직,18826.0,429.0,기타,1471.0,154.0,14.0,월세,No,1
자영업,11571.0,895.0,주택,7501.0,248.0,24.0,전세,Yes,1
정규직,8936.0,406.0,생활비,,233.0,26.0,월세,No,1
,8535.0,792.0,기타,4192.0,208.0,14.0,월세,No,1
자영업,8191.0,920.0,사업,963.0,129.0,14.0,자가,No,1
정규직,13703.0,895.0,주택,4441.0,7.0,13.0,전세,Yes,1
자영업,12391.0,323.0,사업,964.0,398.0,25.0,월세,No,1
계약직,9311.0,783.0,생활비,4366.0,329.0,25.0,자가,Yes,1
자영업,16815.0,478.0,사업,9301.0,425.0,,자가,No,1
정규직,17304.0,788.0,기타,7156.0,,0.0,월세,No,1
자영업,3583.0,721.0,사업,3906.0,209.0,16.0,월세,Yes,1
계약직,,399.0,사업,2252.0,15.0,22.0,자가,No,1
무직,5407.0,319.0,사업,1592.0,231.0,15.0,전세,No,0
정규직,5711.0,335.0,주택,7956.0,35.0,12.0,전세,No,1
계약직,16712.0,427.0,생활비,5237.0,426.0,24.0,자가,No,1
정규직,10693.0,373.0,생활비,7694.0,,22.0,월세,No,1
자영업,11204.0,631.0,사업,3233.0,417.0,16.0,자가,No,1
정규직,14964.0,852.0,주택,6970.0,270.0,7.0,월세,No,1
정규직,2674.0,565.0,주택,1051.0,61.0,18.0,자가,Yes,1
정규직,10425.0,687.0,생활비,2054.0,401.0,9.0,월세,No,1
자영업,17160.0,418.0,주택,7330.0,176.0,9.0,월세,No,1
계약직,8879.0,653.0,기타,2764.0,477.0,17.0,자가,Yes,1
자영업,16229.0,769.0,기타,6525.0,64.0,11.0,자가,No,1
계약직,12291.0,538.0,사업,4463.0,93.0,26.0,월세,No,1
계약직,7224.0,747.0,사업,8406.0,184.0,26.0,전세,No,1
정규직,14330.0,602.0,사업,7482.0,416.0,25.0,월세,No,1
계약직,4857.0,988.0,주택,4389.0,302.0,7.0,자가,No,1
정규직,19452.0,520.0,주택,1992.0,491.0,19.0,자가,No,1
계약직,18711.0,854.0,사업,4374.0,10.0,1.0,월세,,1
정규직,9368.0,756.0,기타,2872.0,96.0,13.0,자가,No,1
정규직,17712.0,379.0,주택,7568.0,181.0,16.0,월세,Yes,1
정규직,5812.0,762.0,사업,6609.0,203.0,13.0,월세,No,1
정규직,7467.0,629.0,기타,452.0,204.0,3.0,자가,No,1
무직,5417.0,459.0,사업,7396.0,143.0,10.0,월세,No,1
계약직,4178.0,980.0,생활비,8017.0,170.0,20.0,자가,No,1
정규직,6695.0,946.0,생활비,4710.0,247.0,29.0,전세,No,1
정규직,15261.0,302.0,생활비,4150.0,97.0,0.0,자가,No,1
정규직,10555.0,,사업,5220.0,160.0,29.0,월세,No,1
자영업,9272.0,,기타,6133.0,49.0,8.0,전세,No,1
정규직,12261.0,576.0,사업,3282.0,156.0,24.0,자가,No,1
자영업,17381.0,663.0,생활비,8994.0,438.0,30.0,전세,No,1
정규직,8508.0,621.0,생활비,3982.0,4.0,10.0,전세,No,1
무직,5346.0,858.0,주택,5519.0,415.0,23.0,전세,No,1
정규직,7868.0,593.0,생활비,6655.0,119.0,23.0,월세,Yes,1
자영업,8229.0,650.0,생활비,1994.0,203.0,26.0,월세,Yes,1
정규직,6513.0,971.0,주택,7067.0,262.0,13.0,자가,Yes,1
계약직,11650.0,470.0,사업,624.0,57.0,10.0,전세,Yes,1
정규직,11066.0,817.0,기타,3308.0,302.0,13.0,전세,No,1
정규직,19869.0,869.0,생활비,5640.0,207.0,6.0,월세,No,1
계약직,16232.0,567.0,생활비,3247.0,306.0,20.0,전세,Yes,1
정규직,5674.0,768.0,생활비,6978.0,66.0,17.0,자가,No,1
정규직,17640.0,897.0,기타,3572.0,179.0,14.0,자가,No,1
정규직,9772.0,635.0,기타,3398.0,360.0,21.0,월세,No,1
정규직,4590.0,641.0,주택,3362.0,104.0,7.0,자가,Yes,1
계약직,5960.0,994.0,주택,2418.0,428.0,6.0,월세,No,1
정규직,13618.0,390.0,생활비,3525.0,400.0,26.0,월세,,1
정규직,8382.0,429.0,기타,8029.0,18.0,30.0,월세,No,1
계약직,10001.0,347.0,기타,4366.0,371.0,,월세,Yes,0
정규직,16259.0,378.0,주택,8512.0,255.0,26.0,전세,Yes,1
정규직,9036.0,751.0,생활비,5192.0,473.0,23.0,자가,Yes,1
정규직,13650.0,813.0,생활비,1671.0,360.0,25.0,자가,No,1
정규직,14147.0,355.0,기타,,195.0,20.0,월세,No,1
정규직,16809.0,511.0,기타,3286.0,424.0,22.0,전세,No,1
계약직,4087.0,532.0,,337.0,92.0,24.0,전세,No,1
무직,9260.0,406.0,주택,3517.0,489.0,1.0,자가,Yes,0
자영업,2479.0,984.0,생활비,6988.0,107.0,12.0,전세,No,1
정규직,10996.0,823.0,기타,4164.0,338.0,30.0,전세,Yes,1
정규직,2784.0,685.0,사업,9162.0,224.0,15.0,,No,1
정규직,11087.0,379.0,기타,8939.0,60.0,12.0,자가,Yes,1
자영업,19633.0,485.0,기타,4767.0,457.0,30.0,전세,Yes,1
정규직,15170.0,640.0,생활비,6993.0,274.0,23.0,자가,Yes,1
정규직,4051.0,734.0,생활비,,326.0,11.0,자가,No,1
정규직,5052.0,518.0,사업,6590.0,308.0,7.0,자가,No,1
계약직,12926.0,820.0,주택,3706.0,249.0,27.0,자가,No,1
정규직,15776.0,439.0,기타,329.0,163.0,21.0,월세,No,1
계약직,16484.0,444.0,사업,7218.0,99.0,29.0,월세,No,1
정규직,16498.0,709.0,생활비,3794.0,481.0,21.0,자가,No,1
정규직,19245.0,864.0,생활비,5809.0,455.0,21.0,전세,No,1
자영업,12100.0,597.0,사업,4024.0,410.0,30.0,월세,No,1
자영업,6885.0,760.0,사업,8193.0,143.0,22.0,전세,No,1
무직,13509.0,867.0,사업,9009.0,335.0,1.0,월세,No,1
정규직,18930.0,603.0,생활비,4519.0,426.0,20.0,전세,No,1
정규직,10402.0,399.0,주택,1137.0,90.0,14.0,전세,No,1
계약직,15580.0,409.0,주택,3090.0,92.0,7.0,자가,Yes,1
계약직,7408.0,834.0,생활비,9621.0,161.0,4.0,자가,Yes,1
정규직,6987.0,705.0,주택,2598.0,332.0,16.0,전세,No,1
,3476.0,939.0,사업,1707.0,485.0,24.0,전세,No,1
정규직,9883.0,662.0,기타,3970.0,402.0,20.0,전세,No,1
정규직,11454.0,498.0,기타,4291.0,291.0,18.0,자가,No,1
자영업,3075.0,517.0,생활비,8694.0,433.0,20.0,월세,Yes,0
정규직,14898.0,727.0,생활비,8783.0,141.0,9.0,자가,Yes,1
계약직,3419.0,704.0,사업,3917.0,78.0,25.0,자가,No,1
정규직,14742.0,851.0,사업,8700.0,177.0,24.0,전세,No,1
자영업,12856.0,993.0,생활비,4966.0,73.0,4.0,자가,No,1
정규직,13244.0,717.0,사업,3441.0,151.0,13.0,전세,No,1
정규직,5554.0,520.0,기타,4517.0,275.0,24.0,자가,No,1
정규직,13009.0,769.0,생활비,7075.0,356.0,15.0,월세,No,1
정규직,17950.0,845.0,기타,4221.0,69.0,12.0,전세,No,1
정규직,18011.0,901.0,사업,5458.0,200.0,20.0,월세,No,1
정규직,17220.0,840.0,사업,1838.0,462.0,26.0,월세,No,1
정규직,17694.0,498.0,주택,5301.0,338.0,22.0,월세,No,1
무직,9641.0,534.0,기타,,451.0,19.0,자가,,0
계약직,17141.0,664.0,주택,7500.0,206.0,0.0,전세,Yes,1
정규직,2273.0,752.0,기타,2958.0,482.0,15.0,자가,No,1
정규직,14538.0,760.0,,7611.0,400.0,20.0,전세,No,1
정규직,4036.0,828.0,생활비,1998.0,41.0,4.0,자가,No,1
자영업,12705.0,830.0,사업,3042.0,60.0,28.0,월세,No,1
계약직,6945.0,938.0,기타,,459.0,11.0,전세,No,1
정규직,18804.0,309.0,,7773.0,186.0,21.0,월세,No,1
자영업,6728.0,888.0,주택,3861.0,271.0,7.0,전세,No,1
정규직,9951.0,402.0,생활비,7389.0,360.0,0.0,월세,No,1
정규직,8927.0,413.0,사업,7235.0,449.0,17.0,월세,Yes,0
자영업,12786.0,828.0,기타,1225.0,95.0,19.0,자가,No,1
계약직,16576.0,738.0,생활비,2869.0,115.0,27.0,월세,No,1
계약직,8444.0,613.0,생활비,9997.0,169.0,30.0,자가,No,1
정규직,6031.0,397.0,사업,5744.0,475.0,2.0,월세,No,1
정규직,9407.0,520.0,사업,6606.0,2.0,23.0,월세,No,1
정규직,12145.0,312.0,사업,406.0,73.0,14.0,자가,No,1
자영업,12926.0,927.0,기타,9083.0,480.0,19.0,전세,No,1
정규직,7764.0,988.0,기타,5559.0,199.0,3.0,월세,No,1
정규직,19593.0,876.0,사업,3389.0,47.0,6.0,자가,No,1
자영업,13525.0,843.0,사업,3026.0,236.0,13.0,전세,Yes,1
자영업,13622.0,566.0,기타,9862.0,74.0,8.0,,Yes,1
정규직,19667.0,737.0,사업,5488.0,358.0,8.0,전세,Yes,1
정규직,3440.0,913.0,사업,3480.0,217.0,27.0,전세,No,1
자영업,16701.0,547.0,생활비,7190.0,333.0,18.0,자가,No,1
정규직,13263.0,665.0,주택,1922.0,417.0,16.0,자가,No,1
자영업,,343.0,주택,7886.0,347.0,11.0,월세,No,1
자영업,5415.0,421.0,생활비,3645.0,89.0,3.0,전세,No,1
,10971.0,799.0,생활비,5227.0,292.0,8.0,자가,No,1
정규직,4954.0,832.0,사업,5294.0,3.0,9.0,자가,Yes,1
정규직,13804.0,455.0,사업,7625.0,484.0,1.0,,No,1
정규직,13540.0,403.0,기타,6220.0,139.0,30.0,자가,No,1
,14559.0,870.0,주택,491.0,252.0,30.0,자가,No,1
자영업,4506.0,614.0,기타,6854.0,212.0,4.0,자가,Yes,1
자영업,9841.0,975.0,기타,9883.0,208.0,7.0,전세,,1
정규직,9137.0,816.0,주택,8998.0,191.0,2.0,전세,No,1
정규직,4458.0,953.0,사업,1257.0,222.0,22.0,자가,No,1
정규직,7020.0,922.0,사업,6738.0,367.0,30.0,전세,No,1
계약직,5454.0,824.0,주택,1098.0,330.0,18.0,전세,Yes,1
,3574.0,678.0,생활비,,141.0,5.0,전세,No,1
정규직,10527.0,986.0,주택,1105.0,232.0,9.0,자가,No,1
,15304.0,396.0,기타,6083.0,138.0,17.0,자가,No,1
계약직,4810.0,751.0,생활비,1402.0,381.0,22.0,월세,No,1
정규직,,704.0,생활비,8660.0,441.0,0.0,자가,No,1
정규직,4939.0,584.0,기타,4699.0,155.0,8.0,전세,No,1
정규직,7293.0,321.0,주택,7738.0,32.0,5.0,월세,No,1
정규직,11770.0,563.0,,2052.0,219.0,8.0,자가,No,1
정규직,11040.0,597.0,기타,622.0,363.0,17.0,월세,No,1
자영업,3544.0,906.0,기타,8073.0,248.0,29.0,자가,No,1
정규직,10200.0,673.0,사업,5773.0,484.0,24.0,전세,No,1
정규직,12060.0,802.0,생활비,5890.0,55.0,,자가,No,1
자영업,14351.0,992.0,생활비,9328.0,216.0,13.0,월세,No,1
자영업,14693.0,719.0,기타,7952.0,479.0,4.0,자가,,1
계약직,4757.0,711.0,사업,605.0,232.0,9.0,자가,No,1
계약직,4611.0,,,6511.0,256.0,13.0,월세,No,1
정규직,18541.0,374.0,사업,5875.0,445.0,23.0,전세,Yes,0
정규직,5784.0,716.0,주택,8358.0,290.0,,월세,No,1
자영업,19461.0,528.0,주택,5725.0,315.0,24.0,자가,No,1
계약직,13170.0,758.0,생활비,1649.0,84.0,22.0,,No,1
정규직,6872.0,790.0,생활비,2039.0,174.0,8.0,월세,No,1
정규직,,564.0,생활비,5263.0,150.0,0.0,자가,No,1
정규직,14895.0,735.0,생활비,4705.0,146.0,17.0,월세,No,1
정규직,5767.0,422.0,사업,9267.0,234.0,13.0,자가,No,1
자영업,14563.0,646.0,기타,2034.0,456.0,11.0,월세,No,1
,3335.0,,사업,6816.0,497.0,30.0,월세,No,1
자영업,3174.0,440.0,기타,8145.0,112.0,13.0,자가,No,1
계약직,9731.0,534.0,사업,5617.0,438.0,4.0,자가,No,1
정규직,5016.0,954.0,사업,1093.0,58.0,,전세,No,1
정규직,9349.0,705.0,생활비,304.0,179.0,8.0,자가,No,1
정규직,18786.0,743.0,주택,6820.0,102.0,20.0,월세,No,1
계약직,4764.0,,사업,3443.0,75.0,4.0,월세,No,1
정규직,2450.0,830.0,생활비,7534.0,290.0,1.0,월세,Yes,1
계약직,5227.0,432.0,기타,9775.0,354.0,20.0,전세,No,1
자영업,17691.0,613.0,사업,2939.0,456.0,7.0,자가,No,1
정규직,7493.0,814.0,주택,5079.0,23.0,24.0,전세,No,1
무직,4462.0,784.0,주택,2454.0,295.0,0.0,전세,Yes,1
계약직,12999.0,786.0,주택,8068.0,101.0,29.0,자가,No,1
정규직,9894.0,982.0,기타,665.0,290.0,17.0,월세,No,1
계약직,9330.0,830.0,생활비,8049.0,169.0,3.0,전세,No,1
자영업,4475.0,961.0,기타,8313.0,392.0,0.0,전세,Yes,1
계약직,9639.0,755.0,주택,6319.0,300.0,2.0,,No,1
정규직,13837.0,656.0,사업,6368.0,103.0,5.0,전세,No,1
정규직,4690.0,427.0,기타,5092.0,196.0,19.0,자가,No,1
무직,,444.0,주택,1344.0,27.0,6.0,월세,No,1
계약직,13569.0,706.0,,6477.0,207.0,17.0,월세,Yes,1
정규직,2595.0,305.0,생활비,8084.0,464.0,27.0,월세,No,0
정규직,9100.0,727.0,기타,2022.0,58.0,24.0,전세,No,1
정규직,12411.0,792.0,생활비,3708.0,351.0,18.0,월세,No,1
정규직,3357.0,322.0,주택,7573.0,43.0,4.0,전세,No,1
정규직,5837.0,738.0,생활비,1352.0,424.0,8.0,전세,No,1
계약직,15758.0,894.0,생활비,5677.0,336.0,0.0,월세,No,1
계약직,9841.0,395.0,생활비,1866.0,99.0,27.0,월세,,1
,17437.0,582.0,생활비,9164.0,493.0,17.0,자가,No,1
정규직,2285.0,798.0,생활비,9789.0,46.0,18.0,전세,Yes,1
무직,12967.0,723.0,생활비,3821.0,23.0,8.0,자가,No,1
정규직,15137.0,339.0,기타,812.0,,6.0,자가,Yes,1
정규직,2520.0,361.0,주택,694.0,268.0,23.0,전세,No,1
,15092.0,475.0,주택,2192.0,203.0,21.0,월세,No,1
정규직,13727.0,372.0,기타,8319.0,,17.0,월세,No,1
정규직,6399.0,462.0,주택,7564.0,172.0,13.0,전세,No,1
계약직,19146.0,944.0,사업,8303.0,56.0,24.0,자가,No,1
자영업,14585.0,876.0,주택,681.0,274.0,30.0,전세,No,1
자영업,8989.0,675.0,주택,5516.0,37.0,8.0,월세,Yes,1
정규직,6343.0,783.0,사업,9138.0,334.0,25.0,,No,1
자영업,17753.0,588.0,생활비,1714.0,18.0,13.0,자가,Yes,1
계약직,18219.0,710.0,기타,2437.0,67.0,13.0,전세,No,1
정규직,8529.0,809.0,주택,6111.0,81.0,25.0,,No,1
자영업,4455.0,327.0,기타,6983.0,244.0,20.0,자가,No,1
정규직,12749.0,709.0,사업,9527.0,305.0,8.0,자가,No,1
정규직,15851.0,318.0,사업,9048.0,163.0,1.0,전세,No,1
자영업,5938.0,340.0,주택,2192.0,,4.0,월세,No,0
정규직,15575.0,836.0,기타,5064.0,55.0,28.0,자가,No,1
정규직,12467.0,744.0,사업,3531.0,350.0,8.0,자가,Yes,1
무직,8609.0,514.0,사업,7630.0,472.0,16.0,월세,Yes,0
자영업,14823.0,695.0,생활비,6056.0,389.0,7.0,월세,No,1
정규직,14903.0,645.0,기타,6198.0,350.0,25.0,월세,No,1
정규직,14739.0,384.0,생활비,9555.0,461.0,27.0,전세,No,1
,7186.0,753.0,생활비,5766.0,312.0,24.0,자가,No,1
무직,11214.0,697.0,사업,3874.0,433.0,28.0,월세,No,1
정규직,14896.0,639.0,기타,6351.0,66.0,25.0,월세,Yes,1
무직,6264.0,625.0,주택,7267.0,359.0,3.0,전세,Yes,0
계약직,,360.0,사업,9562.0,413.0,24.0,월세,No,1
정규직,9417.0,399.0,주택,3992.0,217.0,23.0,전세,No,1
정규직,,920.0,생활비,8009.0,22.0,14.0,월세,No,1
정규직,19353.0,962.0,생활비,4424.0,255.0,25.0,자가,No,1
,3187.0,694.0,,9623.0,300.0,29.0,전세,No,1
무직,16963.0,518.0,사업,8497.0,242.0,15.0,월세,Yes,1
,13519.0,445.0,사업,5844.0,293.0,22.0,월세,No,1
정규직,8376.0,585.0,사업,9064.0,270.0,5.0,월세,No,1
계약직,19178.0,913.0,기타,6546.0,330.0,2.0,자가,No,1
무직,11988.0,718.0,사업,5492.0,434.0,20.0,자가,No,1
무직,15526.0,389.0,생활비,5053.0,293.0,14.0,월세,No,1
정규직,8017.0,906.0,생활비,4456.0,327.0,10.0,전세,No,1
정규직,15860.0,537.0,생활비,143.0,294.0,15.0,자가,No,1
무직,10334.0,597.0,기타,2699.0,393.0,19.0,월세,Yes,0
자영업,15393.0,752.0,주택,1460.0,479.0,24.0,월세,No,1
자영업,11095.0,980.0,주택,9259.0,5.0,0.0,자가,Yes,1
계약직,10638.0,449.0,생활비,5201.0,206.0,1.0,월세,No,1
계약직,5038.0,324.0,주택,8545.0,164.0,17.0,전세,No,1
정규직,13959.0,636.0,주택,5494.0,55.0,17.0,전세,No,1
,17027.0,749.0,기타,2433.0,256.0,28.0,전세,No,1
자영업,9589.0,943.0,사업,9373.0,150.0,12.0,자가,Yes,1
정규직,15708.0,386.0,주택,5814.0,263.0,21.0,자가,No,1
정규직,4873.0,836.0,기타,118.0,124.0,13.0,월세,No,1
자영업,9021.0,527.0,기타,5818.0,48.0,6.0,월세,,1
자영업,12199.0,629.0,주택,,487.0,13.0,월세,Yes,1
계약직,18175.0,311.0,생활비,6776.0,69.0,30.0,전세,,1
계약직,10490.0,890.0,주택,7097.0,445.0,23.0,월세,No,1
자영업,7528.0,462.0,주택,2912.0,342.0,29.0,자가,No,1
자영업,12173.0,895.0,생활비,706.0,81.0,11.0,월세,No,1
정규직,8962.0,858.0,사업,5227.0,35.0,30.0,전세,No,1
무직,2016.0,462.0,기타,5402.0,41.0,23.0,월세,No,1
무직,8000.0,776.0,기타,,246.0,29.0,전세,,1
자영업,3576.0,671.0,주택,5208.0,461.0,27.0,월세,No,1
정규직,18426.0,854.0,주택,9722.0,334.0,12.0,자가,No,1
계약직,13172.0,817.0,주택,9040.0,488.0,,월세,No,1
정규직,14478.0,316.0,생활비,2541.0,25.0,28.0,월세,No,1
계약직,,325.0,생활비,6843.0,424.0,28.0,전세,Yes,0
자영업,16094.0,885.0,,9477.0,411.0,29.0,자가,No,1
계약직,12868.0,412.0,사업,1638.0,361.0,15.0,,No,1
자영업,4939.0,392.0,,9965.0,466.0,20.0,자가,No,0
무직,8727.0,717.0,기타,9037.0,427.0,25.0,전세,No,1
자영업,10050.0,933.0,기타,5577.0,315.0,21.0,전세,No,1
자영업,4489.0,,주택,6087.0,446.0,27.0,월세,No,1
정규직,13123.0,445.0,주택,6870.0,169.0,28.0,월세,No,1
자영업,13205.0,928.0,주택,3523.0,475.0,,자가,Yes,1
자영업,6247.0,813.0,생활비,6165.0,184.0,4.0,월세,Yes,1
자영업,10304.0,777.0,기타,8876.0,207.0,4.0,자가,No,1
자영업,18373.0,,,5575.0,474.0,3.0,월세,Yes,0
정규직,2430.0,648.0,사업,6471.0,84.0,15.0,월세,No,1
계약직,13857.0,751.0,사업,2248.0,27.0,12.0,자가,No,1
정규직,12210.0,484.0,사업,523.0,219.0,8.0,월세,Yes,1
정규직,17599.0,379.0,기타,1484.0,42.0,10.0,전세,No,1
정규직,7543.0,855.0,기타,,188.0,28.0,자가,Yes,1
자영업,15919.0,676.0,생활비,6513.0,382.0,30.0,자가,No,1
무직,8432.0,495.0,사업,9054.0,108.0,8.0,전세,No,1
정규직,12347.0,712.0,생활비,7407.0,,,전세,No,1
정규직,3433.0,474.0,기타,7122.0,93.0,12.0,월세,Yes,1
계약직,3607.0,463.0,사업,1436.0,25.0,22.0,자가,Yes,1
계약직,4040.0,432.0,생활비,2034.0,371.0,17.0,자가,No,1
자영업,7725.0,961.0,주택,9676.0,367.0,21.0,월세,No,1
자영업,7159.0,884.0,사업,1924.0,162.0,12.0,전세,No,1
정규직,15383.0,,기타,5013.0,21.0,1.0,월세,No,1
무직,14026.0,427.0,기타,8478.0,397.0,11.0,자가,Yes,0
무직,9826.0,724.0,주택,8328.0,,29.0,전세,Yes,1
정규직,,399.0,생활비,1169.0,365.0,0.0,월세,,1
,14937.0,787.0,기타,3768.0,419.0,6.0,자가,Yes,1
계약직,15137.0,754.0,주택,315.0,329.0,5.0,,No,1
자영업,9849.0,720.0,사업,9071.0,256.0,21.0,월세,No,1
계약직,2402.0,697.0,주택,2931.0,37.0,1.0,자가,No,1
계약직,18976.0,331.0,생활비,2377.0,290.0,,,No,1
정규직,17263.0,444.0,주택,7016.0,282.0,17.0,월세,No,1
정규직,5012.0,947.0,주택,6515.0,372.0,26.0,전세,No,1
자영업,14459.0,653.0,기타,3719.0,221.0,15.0,,No,1
자영업,5740.0,318.0,기타,7027.0,7.0,26.0,자가,No,1
정규직,18966.0,790.0,사업,8202.0,150.0,18.0,전세,No,1
정규직,14855.0,554.0,생활비,9929.0,335.0,27.0,자가,No,1
정규직,13742.0,617.0,사업,2699.0,306.0,18.0,월세,No,1
자영업,13003.0,639.0,사업,5863.0,441.0,,전세,No,1
정규직,13623.0,935.0,,959.0,495.0,25.0,월세,No,1
정규직,7620.0,330.0,사업,5096.0,205.0,22.0,자가,No,1
정규직,4061.0,439.0,기타,7401.0,263.0,1.0,자가,No,1
정규직,16713.0,635.0,사업,1637.0,319.0,29.0,월세,No,1
계약직,17268.0,530.0,주택,6589.0,481.0,9.0,자가,Yes,0
계약직,13740.0,456.0,생활비,1814.0,98.0,23.0,월세,No,1
계약직,19195.0,869.0,주택,2201.0,231.0,11.0,전세,No,1
정규직,5937.0,380.0,기타,3777.0,472.0,4.0,월세,Yes,0
계약직,5421.0,393.0,기타,9220.0,83.0,10.0,자가,No,1
무직,11268.0,633.0,생활비,1409.0,,2.0,전세,No,1
정규직,9209.0,693.0,기타,8343.0,458.0,10.0,자가,No,1
계약직,4547.0,357.0,생활비,3347.0,343.0,1.0,전세,Yes,0
계약직,3081.0,601.0,기타,2518.0,449.0,23.0,전세,No,1
정규직,12260.0,741.0,생활비,9500.0,179.0,2.0,전세,No,1
정규직,,986.0,기타,6037.0,19.0,28.0,월세,No,1
자영업,16808.0,806.0,주택,5507.0,183.0,25.0,자가,,1
정규직,19204.0,989.0,기타,9013.0,495.0,19.0,자가,No,1
무직,2697.0,991.0,사업,6490.0,467.0,25.0,자가,No,1
정규직,8271.0,349.0,생활비,4715.0,132.0,9.0,월세,No,1
계약직,4874.0,768.0,사업,9589.0,147.0,1.0,전세,No,1
정규직,17560.0,544.0,주택,1517.0,62.0,13.0,자가,No,1
정규직,2595.0,643.0,생활비,4442.0,145.0,29.0,월세,No,1
정규직,14989.0,542.0,기타,726.0,417.0,29.0,전세,No,1
정규직,15953.0,849.0,기타,7267.0,65.0,18.0,자가,No,1
정규직,13912.0,638.0,생활비,7022.0,39.0,7.0,자가,No,1
자영업,11238.0,305.0,주택,5774.0,341.0,2.0,월세,Yes,0
자영업,,465.0,생활비,5264.0,241.0,1.0,자가,No,1
계약직,10190.0,615.0,기타,9940.0,336.0,12.0,전세,No,1
자영업,2970.0,471.0,사업,8056.0,490.0,5.0,전세,Yes,0
자영업,9595.0,312.0,생활비,5759.0,230.0,25.0,자가,No,1
정규직,16054.0,782.0,,1915.0,358.0,20.0,전세,No,1
정규직,10983.0,328.0,기타,2970.0,89.0,15.0,전세,Yes,1
정규직,18440.0,845.0,사업,1551.0,15.0,0.0,자가,No,1
,18406.0,634.0,사업,2106.0,485.0,7.0,자가,No,1
정규직,7383.0,445.0,사업,6146.0,130.0,28.0,전세,No,1
정규직,16018.0,367.0,기타,2899.0,299.0,18.0,자가,No,1
자영업,9571.0,992.0,주택,5587.0,270.0,15.0,,No,1
무직,15828.0,861.0,기타,5066.0,261.0,7.0,자가,No,1
계약직,,508.0,기타,9731.0,400.0,25.0,전세,No,1
정규직,5931.0,348.0,생활비,7404.0,290.0,3.0,전세,No,1
정규직,4192.0,771.0,생활비,4717.0,112.0,0.0,월세,No,1
정규직,15197.0,573.0,기타,5149.0,113.0,19.0,전세,No,1
정규직,18055.0,581.0,사업,2183.0,358.0,11.0,월세,No,1
무직,19014.0,606.0,,1141.0,21.0,7.0,전세,No,1
계약직,5912.0,541.0,기타,5047.0,213.0,20.0,월세,No,1
무직,13284.0,606.0,기타,9815.0,37.0,,월세,No,1
무직,18281.0,825.0,주택,4563.0,217.0,25.0,전세,No,1
자영업,8546.0,337.0,생활비,5476.0,230.0,19.0,전세,No,1
정규직,17629.0,317.0,주택,9578.0,227.0,3.0,자가,No,1
정규직,2587.0,336.0,주택,451.0,86.0,7.0,월세,No,1
계약직,5479.0,316.0,생활비,3689.0,79.0,30.0,자가,No,1
정규직,15500.0,755.0,사업,8702.0,402.0,25.0,전세,No,1
정규직,3752.0,661.0,사업,5451.0,283.0,12.0,월세,No,1
정규직,3840.0,508.0,생활비,1664.0,235.0,2.0,월세,No,1
자영업,2024.0,321.0,기타,3388.0,237.0,13.0,,No,1
계약직,6703.0,937.0,생활비,6380.0,106.0,3.0,월세,No,1
정규직,12381.0,301.0,주택,1541.0,471.0,5.0,월세,Yes,0
계약직,14163.0,554.0,생활비,990.0,183.0,26.0,전세,Yes,1
정규직,6929.0,547.0,주택,2096.0,476.0,4.0,자가,No,1
계약직,7474.0,866.0,사업,4783.0,278.0,,자가,No,1
자영업,9393.0,349.0,사업,5657.0,127.0,11.0,전세,No,1
자영업,3390.0,684.0,생활비,3701.0,394.0,3.0,자가,Yes,1
정규직,13996.0,924.0,생활비,1589.0,221.0,2.0,전세,No,1
정규직,17586.0,391.0,주택,7064.0,101.0,18.0,월세,No,1
무직,13055.0,393.0,사업,535.0,267.0,7.0,자가,Yes,0
무직,9222.0,474.0,사업,4687.0,71.0,7.0,월세,Yes,1
자영업,10719.0,915.0,기타,4716.0,191.0,25.0,월세,No,1
정규직,16354.0,,사업,9453.0,325.0,24.0,월세,No,1
정규직,19174.0,785.0,생활비,,384.0,24.0,전세,No,1
무직,18436.0,993.0,기타,1566.0,290.0,17.0,월세,No,1
무직,14829.0,630.0,사업,7618.0,164.0,20.0,전세,No,1
정규직,8028.0,822.0,주택,8725.0,389.0,15.0,자가,No,1
정규직,4920.0,603.0,사업,883.0,280.0,26.0,자가,Yes,1
정규직,19026.0,515.0,기타,9707.0,327.0,4.0,자가,No,1
무직,16608.0,631.0,주택,3069.0,137.0,6.0,월세,Yes,1
정규직,15646.0,935.0,주택,5735.0,29.0,12.0,월세,No,1
계약직,10611.0,483.0,생활비,5736.0,399.0,13.0,전세,Yes,0
자영업,8963.0,715.0,생활비,2204.0,197.0,29.0,전세,No,1
계약직,6614.0,465.0,생활비,4381.0,360.0,9.0,월세,No,1
정규직,18064.0,660.0,기타,1087.0,90.0,20.0,전세,No,1
정규직,2511.0,665.0,주택,8820.0,194.0,9.0,월세,No,1
정규직,15520.0,872.0,주택,9676.0,119.0,3.0,자가,No,1
정규직,12469.0,439.0,생활비,4458.0,497.0,7.0,자가,No,1
자영업,7764.0,747.0,사업,3854.0,149.0,12.0,월세,No,1
정규직,8373.0,853.0,사업,2360.0,167.0,,자가,No,1
계약직,16293.0,581.0,주택,3340.0,234.0,18.0,전세,No,1
정규직,6919.0,827.0,주택,9698.0,428.0,26.0,자가,,1
정규직,5134.0,899.0,주택,4978.0,,27.0,월세,No,1
자영업,9663.0,378.0,사업,1063.0,418.0,17.0,자가,No,1
자영업,9963.0,520.0,주택,3085.0,453.0,8.0,자가,No,1
정규직,9640.0,809.0,주택,1034.0,224.0,16.0,월세,No,1
계약직,16589.0,510.0,사업,8215.0,133.0,28.0,자가,No,1
자영업,6442.0,664.0,사업,7985.0,299.0,7.0,월세,No,1
자영업,11724.0,413.0,생활비,9288.0,479.0,15.0,자가,No,1
자영업,7857.0,834.0,기타,4355.0,337.0,24.0,월세,,1
무직,10978.0,853.0,기타,5816.0,,11.0,전세,No,1
정규직,15926.0,685.0,사업,4556.0,424.0,21.0,자가,No,1
무직,19346.0,402.0,주택,5417.0,483.0,14.0,전세,No,0
자영업,12624.0,932.0,생활비,9313.0,333.0,16.0,월세,Yes,1
계약직,7281.0,426.0,기타,3824.0,198.0,0.0,월세,Yes,1
자영업,14578.0,474.0,사업,8502.0,276.0,1.0,월세,Yes,1
계약직,16450.0,476.0,기타,6193.0,493.0,28.0,전세,No,1
자영업,14700.0,382.0,생활비,4308.0,180.0,17.0,전세,Yes,1
자영업,10174.0,540.0,사업,8638.0,,6.0,전세,Yes,1
정규직,7153.0,,기타,1849.0,490.0,17.0,월세,No,1
자영업,15501.0,827.0,주택,7669.0,20.0,12.0,자가,No,1
정규직,6912.0,587.0,생활비,1563.0,267.0,5.0,자가,No,1
계약직,2290.0,307.0,기타,5096.0,65.0,3.0,월세,No,1
자영업,14160.0,394.0,주택,7784.0,191.0,8.0,자가,No,1
정규직,11589.0,308.0,기타,3403.0,373.0,19.0,자가,No,1
정규직,16307.0,411.0,사업,5478.0,115.0,24.0,전세,No,1
자영업,15256.0,891.0,기타,4123.0,472.0,13.0,자가,No,1
계약직,6505.0,887.0,생활비,4287.0,44.0,20.0,전세,Yes,1
정규직,8963.0,792.0,사업,6496.0,357.0,20.0,월세,No,1
계약직,6629.0,907.0,생활비,7250.0,299.0,23.0,전세,No,1
자영업,2666.0,966.0,기타,1863.0,84.0,23.0,전세,No,1
정규직,6668.0,312.0,생활비,7117.0,3.0,11.0,월세,No,1
자영업,11239.0,645.0,주택,8805.0,421.0,19.0,전세,Yes,1
계약직,8932.0,900.0,생활비,4247.0,423.0,5.0,자가,No,1
정규직,11669.0,649.0,기타,1713.0,295.0,16.0,자가,No,1
,3042.0,351.0,사업,449.0,426.0,13.0,자가,Yes,0
무직,13173.0,989.0,주택,7455.0,425.0,10.0,전세,No,1
정규직,18650.0,425.0,주택,2997.0,230.0,,전세,No,1
무직,3977.0,453.0,생활비,5911.0,175.0,14.0,월세,No,1
정규직,19122.0,831.0,생활비,6999.0,369.0,23.0,자가,No,1
정규직,,,생활비,1323.0,433.0,16.0,전세,No,1
자영업,9215.0,872.0,기타,3070.0,1.0,26.0,월세,No,1
자영업,11601.0,475.0,생활비,1870.0,42.0,2.0,전세,No,1
계약직,18875.0,479.0,사업,8897.0,236.0,11.0,월세,No,1
계약직,7641.0,815.0,생활비,2827.0,130.0,13.0,월세,No,1
자영업,3537.0,340.0,주택,5293.0,315.0,5.0,전세,No,1
무직,15763.0,350.0,생활비,354.0,344.0,24.0,월세,No,0
자영업,13856.0,673.0,사업,2558.0,144.0,24.0,월세,Yes,1
자영업,6340.0,894.0,,9097.0,15.0,30.0,전세,No,1
자영업,16788.0,577.0,생활비,6434.0,331.0,25.0,월세,No,1
자영업,2025.0,947.0,기타,6067.0,14.0,4.0,,No,1
정규직,13153.0,912.0,사업,5310.0,61.0,3.0,전세,No,1
자영업,9585.0,639.0,사업,6418.0,408.0,19.0,월세,Yes,1
자영업,9221.0,845.0,기타,4006.0,194.0,20.0,전세,No,1
정규직,12958.0,882.0,주택,2772.0,159.0,15.0,자가,,1
무직,18699.0,430.0,기타,,285.0,11.0,월세,No,1
정규직,11063.0,990.0,주택,3789.0,441.0,18.0,전세,No,1
자영업,16878.0,492.0,기타,1108.0,263.0,24.0,자가,No,1
자영업,14421.0,758.0,기타,4122.0,398.0,24.0,전세,No,1
무직,9772.0,326.0,기타,8319.0,242.0,12.0,월세,No,0
정규직,13419.0,965.0,기타,9022.0,437.0,29.0,월세,No,1
자영업,14135.0,914.0,기타,4654.0,430.0,5.0,자가,No,1
자영업,3386.0,520.0,기타,1049.0,30.0,0.0,전세,No,1
,12333.0,703.0,기타,7512.0,209.0,17.0,자가,No,1
,17772.0,625.0,주택,8580.0,48.0,2.0,전세,Yes,1
계약직,4103.0,303.0,사업,2815.0,133.0,30.0,자가,No,1
계약직,14724.0,798.0,주택,1661.0,95.0,24.0,월세,No,1
자영업,15173.0,380.0,사업,9688.0,167.0,20.0,월세,Yes,1
정규직,,903.0,생활비,6819.0,454.0,12.0,월세,No,1
정규직,2116.0,,사업,9451.0,17.0,15.0,자가,No,1
정규직,19165.0,487.0,사업,9619.0,340.0,24.0,자가,No,1
무직,4156.0,365.0,주택,2779.0,331.0,17.0,월세,No,0
자영업,9195.0,757.0,생활비,2283.0,41.0,28.0,전세,Yes,1
무직,8114.0,536.0,기타,9103.0,164.0,22.0,자가,No,1
자영업,5327.0,768.0,사업,5746.0,252.0,28.0,전세,Yes,1
정규직,15988.0,863.0,,7440.0,285.0,7.0,자가,No,1
자영업,4527.0,453.0,생활비,7054.0,76.0,27.0,월세,No,1
정규직,13265.0,312.0,사업,5008.0,445.0,13.0,자가,Yes,0
정규직,16657.0,329.0,주택,5703.0,91.0,,월세,No,1
계약직,15113.0,431.0,주택,8212.0,169.0,14.0,전세,No,1
계약직,12344.0,968.0,사업,7142.0,466.0,23.0,월세,No,1
자영업,19086.0,877.0,주택,4330.0,98.0,26.0,전세,Yes,1
정규직,11523.0,906.0,생활비,9056.0,339.0,6.0,자가,No,1
무직,10721.0,408.0,주택,9520.0,63.0,,월세,No,1
무직,14868.0,748.0,주택,9499.0,379.0,29.0,자가,No,1
정규직,10479.0,651.0,생활비,3032.0,422.0,15.0,자가,No,1
정규직,8994.0,905.0,기타,6760.0,475.0,27.0,월세,Yes,1
계약직,6743.0,554.0,사업,1738.0,48.0,15.0,자가,No,1
자영업,9347.0,949.0,생활비,3520.0,133.0,25.0,전세,No,1
정규직,15138.0,565.0,,178.0,492.0,27.0,전세,No,1
정규직,3867.0,731.0,생활비,2936.0,356.0,16.0,전세,,1
정규직,2169.0,799.0,생활비,6443.0,266.0,6.0,전세,No,1
계약직,15302.0,402.0,생활비,,224.0,18.0,월세,Yes,1
정규직,14455.0,484.0,기타,6575.0,236.0,30.0,자가,,1
자영업,14212.0,813.0,,2764.0,121.0,0.0,전세,No,1
자영업,12105.0,744.0,사업,952.0,192.0,13.0,전세,Yes,1
무직,18015.0,361.0,기타,6772.0,193.0,10.0,월세,No,1
정규직,13437.0,907.0,주택,5348.0,373.0,0.0,자가,No,1
자영업,9073.0,306.0,,1000.0,79.0,1.0,전세,No,1
계약직,11685.0,806.0,기타,6137.0,189.0,19.0,자가,No,1
정규직,19943.0,445.0,주택,8512.0,298.0,0.0,월세,,1
자영업,16509.0,308.0,사업,8176.0,314.0,27.0,자가,No,1
정규직,6428.0,,사업,5737.0,180.0,12.0,자가,No,1
정규직,8401.0,746.0,생활비,7874.0,52.0,19.0,자가,No,1
무직,19704.0,999.0,사업,767.0,446.0,8.0,전세,No,1
정규직,12170.0,889.0,생활비,8265.0,400.0,3.0,자가,No,1
정규직,6055.0,654.0,생활비,8995.0,382.0,13.0,전세,No,1
정규직,17414.0,412.0,사업,2752.0,164.0,19.0,자가,,1
자영업,13862.0,428.0,기타,9756.0,277.0,16.0,자가,No,1
정규직,8984.0,442.0,사업,2295.0,386.0,19.0,자가,No,1
정규직,13940.0,345.0,기타,1923.0,317.0,24.0,전세,No,1
정규직,19989.0,357.0,사업,4763.0,343.0,21.0,자가,Yes,1
계약직,3316.0,304.0,생활비,9884.0,383.0,0.0,자가,No,0
계약직,6706.0,,사업,1575.0,296.0,11.0,자가,No,1
정규직,10976.0,981.0,주택,6349.0,486.0,5.0,전세,No,1
정규직,19388.0,706.0,생활비,3683.0,194.0,,전세,No,1
계약직,17529.0,323.0,주택,720.0,297.0,9.0,전세,No,1
무직,9319.0,476.0,사업,3717.0,94.0,26.0,전세,Yes,1
자영업,10633.0,772.0,사업,1424.0,422.0,6.0,전세,No,1
무직,5127.0,695.0,주택,7922.0,339.0,18.0,전세,No,1
계약직,17144.0,990.0,주택,7061.0,470.0,5.0,자가,No,1
정규직,7278.0,753.0,기타,,25.0,3.0,자가,No,1
자영업,5835.0,453.0,사업,6444.0,349.0,7.0,자가,No,1
무직,13351.0,349.0,사업,8326.0,154.0,20.0,자가,No,1
정규직,14643.0,716.0,기타,2694.0,212.0,24.0,자가,No,1
계약직,8613.0,946.0,사업,5030.0,177.0,12.0,자가,No,1
정규직,19101.0,514.0,생활비,8770.0,149.0,18.0,전세,No,1
정규직,15812.0,310.0,주택,4005.0,183.0,19.0,자가,No,1
정규직,15943.0,474.0,생활비,2609.0,223.0,30.0,월세,No,1
정규직,15877.0,916.0,사업,7958.0,104.0,4.0,월세,No,1
정규직,6904.0,557.0,주택,7289.0,254.0,3.0,전세,No,1
정규직,6493.0,756.0,주택,504.0,386.0,3.0,자가,No,1
계약직,5481.0,984.0,주택,1466.0,92.0,17.0,자가,No,1
무직,12813.0,689.0,기타,9044.0,,12.0,전세,Yes,1
계약직,2248.0,812.0,기타,4735.0,440.0,11.0,월세,No,1
자영업,14026.0,981.0,생활비,673.0,451.0,9.0,자가,Yes,1
정규직,8170.0,826.0,기타,7568.0,265.0,10.0,전세,No,1
자영업,4829.0,484.0,주택,5630.0,276.0,21.0,전세,No,1
,2336.0,928.0,사업,9607.0,82.0,13.0,전세,No,1
정규직,9219.0,737.0,생활비,8076.0,4.0,27.0,월세,No,1
정규직,7419.0,867.0,생활비,8584.0,273.0,8.0,전세,Yes,1
자영업,4437.0,708.0,기타,8214.0,261.0,13.0,월세,,1
정규직,6042.0,700.0,기타,2554.0,293.0,4.0,월세,No,1
자영업,11241.0,648.0,,991.0,16.0,9.0,전세,Yes,1
자영업,9598.0,660.0,기타,4008.0,301.0,30.0,월세,No,1
정규직,17303.0,762.0,주택,9380.0,331.0,10.0,전세,No,1
정규직,9373.0,448.0,기타,8469.0,281.0,30.0,월세,Yes,1
자영업,10971.0,639.0,사업,2808.0,428.0,17.0,전세,No,1
정규직,3941.0,355.0,기타,4379.0,125.0,0.0,자가,No,1
계약직,3392.0,890.0,기타,3869.0,136.0,10.0,월세,No,1
계약직,4918.0,669.0,기타,1926.0,137.0,9.0,자가,No,1
자영업,8084.0,502.0,생활비,2242.0,353.0,8.0,월세,No,1
정규직,18258.0,697.0,,2192.0,186.0,7.0,전세,Yes,1
,4839.0,769.0,주택,8437.0,223.0,5.0,월세,No,1
무직,15593.0,794.0,주택,,88.0,,자가,No,1
계약직,18642.0,732.0,생활비,8308.0,473.0,23.0,전세,No,1
정규직,11443.0,868.0,생활비,4637.0,197.0,24.0,전세,No,1
계약직,17851.0,,기타,4909.0,9.0,23.0,전세,No,1
자영업,14233.0,382.0,생활비,825.0,109.0,15.0,월세,No,1
,7194.0,846.0,사업,8670.0,448.0,6.0,월세,Yes,1
계약직,17968.0,311.0,생활비,2852.0,459.0,24.0,자가,No,0
정규직,3402.0,618.0,사업,4577.0,331.0,23.0,전세,No,1
자영업,8811.0,867.0,기타,2281.0,87.0,21.0,자가,Yes,1
무직,7144.0,773.0,기타,6928.0,126.0,29.0,월세,No,1
정규직,8192.0,457.0,주택,7288.0,78.0,21.0,월세,No,1
정규직,,844.0,생활비,9119.0,192.0,27.0,월세,No,1
,7017.0,597.0,생활비,4335.0,214.0,15.0,월세,No,1
무직,2633.0,999.0,생활비,1730.0,437.0,28.0,전세,No,1
자영업,16203.0,310.0,주택,3891.0,292.0,20.0,전세,No,1
계약직,,583.0,생활비,3888.0,182.0,16.0,자가,No,1
정규직,12326.0,,생활비,2984.0,241.0,19.0,월세,No,1
정규직,17634.0,830.0,생활비,8514.0,149.0,14.0,전세,Yes,1
계약직,18359.0,659.0,기타,5138.0,48.0,14.0,전세,No,1
무직,7960.0,503.0,사업,2359.0,58.0,19.0,자가,No,1
자영업,13300.0,566.0,기타,4864.0,262.0,20.0,전세,No,1
정규직,16695.0,507.0,생활비,8908.0,13.0,16.0,자가,Yes,1
정규직,6281.0,695.0,사업,3094.0,132.0,3.0,자가,No,1
정규직,9082.0,745.0,사업,8852.0,22.0,26.0,월세,,1
정규직,5746.0,306.0,주택,2611.0,219.0,12.0,월세,No,1
계약직,4204.0,331.0,사업,1610.0,246.0,0.0,,No,1
계약직,11117.0,341.0,사업,8886.0,271.0,,자가,No,1
정규직,16067.0,816.0,사업,2781.0,197.0,4.0,자가,No,1
정규직,11254.0,904.0,생활비,,157.0,18.0,전세,No,1
계약직,2179.0,810.0,,3099.0,250.0,18.0,월세,No,1
무직,14304.0,773.0,기타,8773.0,341.0,16.0,전세,No,1
계약직,8252.0,543.0,생활비,5619.0,10.0,4.0,월세,No,1
정규직,7105.0,611.0,사업,8396.0,309.0,5.0,전세,No,1
정규직,19081.0,653.0,사업,4709.0,49.0,24.0,,Yes,1
계약직,9479.0,308.0,사업,162.0,61.0,20.0,전세,No,1
정규직,18772.0,444.0,생활비,762.0,493.0,11.0,월세,No,1
정규직,10658.0,936.0,사업,204.0,326.0,24.0,자가,No,1
정규직,16897.0,,기타,5878.0,349.0,10.0,월세,Yes,1
정규직,2329.0,349.0,주택,9534.0,406.0,4.0,전세,No,1
정규직,3859.0,551.0,주택,7859.0,213.0,18.0,월세,No,1
무직,13389.0,619.0,생활비,4991.0,23.0,23.0,월세,No,1
계약직,19418.0,547.0,주택,142.0,340.0,6.0,자가,No,1
계약직,6370.0,642.0,기타,7446.0,277.0,30.0,전세,No,1
계약직,18528.0,907.0,사업,4393.0,287.0,12.0,전세,Yes,1
자영업,,564.0,사업,839.0,456.0,20.0,전세,No,1
정규직,13611.0,668.0,생활비,9331.0,359.0,18.0,전세,No,1
정규직,13796.0,331.0,사업,527.0,432.0,12.0,월세,No,1
,15575.0,709.0,주택,1896.0,19.0,4.0,전세,Yes,1
정규직,14487.0,340.0,주택,1348.0,138.0,20.0,전세,No,1
자영업,5631.0,572.0,사업,9471.0,80.0,11.0,전세,No,1
계약직,10810.0,993.0,사업,5177.0,241.0,,,Yes,1
정규직,19108.0,337.0,주택,5419.0,146.0,10.0,전세,No,1
자영업,5082.0,421.0,기타,5922.0,173.0,20.0,자가,No,1
정규직,19110.0,995.0,사업,9201.0,343.0,5.0,월세,No,1
정규직,16412.0,309.0,생활비,5925.0,422.0,30.0,전세,No,1
정규직,18367.0,339.0,기타,,249.0,23.0,자가,No,1
자영업,18772.0,900.0,주택,8249.0,138.0,5.0,전세,Yes,1
자영업,,992.0,기타,520.0,493.0,28.0,자가,No,1
정규직,4722.0,939.0,생활비,6090.0,150.0,11.0,자가,Yes,1
정규직,15689.0,359.0,사업,4706.0,52.0,7.0,전세,No,1
정규직,12220.0,955.0,주택,7080.0,289.0,12.0,자가,No,1
정규직,17855.0,854.0,사업,9515.0,253.0,11.0,전세,No,1
정규직,6880.0,432.0,생활비,4758.0,462.0,25.0,자가,No,1
정규직,10472.0,945.0,생활비,8898.0,490.0,20.0,자가,Yes,1
계약직,16620.0,912.0,기타,7715.0,171.0,16.0,자가,No,1
계약직,17508.0,659.0,생활비,725.0,37.0,19.0,자가,No,1
자영업,,478.0,기타,767.0,159.0,3.0,전세,No,1
계약직,18123.0,956.0,사업,,254.0,24.0,자가,No,1
정규직,7521.0,305.0,사업,9450.0,48.0,24.0,전세,No,1
무직,7781.0,772.0,기타,8857.0,428.0,16.0,월세,,1
정규직,10649.0,833.0,주택,2384.0,191.0,26.0,,No,1
무직,2334.0,476.0,사업,2231.0,401.0,19.0,자가,No,0
자영업,9553.0,938.0,주택,2712.0,306.0,8.0,월세,No,1
정규직,17638.0,383.0,사업,6809.0,272.0,29.0,자가,No,1
,12635.0,413.0,생활비,6374.0,138.0,13.0,전세,No,1
정규직,4233.0,819.0,기타,9804.0,449.0,23.0,,No,1
자영업,14977.0,492.0,사업,8609.0,146.0,28.0,월세,No,1
자영업,,488.0,기타,1714.0,,14.0,전세,No,1
자영업,16252.0,939.0,기타,241.0,308.0,12.0,월세,No,1
무직,7572.0,617.0,사업,1565.0,295.0,9.0,월세,Yes,0
계약직,4663.0,516.0,생활비,186.0,172.0,12.0,전세,No,1
무직,2792.0,354.0,기타,6897.0,196.0,2.0,월세,No,0
자영업,2707.0,890.0,기타,6078.0,468.0,19.0,자가,No,1
정규직,6610.0,586.0,사업,3647.0,375.0,8.0,월세,No,1
무직,10318.0,807.0,기타,5977.0,80.0,9.0,월세,Yes,1
자영업,12746.0,729.0,주택,8133.0,459.0,15.0,전세,Yes,1
무직,10099.0,434.0,생활비,,163.0,13.0,월세,Yes,0
정규직,13289.0,744.0,생활비,464.0,20.0,2.0,자가,No,1
정규직,18411.0,367.0,생활비,6007.0,281.0,23.0,전세,No,1
,12944.0,888.0,주택,4154.0,,18.0,자가,Yes,1
자영업,18192.0,932.0,생활비,4022.0,285.0,29.0,전세,Yes,1
계약직,19971.0,957.0,생활비,3179.0,448.0,5.0,자가,Yes,1
자영업,17741.0,562.0,기타,2768.0,177.0,11.0,전세,No,1
정규직,13768.0,,사업,1077.0,,26.0,자가,No,1
정규직,10063.0,673.0,기타,4480.0,442.0,15.0,전세,Yes,1
계약직,2974.0,615.0,사업,8010.0,33.0,5.0,월세,No,1
무직,19335.0,840.0,사업,633.0,484.0,21.0,전세,Yes,1
계약직,17237.0,,생활비,2984.0,441.0,11.0,전세,No,1
계약직,2128.0,439.0,사업,6981.0,158.0,3.0,전세,No,1
정규직,5876.0,797.0,,8349.0,310.0,17.0,전세,No,1
계약직,15822.0,681.0,기타,3455.0,232.0,25.0,자가,No,1
정규직,4952.0,685.0,주택,5259.0,341.0,11.0,전세,Yes,1
자영업,10933.0,757.0,기타,4429.0,299.0,3.0,자가,Yes,1
정규직,6569.0,676.0,생활비,4354.0,407.0,28.0,월세,No,1
자영업,18212.0,517.0,사업,7819.0,382.0,25.0,월세,No,1
정규직,5284.0,935.0,생활비,1422.0,50.0,1.0,전세,No,1
자영업,9818.0,466.0,사업,4111.0,189.0,29.0,전세,No,1
계약직,7119.0,312.0,사업,9889.0,380.0,3.0,자가,No,0
정규직,11936.0,550.0,주택,1008.0,261.0,19.0,월세,No,1
정규직,12017.0,334.0,주택,9565.0,425.0,12.0,전세,No,1
정규직,6788.0,817.0,생활비,4303.0,164.0,4.0,전세,No,1
정규직,2737.0,979.0,생활비,6112.0,200.0,17.0,전세,No,1
계약직,2146.0,702.0,생활비,1184.0,218.0,7.0,자가,No,1
자영업,16440.0,724.0,주택,7783.0,35.0,26.0,전세,No,1
정규직,17617.0,657.0,생활비,8373.0,84.0,6.0,월세,No,1
정규직,5495.0,,사업,6910.0,454.0,18.0,,No,1
정규직,19811.0,656.0,생활비,2580.0,336.0,29.0,월세,No,1
계약직,4623.0,760.0,주택,5816.0,29.0,12.0,전세,No,1
정규직,6184.0,793.0,기타,4808.0,392.0,25.0,자가,No,1
정규직,11956.0,607.0,사업,1122.0,366.0,13.0,,Yes,1
정규직,6861.0,569.0,생활비,1956.0,334.0,7.0,월세,No,1
정규직,16283.0,887.0,사업,3874.0,421.0,28.0,월세,No,1
정규직,4410.0,447.0,주택,8490.0,7.0,2.0,월세,No,1
정규직,9908.0,550.0,생활비,4611.0,338.0,28.0,자가,No,1
계약직,15999.0,931.0,생활비,6164.0,89.0,24.0,전세,No,1
계약직,5121.0,668.0,생활비,7859.0,104.0,24.0,자가,No,1
계약직,11142.0,764.0,사업,9363.0,463.0,24.0,월세,No,1
계약직,4844.0,525.0,기타,8932.0,414.0,15.0,자가,,1
정규직,9421.0,997.0,생활비,5174.0,58.0,9.0,월세,No,1
계약직,7021.0,647.0,기타,8708.0,484.0,19.0,전세,No,1
무직,2130.0,597.0,기타,4638.0,64.0,11.0,자가,No,1
정규직,6854.0,772.0,생활비,6423.0,127.0,27.0,월세,No,1
정규직,14781.0,701.0,주택,7380.0,44.0,28.0,전세,No,1
계약직,3269.0,666.0,기타,6680.0,87.0,4.0,월세,No,1
정규직,5839.0,888.0,사업,1486.0,207.0,17.0,자가,No,1
자영업,18472.0,735.0,기타,146.0,500.0,7.0,월세,No,1
무직,12213.0,844.0,기타,2002.0,252.0,13.0,월세,No,1
정규직,3343.0,575.0,생활비,522.0,231.0,11.0,월세,No,1
자영업,16443.0,628.0,생활비,5297.0,173.0,28.0,전세,No,1
자영업,18254.0,689.0,기타,6727.0,291.0,23.0,월세,,1
정규직,7736.0,581.0,주택,8966.0,226.0,23.0,전세,Yes,1
정규직,13588.0,641.0,기타,3078.0,406.0,7.0,자가,No,1
무직,7946.0,725.0,사업,8929.0,,6.0,전세,No,1
정규직,9285.0,721.0,기타,,132.0,29.0,전세,No,1
정규직,6656.0,645.0,사업,117.0,383.0,12.0,자가,No,1
자영업,13954.0,378.0,기타,176.0,277.0,14.0,월세,No,1
정규직,,783.0,생활비,8312.0,251.0,12.0,자가,No,1
정규직,5307.0,913.0,주택,8805.0,108.0,9.0,자가,No,1
정규직,4976.0,941.0,기타,299.0,52.0,11.0,전세,No,1
정규직,8772.0,640.0,생활비,,486.0,7.0,월세,Yes,1
자영업,6773.0,386.0,사업,2633.0,11.0,2.0,전세,No,1
정규직,8522.0,880.0,생활비,5918.0,424.0,21.0,자가,No,1
정규직,15997.0,842.0,기타,8424.0,,11.0,전세,Yes,1
정규직,5283.0,739.0,주택,7764.0,389.0,,전세,No,1
정규직,13031.0,393.0,기타,6064.0,456.0,12.0,월세,Yes,0
자영업,3018.0,377.0,기타,8203.0,7.0,11.0,월세,No,1
,15351.0,311.0,기타,4984.0,77.0,0.0,,No,1
정규직,4134.0,324.0,사업,3118.0,85.0,28.0,자가,Yes,1
정규직,,468.0,사업,7757.0,467.0,24.0,월세,,1
정규직,19433.0,473.0,사업,2053.0,6.0,16.0,전세,No,1
정규직,8400.0,943.0,사업,949.0,9.0,24.0,월세,No,1
자영업,3882.0,320.0,기타,9908.0,348.0,27.0,월세,No,1
자영업,3475.0,322.0,생활비,9552.0,311.0,11.0,전세,Yes,0
정규직,12979.0,935.0,기타,5444.0,321.0,27.0,자가,No,1
계약직,13084.0,410.0,주택,3064.0,16.0,18.0,월세,No,1
자영업,4533.0,362.0,주택,7008.0,441.0,14.0,,No,0
,19729.0,967.0,주택,9808.0,382.0,4.0,전세,No,1
무직,15330.0,993.0,생활비,8829.0,255.0,3.0,자가,No,1
정규직,13483.0,719.0,기타,2361.0,377.0,19.0,월세,No,1
계약직,19138.0,318.0,주택,3003.0,265.0,5.0,월세,Yes,1
정규직,16615.0,972.0,기타,2952.0,408.0,,자가,Yes,1
정규직,16973.0,887.0,기타,4469.0,408.0,17.0,월세,No,1
무직,11298.0,,생활비,4111.0,220.0,11.0,전세,No,1
계약직,3917.0,563.0,기타,4217.0,387.0,13.0,전세,No,1
정규직,5551.0,448.0,주택,,179.0,24.0,월세,Yes,1
무직,4470.0,738.0,기타,5245.0,89.0,3.0,전세,Yes,1
자영업,8248.0,353.0,생활비,,292.0,8.0,자가,No,1
자영업,2809.0,768.0,주택,7130.0,194.0,10.0,자가,No,1
계약직,12168.0,907.0,주택,6119.0,362.0,11.0,자가,Yes,1
무직,15446.0,882.0,기타,871.0,360.0,3.0,월세,No,1
자영업,9108.0,839.0,주택,8807.0,411.0,0.0,전세,No,1
정규직,9858.0,365.0,생활비,8284.0,285.0,27.0,자가,No,1
정규직,5701.0,544.0,기타,,449.0,8.0,전세,No,1
계약직,16092.0,,생활비,3015.0,13.0,26.0,자가,No,1
정규직,10151.0,477.0,기타,4893.0,111.0,28.0,월세,No,1
정규직,,577.0,생활비,,32.0,28.0,월세,No,1
정규직,16708.0,711.0,기타,9211.0,7.0,28.0,월세,Yes,1
계약직,3025.0,948.0,생활비,7221.0,248.0,2.0,전세,No,1
계약직,5798.0,554.0,기타,2256.0,155.0,28.0,전세,No,1
계약직,7284.0,705.0,기타,3345.0,488.0,5.0,월세,No,1
정규직,15505.0,856.0,기타,6747.0,66.0,22.0,월세,Yes,1
자영업,16117.0,725.0,기타,3233.0,469.0,7.0,월세,No,1
정규직,2413.0,,주택,3318.0,,12.0,자가,Yes,1
정규직,2106.0,894.0,생활비,2252.0,328.0,30.0,월세,No,1
정규직,16857.0,911.0,생활비,2728.0,24.0,23.0,월세,Yes,1
정규직,7796.0,895.0,사업,2697.0,167.0,1.0,월세,No,1
계약직,11287.0,634.0,기타,3920.0,404.0,11.0,전세,No,1
정규직,5277.0,362.0,기타,4518.0,191.0,,전세,No,1
무직,19301.0,775.0,생활비,2790.0,264.0,21.0,월세,No,1
계약직,11610.0,379.0,사업,7549.0,100.0,13.0,월세,,1
정규직,14265.0,540.0,기타,4733.0,481.0,5.0,월세,Yes,1
자영업,11437.0,608.0,주택,3783.0,495.0,5.0,월세,Yes,1
자영업,18603.0,,생활비,6633.0,79.0,1.0,월세,No,1
정규직,2224.0,985.0,기타,990.0,,13.0,자가,Yes,1
정규직,4351.0,385.0,기타,638.0,395.0,12.0,자가,No,1
계약직,14981.0,582.0,사업,5855.0,69.0,28.0,월세,No,1
계약직,9791.0,804.0,기타,8554.0,487.0,11.0,자가,No,1
정규직,10027.0,658.0,생활비,5895.0,,8.0,전세,Yes,1
정규직,12305.0,805.0,주택,346.0,315.0,0.0,월세,Yes,1
자영업,11950.0,691.0,기타,4576.0,287.0,13.0,자가,Yes,1
정규직,10879.0,824.0,생활비,1683.0,244.0,19.0,자가,Yes,1
정규직,5413.0,804.0,주택,2788.0,11.0,30.0,월세,Yes,1
무직,5180.0,337.0,생활비,4376.0,289.0,,자가,No,0
정규직,19428.0,581.0,주택,6420.0,225.0,27.0,월세,No,1
자영업,14606.0,813.0,사업,6534.0,406.0,16.0,전세,Yes,1
자영업,4150.0,965.0,주택,4736.0,236.0,15.0,,Yes,1
무직,,455.0,사업,9169.0,93.0,15.0,전세,No,1
계약직,11390.0,382.0,주택,1141.0,254.0,15.0,월세,Yes,1
자영업,4596.0,913.0,생활비,3389.0,471.0,26.0,자가,No,1
계약직,3459.0,314.0,사업,9803.0,229.0,5.0,월세,No,1
무직,13915.0,611.0,기타,8700.0,35.0,5.0,월세,No,1
자영업,14445.0,418.0,사업,182.0,402.0,26.0,자가,Yes,0
정규직,11795.0,707.0,주택,7629.0,196.0,,전세,Yes,1
정규직,8529.0,328.0,사업,9759.0,31.0,3.0,월세,No,1
정규직,3592.0,311.0,기타,7446.0,252.0,19.0,월세,No,1
계약직,9143.0,461.0,기타,9736.0,91.0,29.0,자가,No,1
정규직,15454.0,629.0,주택,8895.0,262.0,0.0,전세,No,1
자영업,17028.0,316.0,주택,5412.0,25.0,16.0,월세,No,1
자영업,9038.0,899.0,사업,5957.0,490.0,23.0,자가,Yes,1
무직,13891.0,640.0,주택,7434.0,140.0,25.0,전세,No,1
무직,5313.0,837.0,사업,6032.0,12.0,5.0,월세,No,1
무직,13959.0,420.0,기타,732.0,276.0,14.0,월세,Yes,0
계약직,4656.0,750.0,사업,3274.0,,18.0,월세,No,1
정규직,6699.0,420.0,사업,875.0,139.0,27.0,전세,No,1
무직,12556.0,566.0,기타,7225.0,154.0,21.0,월세,No,1
정규직,4227.0,630.0,생활비,890.0,309.0,11.0,월세,No,1
자영업,3128.0,894.0,사업,3411.0,362.0,17.0,전세,No,1
계약직,19257.0,628.0,,3954.0,406.0,15.0,월세,No,1
정규직,13733.0,512.0,주택,2827.0,57.0,23.0,전세,No,1
무직,6850.0,370.0,생활비,2413.0,346.0,7.0,전세,No,0
정규직,12372.0,883.0,주택,658.0,287.0,22.0,전세,No,1
자영업,15896.0,898.0,생활비,8197.0,70.0,18.0,월세,Yes,1
계약직,5395.0,447.0,사업,,35.0,24.0,자가,Yes,1
무직,19483.0,947.0,기타,8774.0,244.0,3.0,월세,Yes,1
정규직,14983.0,656.0,주택,4151.0,275.0,24.0,자가,Yes,1
정규직,6631.0,,주택,2477.0,127.0,3.0,자가,No,1
무직,13392.0,652.0,기타,9445.0,156.0,9.0,전세,No,1
정규직,18281.0,,주택,7354.0,93.0,24.0,전세,No,1
정규직,7836.0,761.0,기타,168.0,140.0,29.0,전세,Yes,1
무직,19513.0,601.0,주택,2735.0,331.0,3.0,월세,No,1
계약직,10999.0,862.0,사업,2778.0,106.0,26.0,전세,No,1
정규직,10131.0,401.0,생활비,2890.0,116.0,30.0,월세,No,1
무직,11480.0,801.0,기타,314.0,307.0,28.0,전세,No,1
정규직,19811.0,448.0,기타,4902.0,435.0,13.0,월세,No,1
자영업,10115.0,570.0,주택,2609.0,75.0,12.0,월세,No,1
정규직,14791.0,715.0,생활비,1250.0,291.0,18.0,전세,No,1
정규직,10110.0,959.0,사업,3735.0,112.0,1.0,,No,1
정규직,16077.0,344.0,기타,2147.0,104.0,28.0,월세,No,1
정규직,3615.0,797.0,생활비,6686.0,446.0,4.0,전세,No,1
정규직,17469.0,993.0,주택,390.0,197.0,9.0,자가,No,1
계약직,2714.0,677.0,생활비,3491.0,148.0,14.0,자가,Yes,1
자영업,6188.0,923.0,사업,9587.0,399.0,14.0,자가,No,1
정규직,8943.0,471.0,사업,7638.0,345.0,5.0,자가,No,1
계약직,7611.0,631.0,기타,9671.0,214.0,1.0,자가,No,1
정규직,18390.0,694.0,사업,8733.0,365.0,9.0,월세,No,1
자영업,10977.0,332.0,기타,5572.0,431.0,25.0,,No,1
자영업,12736.0,564.0,주택,6306.0,436.0,17.0,월세,No,1
정규직,6945.0,970.0,기타,5831.0,141.0,13.0,전세,No,1
계약직,13946.0,449.0,사업,5625.0,251.0,12.0,자가,No,1
정규직,18797.0,,주택,2036.0,429.0,18.0,전세,No,1
계약직,9098.0,354.0,주택,8975.0,382.0,24.0,,,0
정규직,18154.0,937.0,기타,2296.0,,1.0,전세,No,1
정규직,18953.0,913.0,사업,8851.0,206.0,6.0,자가,No,1
계약직,6220.0,378.0,주택,2278.0,444.0,3.0,자가,Yes,0
정규직,14475.0,914.0,주택,8256.0,215.0,17.0,,No,1
계약직,15726.0,471.0,주택,7912.0,100.0,13.0,자가,No,1
정규직,,431.0,사업,221.0,79.0,23.0,월세,No,1
자영업,5987.0,934.0,기타,2807.0,86.0,30.0,월세,,1
정규직,15828.0,804.0,생활비,5261.0,481.0,18.0,자가,No,1
계약직,10618.0,757.0,사업,4397.0,191.0,26.0,월세,Yes,1
정규직,19146.0,331.0,생활비,1947.0,456.0,5.0,자가,No,1
자영업,7373.0,341.0,생활비,3805.0,253.0,23.0,전세,No,1
정규직,19616.0,583.0,생활비,6321.0,107.0,22.0,전세,No,1
무직,2028.0,613.0,생활비,3805.0,,21.0,전세,No,1
정규직,3153.0,964.0,생활비,2899.0,401.0,6.0,월세,No,1
,13559.0,467.0,생활비,3062.0,,11.0,월세,No,1
정규직,15788.0,753.0,사업,3388.0,15.0,9.0,,No,1
자영업,16698.0,919.0,생활비,9571.0,316.0,6.0,월세,No,1
정규직,18107.0,819.0,생활비,3872.0,189.0,21.0,월세,No,1
자영업,9437.0,756.0,주택,2799.0,425.0,26.0,월세,Yes,1
정규직,5651.0,,주택,8683.0,294.0,13.0,월세,No,1
무직,13581.0,879.0,사업,8397.0,376.0,29.0,자가,No,1
정규직,18268.0,590.0,생활비,8248.0,183.0,24.0,자가,No,1
계약직,9578.0,469.0,기타,5227.0,263.0,30.0,전세,Yes,1
계약직,5284.0,559.0,주택,2763.0,31.0,2.0,월세,No,1
정규직,18108.0,740.0,기타,9116.0,89.0,30.0,자가,No,1
정규직,,808.0,사업,521.0,205.0,4.0,전세,No,1
정규직,6512.0,776.0,기타,4565.0,107.0,7.0,월세,Yes,1
무직,15016.0,408.0,사업,7961.0,75.0,28.0,자가,,1
계약직,13043.0,319.0,기타,2885.0,184.0,19.0,전세,No,1
정규직,5701.0,524.0,,4485.0,197.0,1.0,월세,No,1
자영업,8083.0,818.0,주택,9186.0,7.0,1.0,전세,No,1
자영업,8442.0,651.0,생활비,269.0,13.0,27.0,전세,No,1
자영업,,902.0,,9855.0,14.0,21.0,전세,No,1
정규직,18485.0,538.0,주택,2166.0,443.0,2.0,자가,Yes,1
무직,8860.0,517.0,주택,1610.0,438.0,12.0,전세,No,0
계약직,14598.0,772.0,기타,9714.0,327.0,7.0,월세,No,1
정규직,9603.0,749.0,주택,2119.0,106.0,6.0,자가,No,1
정규직,8919.0,957.0,사업,2106.0,213.0,5.0,자가,No,1
자영업,8283.0,457.0,기타,1288.0,422.0,,자가,No,1
계약직,7319.0,522.0,주택,3133.0,,28.0,월세,No,1
정규직,13437.0,628.0,생활비,1182.0,136.0,14.0,자가,Yes,1
자영업,10173.0,429.0,생활비,417.0,362.0,19.0,월세,No,1
계약직,8072.0,487.0,기타,1928.0,,8.0,자가,No,1
정규직,12366.0,351.0,생활비,305.0,485.0,24.0,전세,No,1
무직,16408.0,983.0,기타,4263.0,281.0,13.0,자가,,1
정규직,16294.0,509.0,생활비,3050.0,408.0,11.0,월세,,1
정규직,8149.0,851.0,기타,1554.0,427.0,6.0,자가,No,1
정규직,19310.0,867.0,기타,1994.0,288.0,10.0,전세,No,1
자영업,6572.0,457.0,사업,1488.0,463.0,3.0,월세,,1
정규직,10117.0,520.0,사업,8961.0,390.0,13.0,자가,No,1
계약직,17810.0,692.0,생활비,7831.0,10.0,0.0,자가,No,1
정규직,9303.0,627.0,생활비,4913.0,20.0,25.0,월세,No,1
무직,6433.0,667.0,생활비,3979.0,330.0,6.0,월세,No,1
,8572.0,,생활비,3460.0,,9.0,월세,No,1
계약직,18393.0,636.0,주택,7640.0,53.0,11.0,월세,No,1
정규직,19790.0,594.0,생활비,,345.0,6.0,월세,Yes,1
정규직,14762.0,879.0,주택,8655.0,219.0,17.0,월세,No,1
정규직,3014.0,730.0,기타,742.0,,26.0,월세,Yes,1
정규직,3958.0,948.0,생활비,8140.0,402.0,21.0,자가,No,1
정규직,7026.0,,주택,9484.0,261.0,4.0,자가,No,1
정규직,2054.0,967.0,생활비,5431.0,203.0,23.0,전세,No,1
정규직,16888.0,648.0,생활비,8291.0,200.0,5.0,자가,No,1
정규직,17277.0,322.0,생활비,2375.0,55.0,2.0,자가,No,1
정규직,18719.0,341.0,사업,4363.0,295.0,29.0,월세,No,1
정규직,18940.0,452.0,주택,,84.0,8.0,자가,Yes,1
정규직,13282.0,993.0,주택,6213.0,411.0,1.0,월세,No,1
정규직,13806.0,329.0,생활비,4405.0,390.0,11.0,전세,No,1
정규직,8687.0,967.0,사업,349.0,214.0,22.0,자가,Yes,1
정규직,8551.0,440.0,주택,4529.0,497.0,3.0,월세,Yes,0
,14589.0,374.0,사업,3150.0,400.0,8.0,월세,Yes,0
계약직,4274.0,366.0,사업,8763.0,131.0,11.0,월세,No,1
자영업,18137.0,916.0,주택,2312.0,13.0,3.0,전세,No,1
무직,18840.0,516.0,기타,4990.0,394.0,28.0,전세,No,1
계약직,11872.0,,기타,4397.0,38.0,1.0,월세,No,1
자영업,11455.0,673.0,사업,8908.0,491.0,2.0,월세,,1
자영업,13506.0,686.0,기타,7360.0,373.0,23.0,자가,Yes,1
정규직,16951.0,355.0,주택,6343.0,439.0,6.0,전세,No,1
계약직,10893.0,305.0,주택,2459.0,60.0,17.0,월세,No,1
자영업,12594.0,326.0,사업,982.0,482.0,13.0,월세,No,1
계약직,2382.0,753.0,기타,363.0,432.0,22.0,월세,,1
정규직,9234.0,439.0,생활비,5800.0,459.0,9.0,,No,1
무직,8761.0,923.0,생활비,4790.0,10.0,20.0,월세,No,1
무직,18340.0,473.0,생활비,5870.0,459.0,27.0,자가,Yes,0
정규직,14028.0,652.0,주택,2092.0,24.0,6.0,자가,No,1
계약직,3726.0,547.0,생활비,8094.0,93.0,18.0,전세,No,1
계약직,18716.0,871.0,기타,,267.0,23.0,월세,No,1
계약직,2122.0,627.0,사업,5062.0,222.0,15.0,월세,No,1
계약직,19545.0,753.0,생활비,2998.0,426.0,18.0,월세,No,1
계약직,7686.0,674.0,,2960.0,278.0,3.0,,Yes,1
정규직,8151.0,971.0,생활비,8463.0,117.0,17.0,월세,Yes,1
무직,13318.0,982.0,주택,8571.0,431.0,2.0,자가,No,1
자영업,15172.0,421.0,기타,5987.0,188.0,22.0,,Yes,1
자영업,10839.0,698.0,사업,2230.0,,,전세,No,1
정규직,7576.0,615.0,사업,9151.0,218.0,13.0,월세,No,1
자영업,9331.0,879.0,기타,2105.0,148.0,21.0,전세,No,1
정규직,15106.0,569.0,기타,1675.0,247.0,30.0,자가,No,1
정규직,3418.0,711.0,주택,4330.0,325.0,10.0,자가,No,1
계약직,10754.0,861.0,주택,584.0,334.0,23.0,전세,No,1
,12574.0,438.0,생활비,2252.0,286.0,14.0,월세,Yes,1
정규직,4715.0,631.0,사업,9462.0,152.0,7.0,월세,No,1
무직,19775.0,831.0,기타,3707.0,133.0,29.0,전세,No,1
정규직,13011.0,382.0,기타,7823.0,61.0,11.0,자가,No,1
자영업,4608.0,382.0,사업,1468.0,363.0,25.0,자가,No,1
정규직,15483.0,360.0,주택,8727.0,251.0,2.0,월세,No,1
정규직,4039.0,759.0,,3579.0,461.0,27.0,월세,No,1
정규직,5433.0,806.0,주택,5210.0,274.0,18.0,자가,,1
정규직,2017.0,889.0,생활비,642.0,492.0,,자가,No,1
계약직,7654.0,852.0,주택,4031.0,146.0,22.0,전세,No,1
정규직,6588.0,589.0,생활비,7941.0,13.0,4.0,자가,No,1
정규직,16685.0,429.0,기타,4986.0,231.0,22.0,월세,Yes,1
정규직,12103.0,714.0,생활비,8080.0,469.0,24.0,자가,No,1
정규직,2644.0,664.0,생활비,5356.0,10.0,28.0,자가,No,1
정규직,11811.0,313.0,기타,,33.0,21.0,자가,,1
계약직,13115.0,936.0,주택,8325.0,,,전세,No,1
자영업,11992.0,303.0,기타,8754.0,74.0,19.0,전세,No,1
정규직,16135.0,665.0,주택,8767.0,410.0,21.0,전세,No,1
정규직,4950.0,509.0,생활비,8273.0,71.0,22.0,월세,Yes,1
정규직,19465.0,536.0,생활비,3048.0,379.0,23.0,월세,No,1
계약직,17914.0,460.0,생활비,1990.0,480.0,4.0,,No,1
정규직,11908.0,931.0,주택,1490.0,14.0,12.0,전세,Yes,1
정규직,18906.0,817.0,생활비,7185.0,200.0,5.0,월세,,1
계약직,11976.0,988.0,사업,1597.0,31.0,29.0,전세,No,1
자영업,9995.0,582.0,생활비,3218.0,451.0,17.0,자가,No,1
정규직,8874.0,548.0,주택,876.0,392.0,2.0,월세,No,1
무직,2787.0,413.0,사업,5057.0,89.0,25.0,자가,,1
정규직,7813.0,733.0,사업,6952.0,376.0,10.0,자가,Yes,1
계약직,7317.0,968.0,기타,4831.0,65.0,8.0,전세,No,1
정규직,9423.0,827.0,생활비,8714.0,92.0,10.0,전세,No,1
자영업,4086.0,364.0,생활비,983.0,112.0,6.0,월세,No,1
무직,17274.0,767.0,생활비,4783.0,276.0,6.0,전세,No,1
정규직,12135.0,852.0,주택,396.0,93.0,21.0,자가,No,1
정규직,13415.0,891.0,기타,7556.0,496.0,8.0,전세,No,1
자영업,3126.0,602.0,생활비,3307.0,261.0,23.0,전세,No,1
자영업,5866.0,370.0,사업,4556.0,241.0,28.0,전세,No,1
무직,6127.0,883.0,생활비,6856.0,466.0,4.0,전세,No,1
정규직,16031.0,901.0,생활비,5628.0,186.0,13.0,자가,Yes,1
정규직,4318.0,445.0,주택,934.0,180.0,15.0,전세,No,1
정규직,9733.0,484.0,생활비,8529.0,165.0,9.0,월세,Yes,1
정규직,14755.0,820.0,사업,1871.0,93.0,5.0,월세,No,1
정규직,15427.0,385.0,사업,898.0,135.0,20.0,전세,No,1
계약직,3261.0,513.0,기타,6214.0,256.0,22.0,전세,No,1
정규직,16586.0,346.0,주택,8741.0,334.0,18.0,전세,No,1
정규직,4509.0,646.0,기타,7190.0,49.0,18.0,월세,No,1
계약직,18714.0,680.0,생활비,4512.0,142.0,30.0,월세,No,1
계약직,2433.0,827.0,사업,7869.0,289.0,23.0,자가,No,1
무직,3521.0,717.0,주택,5132.0,8.0,27.0,자가,No,1
무직,16025.0,921.0,생활비,4388.0,62.0,7.0,자가,No,1
정규직,17645.0,592.0,주택,5042.0,105.0,1.0,월세,Yes,1
자영업,8570.0,500.0,생활비,6798.0,216.0,11.0,,No,1
정규직,2869.0,933.0,주택,1020.0,5.0,15.0,자가,No,1
자영업,12034.0,973.0,사업,828.0,168.0,11.0,월세,No,1
계약직,17122.0,433.0,기타,8164.0,6.0,3.0,전세,No,1
정규직,10386.0,902.0,사업,9689.0,380.0,23.0,자가,,1
정규직,16398.0,422.0,생활비,865.0,69.0,12.0,자가,No,1
계약직,3711.0,772.0,사업,3465.0,1.0,8.0,월세,No,1
정규직,5054.0,989.0,사업,8083.0,130.0,24.0,자가,No,1
계약직,15551.0,771.0,기타,2911.0,37.0,24.0,자가,No,1
자영업,12215.0,681.0,기타,2319.0,182.0,8.0,자가,Yes,1
계약직,9060.0,628.0,기타,3071.0,270.0,26.0,월세,No,1
정규직,19702.0,582.0,기타,5000.0,194.0,4.0,자가,No,1
계약직,19600.0,778.0,주택,5665.0,410.0,30.0,월세,No,1
정규직,13437.0,613.0,기타,9271.0,42.0,23.0,자가,No,1
무직,4476.0,,생활비,1754.0,102.0,24.0,월세,No,1
정규직,9777.0,834.0,기타,4825.0,383.0,21.0,전세,Yes,1
정규직,5997.0,469.0,주택,4275.0,443.0,,월세,Yes,0
정규직,12842.0,935.0,생활비,7881.0,137.0,10.0,전세,No,1
무직,14663.0,460.0,생활비,8118.0,51.0,28.0,자가,No,1
정규직,5681.0,408.0,사업,6625.0,199.0,16.0,전세,No,1
계약직,3044.0,318.0,사업,3754.0,233.0,12.0,자가,No,1
계약직,15419.0,597.0,주택,2989.0,319.0,25.0,전세,No,1
정규직,9665.0,499.0,사업,1142.0,382.0,8.0,월세,No,1
무직,15905.0,558.0,사업,2162.0,466.0,10.0,월세,No,1
계약직,13189.0,305.0,주택,8738.0,142.0,11.0,자가,No,1
계약직,18761.0,546.0,기타,2721.0,468.0,9.0,월세,No,1
계약직,3948.0,447.0,생활비,6595.0,394.0,13.0,자가,No,1
정규직,7336.0,619.0,생활비,1694.0,57.0,20.0,전세,No,1
자영업,2283.0,,사업,784.0,412.0,30.0,월세,No,0
정규직,5303.0,,생활비,5999.0,447.0,24.0,월세,No,1
정규직,3449.0,766.0,기타,5977.0,454.0,1.0,월세,No,1
자영업,3886.0,412.0,주택,5787.0,57.0,26.0,자가,Yes,1
정규직,18834.0,421.0,사업,7842.0,215.0,21.0,자가,Yes,1
정규직,15493.0,410.0,기타,1171.0,146.0,17.0,전세,No,1
자영업,8267.0,829.0,생활비,3105.0,55.0,6.0,자가,No,1
정규직,17807.0,566.0,사업,6967.0,184.0,24.0,전세,No,1
정규직,17607.0,766.0,기타,6822.0,316.0,30.0,자가,Yes,1
정규직,17214.0,683.0,기타,5540.0,265.0,17.0,전세,No,1
자영업,6197.0,433.0,사업,8208.0,84.0,21.0,월세,Yes,1
계약직,12190.0,347.0,주택,5758.0,253.0,2.0,전세,No,1
정규직,19771.0,324.0,생활비,4528.0,445.0,23.0,자가,No,1
무직,12595.0,784.0,사업,5864.0,391.0,14.0,자가,No,1
,2085.0,375.0,사업,8110.0,472.0,,전세,No,1
계약직,3109.0,575.0,주택,5526.0,95.0,16.0,자가,No,1
정규직,16417.0,364.0,사업,7688.0,67.0,22.0,월세,No,1
자영업,10172.0,946.0,사업,1808.0,49.0,14.0,자가,No,1
정규직,7121.0,701.0,기타,5482.0,424.0,3.0,월세,No,1
정규직,13883.0,405.0,기타,5770.0,131.0,6.0,,Yes,1
,13715.0,848.0,주택,6314.0,378.0,23.0,월세,,1
무직,13041.0,756.0,사업,6078.0,468.0,1.0,자가,Yes,0
자영업,8344.0,509.0,기타,3363.0,295.0,1.0,전세,No,1
계약직,19892.0,760.0,기타,6098.0,452.0,29.0,자가,No,1
계약직,13597.0,420.0,기타,5606.0,225.0,25.0,월세,No,1
정규직,13099.0,614.0,기타,3156.0,352.0,9.0,월세,No,1
무직,17888.0,697.0,기타,3658.0,475.0,23.0,자가,No,1
,,371.0,기타,9154.0,288.0,29.0,,No,1
정규직,11277.0,653.0,생활비,1133.0,246.0,10.0,월세,No,1
정규직,4431.0,479.0,생활비,9268.0,469.0,7.0,자가,No,1
무직,14296.0,868.0,생활비,1390.0,355.0,9.0,자가,No,1
계약직,9942.0,827.0,주택,8155.0,34.0,17.0,자가,No,1
자영업,2469.0,792.0,기타,708.0,120.0,3.0,월세,No,1
정규직,5119.0,881.0,사업,4192.0,282.0,1.0,월세,No,1
,3015.0,,주택,9195.0,31.0,23.0,자가,No,1
,13265.0,650.0,생활비,9441.0,45.0,25.0,월세,No,1
정규직,9783.0,651.0,사업,9702.0,191.0,10.0,전세,No,1
정규직,19806.0,428.0,생활비,4670.0,123.0,10.0,자가,No,1
자영업,16809.0,977.0,사업,2127.0,398.0,11.0,전세,Yes,1
자영업,16293.0,977.0,사업,2958.0,356.0,,,No,1
,9252.0,327.0,생활비,9964.0,386.0,16.0,전세,No,1
무직,13524.0,979.0,기타,8288.0,395.0,12.0,자가,No,1
자영업,8920.0,458.0,기타,5038.0,490.0,0.0,월세,Yes,0
정규직,14084.0,946.0,주택,6499.0,108.0,26.0,자가,No,1
자영업,12295.0,477.0,기타,4989.0,20.0,4.0,전세,No,1
무직,13590.0,505.0,기타,6553.0,121.0,22.0,전세,Yes,1
정규직,8669.0,316.0,기타,3515.0,88.0,29.0,전세,Yes,1
계약직,10818.0,446.0,주택,4209.0,145.0,8.0,전세,Yes,1
무직,15495.0,374.0,기타,8491.0,84.0,27.0,자가,No,1
계약직,8012.0,507.0,주택,5831.0,21.0,24.0,자가,No,1
정규직,9355.0,365.0,기타,4780.0,374.0,27.0,자가,No,1
정규직,10674.0,464.0,생활비,672.0,4.0,8.0,,Yes,1
정규직,,732.0,기타,4780.0,55.0,24.0,월세,No,1
,13562.0,646.0,,1778.0,394.0,14.0,월세,Yes,1
정규직,12494.0,,생활비,2189.0,258.0,28.0,자가,No,1
무직,19106.0,618.0,기타,4219.0,194.0,3.0,전세,No,1
자영업,16459.0,592.0,주택,1386.0,99.0,10.0,자가,Yes,1
계약직,13311.0,461.0,기타,4409.0,277.0,9.0,자가,No,1
무직,7580.0,312.0,주택,8789.0,186.0,5.0,자가,Yes,0
정규직,18896.0,711.0,주택,4985.0,326.0,11.0,자가,No,1
계약직,14586.0,903.0,주택,9419.0,301.0,25.0,전세,Yes,1
정규직,5283.0,,주택,7360.0,363.0,6.0,자가,No,1
정규직,,754.0,주택,5340.0,54.0,4.0,자가,Yes,1
정규직,11024.0,497.0,주택,9521.0,88.0,25.0,월세,No,1
정규직,13052.0,497.0,주택,283.0,397.0,19.0,월세,No,1
정규직,5872.0,534.0,주택,1289.0,1.0,18.0,전세,Yes,1
정규직,15080.0,543.0,사업,9910.0,287.0,22.0,자가,No,1
정규직,13062.0,509.0,사업,7993.0,114.0,11.0,자가,No,1
정규직,4397.0,626.0,생활비,1488.0,70.0,19.0,자가,No,1
계약직,7539.0,387.0,기타,6769.0,438.0,28.0,월세,No,0
자영업,3029.0,500.0,주택,9103.0,124.0,17.0,전세,No,1
계약직,13385.0,998.0,기타,337.0,168.0,28.0,자가,No,1
정규직,16716.0,686.0,생활비,4899.0,,30.0,전세,No,1
정규직,10435.0,869.0,생활비,233.0,73.0,21.0,월세,Yes,1
자영업,15113.0,797.0,생활비,455.0,40.0,19.0,전세,No,1
정규직,14294.0,943.0,주택,996.0,180.0,30.0,전세,No,1
자영업,6843.0,479.0,기타,2125.0,247.0,9.0,월세,Yes,1
정규직,7300.0,524.0,생활비,8825.0,74.0,17.0,,No,1
정규직,14015.0,336.0,주택,7215.0,35.0,27.0,전세,No,1
정규직,10680.0,960.0,주택,4912.0,169.0,8.0,월세,No,1
자영업,10378.0,984.0,사업,9813.0,372.0,23.0,월세,No,1
자영업,5216.0,485.0,생활비,3530.0,371.0,,월세,No,1
무직,18427.0,391.0,사업,2511.0,,4.0,자가,No,1
계약직,10842.0,511.0,주택,1467.0,467.0,1.0,전세,No,1
정규직,3443.0,909.0,사업,4512.0,495.0,7.0,자가,No,1
자영업,14524.0,977.0,주택,9961.0,26.0,,전세,No,1
무직,8607.0,870.0,사업,782.0,34.0,19.0,월세,No,1
정규직,14772.0,692.0,기타,2995.0,438.0,5.0,전세,Yes,1
정규직,15867.0,406.0,생활비,9509.0,319.0,24.0,월세,No,1
정규직,2459.0,379.0,생활비,7369.0,259.0,,월세,Yes,1
계약직,15653.0,457.0,주택,5574.0,335.0,3.0,자가,No,1
계약직,3200.0,443.0,생활비,4195.0,493.0,0.0,전세,Yes,0
정규직,19408.0,566.0,기타,445.0,373.0,28.0,전세,Yes,1
계약직,6662.0,850.0,생활비,5491.0,110.0,29.0,자가,No,1
계약직,7071.0,579.0,생활비,7898.0,152.0,17.0,전세,Yes,1
정규직,3963.0,549.0,,8633.0,15.0,,자가,No,1
정규직,10389.0,989.0,생활비,1466.0,271.0,12.0,전세,No,1
정규직,13312.0,471.0,사업,4667.0,354.0,26.0,자가,,1
자영업,12459.0,580.0,주택,7957.0,256.0,20.0,자가,No,1
자영업,17940.0,322.0,사업,1566.0,349.0,2.0,자가,No,1
무직,5244.0,977.0,사업,3249.0,233.0,26.0,자가,No,1
정규직,19926.0,709.0,기타,7055.0,282.0,29.0,전세,No,1
무직,3773.0,453.0,주택,7181.0,43.0,2.0,전세,No,1
계약직,2763.0,423.0,생활비,8758.0,90.0,12.0,전세,No,1
정규직,2165.0,352.0,생활비,7075.0,125.0,18.0,전세,No,1
무직,18624.0,578.0,생활비,306.0,363.0,17.0,,Yes,1
계약직,3303.0,866.0,기타,7719.0,426.0,1.0,자가,No,1
계약직,2388.0,595.0,사업,7928.0,206.0,1.0,월세,Yes,1
정규직,16607.0,589.0,사업,6443.0,271.0,9.0,자가,No,1
자영업,13320.0,808.0,기타,3661.0,169.0,30.0,자가,Yes,1
무직,18054.0,573.0,생활비,5326.0,125.0,26.0,,No,1
계약직,,381.0,주택,5981.0,59.0,21.0,자가,No,1
자영업,6110.0,617.0,생활비,9559.0,484.0,19.0,자가,No,1
계약직,7436.0,384.0,주택,8053.0,355.0,19.0,월세,No,1
정규직,6412.0,630.0,기타,7510.0,361.0,12.0,,Yes,1
무직,5936.0,371.0,사업,3268.0,458.0,30.0,월세,No,0
계약직,12190.0,480.0,,,64.0,6.0,월세,No,1
정규직,4377.0,646.0,주택,9355.0,143.0,27.0,전세,No,1
정규직,7993.0,952.0,생활비,1625.0,284.0,15.0,월세,,1
정규직,4027.0,876.0,주택,4540.0,34.0,14.0,자가,No,1
정규직,4906.0,985.0,주택,3832.0,170.0,5.0,전세,No,1
정규직,7396.0,543.0,기타,9575.0,289.0,2.0,자가,No,1
무직,19335.0,601.0,사업,1765.0,216.0,26.0,월세,,1
정규직,8927.0,384.0,기타,3260.0,125.0,10.0,자가,No,1
계약직,16235.0,,기타,3746.0,242.0,20.0,전세,No,1
자영업,2807.0,920.0,기타,1600.0,127.0,22.0,전세,Yes,1
자영업,,831.0,사업,725.0,444.0,6.0,월세,No,1
정규직,16648.0,851.0,주택,9067.0,361.0,20.0,전세,No,1
자영업,14102.0,555.0,사업,4294.0,500.0,11.0,,No,1
무직,17777.0,885.0,생활비,5963.0,109.0,0.0,자가,No,1
정규직,2127.0,831.0,사업,4386.0,212.0,24.0,전세,No,1
계약직,11868.0,714.0,생활비,9388.0,162.0,5.0,월세,No,1
정규직,6176.0,772.0,기타,2727.0,427.0,15.0,전세,No,1
정규직,15217.0,897.0,기타,5659.0,311.0,16.0,자가,No,1
정규직,18235.0,601.0,주택,7481.0,165.0,7.0,자가,Yes,1
정규직,5687.0,617.0,사업,9541.0,188.0,4.0,자가,,1
정규직,7666.0,780.0,주택,1705.0,85.0,18.0,월세,No,1
정규직,19091.0,858.0,생활비,660.0,92.0,0.0,월세,No,1
정규직,5377.0,988.0,생활비,2004.0,316.0,8.0,월세,Yes,1
정규직,5781.0,868.0,기타,7571.0,284.0,22.0,전세,No,1
무직,10682.0,929.0,주택,6495.0,464.0,,,No,1
정규직,18729.0,327.0,,2190.0,109.0,9.0,월세,No,1
정규직,8370.0,339.0,주택,8357.0,126.0,0.0,자가,No,1
정규직,6977.0,544.0,주택,5646.0,86.0,9.0,자가,No,1
정규직,19668.0,743.0,생활비,4803.0,262.0,23.0,자가,No,1
자영업,18923.0,792.0,기타,9689.0,325.0,2.0,전세,No,1
정규직,17159.0,344.0,주택,2808.0,281.0,,월세,No,1
계약직,9291.0,578.0,주택,2071.0,19.0,22.0,전세,No,1
정규직,3197.0,430.0,주택,1824.0,228.0,8.0,전세,Yes,1
자영업,16762.0,796.0,생활비,2798.0,183.0,28.0,자가,,1
정규직,18849.0,,사업,7006.0,129.0,29.0,전세,Yes,1
정규직,13711.0,671.0,기타,8547.0,80.0,8.0,,No,1
정규직,2741.0,786.0,기타,4896.0,449.0,22.0,월세,No,1
무직,10776.0,891.0,기타,7802.0,224.0,25.0,월세,Yes,1
계약직,16269.0,,사업,7291.0,295.0,4.0,월세,No,1
무직,5322.0,,생활비,2235.0,273.0,7.0,월세,No,1
계약직,11590.0,874.0,주택,8890.0,16.0,5.0,자가,No,1
정규직,8258.0,324.0,생활비,2593.0,485.0,3.0,자가,Yes,0
정규직,14307.0,399.0,주택,2502.0,332.0,4.0,월세,No,1
정규직,3368.0,873.0,기타,3882.0,288.0,23.0,자가,No,1
계약직,5720.0,514.0,사업,8258.0,494.0,2.0,자가,No,1
자영업,12370.0,388.0,주택,2874.0,27.0,21.0,자가,No,1
정규직,18359.0,811.0,기타,2892.0,308.0,18.0,전세,No,1
무직,2123.0,722.0,생활비,3269.0,98.0,24.0,자가,Yes,1
정규직,17785.0,469.0,주택,7599.0,34.0,16.0,,No,1
계약직,9652.0,787.0,기타,2229.0,59.0,28.0,월세,No,1
정규직,13059.0,499.0,사업,1368.0,322.0,11.0,전세,No,1
계약직,,708.0,생활비,8006.0,149.0,22.0,월세,No,1
계약직,9358.0,958.0,사업,8576.0,384.0,10.0,전세,No,1
정규직,,472.0,사업,4137.0,271.0,25.0,전세,No,1
정규직,10076.0,915.0,기타,,130.0,28.0,,No,1
정규직,9543.0,510.0,생활비,7749.0,494.0,20.0,자가,No,1
정규직,14949.0,837.0,기타,4645.0,65.0,0.0,전세,No,1
정규직,7972.0,620.0,,7293.0,309.0,10.0,전세,No,1
정규직,4031.0,382.0,주택,1175.0,275.0,24.0,자가,No,1
정규직,8364.0,582.0,생활비,6109.0,136.0,30.0,월세,No,1
자영업,14436.0,776.0,기타,,13.0,9.0,월세,No,1
자영업,13438.0,911.0,생활비,9544.0,214.0,5.0,자가,Yes,1
무직,5059.0,742.0,생활비,8807.0,106.0,14.0,전세,No,1
계약직,19640.0,736.0,주택,9847.0,141.0,13.0,자가,No,1
,14284.0,824.0,사업,5744.0,110.0,25.0,전세,No,1
정규직,16081.0,401.0,생활비,765.0,33.0,12.0,전세,No,1
정규직,15984.0,439.0,생활비,9836.0,347.0,12.0,전세,No,1
정규직,12284.0,421.0,기타,6578.0,293.0,1.0,자가,No,1
정규직,16192.0,761.0,사업,6224.0,377.0,20.0,,Yes,1
정규직,7303.0,418.0,,7629.0,373.0,17.0,자가,No,1
자영업,2724.0,709.0,주택,5725.0,211.0,26.0,전세,No,1
정규직,19685.0,547.0,생활비,4831.0,411.0,21.0,전세,No,1
계약직,16660.0,335.0,,8593.0,474.0,7.0,전세,No,0
정규직,13586.0,802.0,기타,9806.0,270.0,30.0,전세,No,1
자영업,15272.0,477.0,기타,4555.0,265.0,6.0,월세,No,1
,13398.0,472.0,사업,1602.0,120.0,18.0,월세,No,1
계약직,5010.0,803.0,주택,2346.0,490.0,3.0,월세,No,1
계약직,11659.0,852.0,생활비,855.0,16.0,15.0,자가,No,1
정규직,4309.0,577.0,기타,561.0,159.0,22.0,전세,No,1
정규직,17006.0,883.0,사업,5545.0,480.0,,월세,No,1
정규직,19948.0,869.0,생활비,8691.0,159.0,,월세,No,1
계약직,4559.0,627.0,생활비,5400.0,97.0,5.0,월세,No,1
정규직,17276.0,422.0,기타,8096.0,492.0,27.0,전세,No,1
정규직,6795.0,388.0,기타,4026.0,340.0,13.0,자가,No,1
정규직,6548.0,915.0,생활비,9807.0,471.0,20.0,자가,No,1
무직,12922.0,759.0,사업,5039.0,329.0,3.0,자가,No,1
정규직,11321.0,771.0,생활비,6295.0,451.0,10.0,자가,No,1
계약직,7774.0,548.0,기타,2000.0,,27.0,전세,No,1
정규직,,776.0,기타,2273.0,,2.0,월세,,1
정규직,4806.0,941.0,사업,3354.0,452.0,8.0,자가,,1
정규직,3728.0,820.0,사업,7766.0,307.0,,월세,,1
정규직,17139.0,411.0,주택,5454.0,192.0,12.0,자가,No,1
정규직,19318.0,703.0,주택,4054.0,202.0,15.0,자가,No,1
정규직,9531.0,508.0,주택,5638.0,292.0,26.0,자가,No,1
무직,14532.0,,기타,1194.0,18.0,3.0,월세,No,1
자영업,14146.0,421.0,주택,7069.0,371.0,12.0,전세,No,1
정규직,19852.0,509.0,기타,2253.0,463.0,2.0,전세,No,1
정규직,7072.0,726.0,생활비,509.0,479.0,9.0,자가,No,1
계약직,4328.0,311.0,사업,896.0,125.0,20.0,전세,No,1
정규직,15135.0,658.0,기타,5642.0,424.0,14.0,월세,No,1
계약직,16034.0,581.0,생활비,3469.0,216.0,0.0,자가,Yes,1
정규직,13015.0,435.0,사업,7954.0,180.0,10.0,월세,Yes,1
자영업,4355.0,883.0,사업,3241.0,6.0,24.0,전세,No,1
계약직,4851.0,732.0,기타,7827.0,,4.0,자가,No,1
자영업,18072.0,510.0,주택,6138.0,231.0,16.0,전세,Yes,1
정규직,9134.0,933.0,기타,872.0,498.0,,전세,No,1
계약직,6489.0,599.0,사업,3811.0,256.0,4.0,전세,No,1
,9795.0,773.0,기타,7152.0,385.0,11.0,월세,No,1
정규직,2873.0,559.0,생활비,9051.0,356.0,4.0,자가,No,1
정규직,9274.0,481.0,기타,1095.0,194.0,27.0,월세,No,1
정규직,13720.0,590.0,기타,5032.0,110.0,9.0,전세,No,1
계약직,3048.0,856.0,기타,2133.0,204.0,19.0,전세,No,1
정규직,17461.0,792.0,주택,9567.0,232.0,9.0,자가,Yes,1
계약직,6093.0,448.0,,9322.0,60.0,26.0,월세,No,1
정규직,10783.0,334.0,생활비,3598.0,109.0,25.0,전세,No,1
계약직,4014.0,630.0,주택,7174.0,101.0,24.0,전세,No,1
계약직,11428.0,598.0,주택,3556.0,3.0,28.0,월세,No,1
정규직,16226.0,918.0,,2892.0,496.0,9.0,전세,Yes,1
정규직,16297.0,518.0,사업,809.0,408.0,20.0,자가,Yes,1
자영업,11521.0,395.0,주택,2185.0,355.0,30.0,자가,No,1
정규직,12728.0,809.0,주택,7977.0,239.0,10.0,전세,Yes,1
자영업,3955.0,348.0,사업,8477.0,231.0,14.0,전세,No,1
자영업,12037.0,908.0,사업,8851.0,115.0,1.0,전세,Yes,1
정규직,,735.0,생활비,7320.0,338.0,21.0,전세,Yes,1
계약직,8824.0,538.0,기타,9629.0,284.0,29.0,전세,Yes,1
정규직,17057.0,627.0,기타,8128.0,34.0,21.0,월세,No,1
정규직,14430.0,801.0,기타,7733.0,61.0,14.0,전세,No,1
정규직,7612.0,981.0,사업,7623.0,321.0,6.0,전세,Yes,1
,7104.0,983.0,생활비,8422.0,474.0,,자가,Yes,1
계약직,13139.0,457.0,주택,9204.0,280.0,10.0,자가,No,1
계약직,16203.0,590.0,사업,2466.0,355.0,9.0,자가,,1
정규직,5891.0,510.0,사업,5498.0,241.0,10.0,전세,Yes,1
정규직,11661.0,798.0,생활비,5393.0,140.0,10.0,전세,No,1
정규직,11796.0,550.0,기타,8871.0,363.0,,월세,No,1
계약직,3088.0,344.0,기타,9521.0,485.0,19.0,자가,Yes,0
무직,17480.0,766.0,사업,4760.0,465.0,10.0,월세,No,1
무직,10783.0,729.0,,4217.0,477.0,25.0,월세,No,1
정규직,3748.0,782.0,주택,295.0,,21.0,월세,No,1
정규직,6138.0,319.0,사업,4886.0,93.0,5.0,전세,No,1
정규직,8881.0,331.0,주택,1513.0,180.0,26.0,월세,No,1
계약직,4756.0,548.0,기타,8296.0,87.0,1.0,,No,1
계약직,,349.0,사업,1847.0,,29.0,전세,No,1
정규직,7630.0,661.0,사업,1474.0,268.0,17.0,자가,No,1
정규직,2687.0,328.0,기타,1077.0,411.0,6.0,전세,No,1
정규직,9774.0,516.0,생활비,1161.0,399.0,17.0,전세,No,1
정규직,15104.0,300.0,사업,5832.0,442.0,13.0,전세,No,1
정규직,2867.0,466.0,주택,8178.0,59.0,14.0,자가,No,1
무직,12984.0,558.0,기타,788.0,279.0,3.0,월세,No,1
정규직,9004.0,571.0,주택,8017.0,120.0,14.0,자가,No,1
자영업,4557.0,438.0,사업,6920.0,409.0,8.0,월세,No,1
정규직,12151.0,710.0,기타,8544.0,30.0,14.0,,No,1
,5406.0,711.0,기타,4583.0,467.0,5.0,자가,No,1
무직,17136.0,,사업,6188.0,273.0,0.0,전세,No,1
정규직,11690.0,515.0,사업,8615.0,165.0,1.0,전세,No,1
계약직,3605.0,589.0,주택,3423.0,325.0,27.0,자가,No,1
자영업,15255.0,981.0,주택,1002.0,63.0,7.0,,Yes,1
자영업,3457.0,398.0,기타,2158.0,327.0,6.0,월세,Yes,0
정규직,16123.0,780.0,주택,2352.0,479.0,20.0,전세,Yes,1
자영업,17750.0,716.0,생활비,7450.0,486.0,15.0,자가,No,1
정규직,13149.0,1000.0,기타,9843.0,9.0,12.0,자가,No,1
무직,16308.0,500.0,기타,4273.0,210.0,28.0,전세,No,1
정규직,3296.0,861.0,기타,7044.0,385.0,30.0,자가,No,1
정규직,8303.0,899.0,기타,3131.0,28.0,28.0,,No,1
정규직,2021.0,549.0,기타,7876.0,177.0,9.0,월세,No,1
계약직,13388.0,627.0,생활비,6936.0,173.0,8.0,전세,No,1
계약직,2668.0,444.0,주택,1839.0,187.0,23.0,자가,No,1
자영업,17608.0,378.0,주택,3987.0,67.0,9.0,전세,No,1
계약직,19562.0,973.0,사업,8446.0,124.0,7.0,전세,No,1
정규직,14640.0,375.0,생활비,5869.0,40.0,6.0,전세,Yes,1
정규직,6873.0,936.0,사업,4741.0,220.0,6.0,자가,Yes,1
정규직,8063.0,364.0,,2722.0,320.0,16.0,전세,No,1
자영업,7977.0,421.0,생활비,9832.0,186.0,27.0,전세,No,1
자영업,17400.0,588.0,주택,9512.0,1.0,29.0,자가,No,1
정규직,15978.0,928.0,기타,4691.0,208.0,23.0,전세,No,1
무직,16286.0,745.0,기타,9633.0,164.0,3.0,자가,No,1
자영업,2208.0,386.0,사업,4766.0,58.0,18.0,자가,No,1
계약직,9560.0,444.0,주택,1491.0,146.0,12.0,전세,No,1
자영업,6862.0,756.0,사업,3106.0,493.0,11.0,자가,Yes,1
,10670.0,815.0,생활비,8218.0,326.0,4.0,전세,Yes,1
자영업,19351.0,938.0,생활비,2048.0,331.0,7.0,월세,No,1
정규직,13731.0,389.0,사업,8012.0,341.0,19.0,자가,Yes,1
자영업,7310.0,810.0,사업,4731.0,151.0,17.0,자가,No,1
정규직,12918.0,853.0,,4251.0,313.0,5.0,전세,No,1
정규직,18027.0,1000.0,주택,6942.0,213.0,16.0,전세,No,1
정규직,7325.0,406.0,주택,4532.0,464.0,25.0,전세,No,1
무직,2108.0,383.0,생활비,6035.0,461.0,20.0,자가,No,0
정규직,10219.0,573.0,주택,6594.0,249.0,19.0,자가,No,1
,18271.0,734.0,기타,7090.0,77.0,16.0,전세,No,1
정규직,5887.0,434.0,생활비,3658.0,8.0,7.0,,Yes,1
자영업,13477.0,412.0,생활비,371.0,421.0,10.0,자가,No,1
계약직,12851.0,561.0,사업,5042.0,5.0,30.0,월세,No,1
자영업,7683.0,840.0,사업,4943.0,288.0,4.0,월세,No,1
자영업,18690.0,976.0,기타,189.0,73.0,16.0,자가,No,1
자영업,13427.0,569.0,주택,606.0,152.0,21.0,전세,,1
정규직,,681.0,기타,5590.0,212.0,8.0,전세,No,1
무직,19578.0,366.0,주택,3710.0,383.0,20.0,월세,No,0
계약직,10423.0,742.0,생활비,5179.0,205.0,24.0,전세,No,1
계약직,19839.0,884.0,사업,4763.0,383.0,18.0,월세,No,1
정규직,15364.0,446.0,사업,,21.0,27.0,자가,No,1
정규직,9560.0,,기타,3645.0,119.0,21.0,자가,No,1
계약직,6687.0,560.0,사업,3469.0,9.0,10.0,전세,No,1
정규직,12175.0,984.0,생활비,3612.0,9.0,14.0,전세,No,1
정규직,5910.0,508.0,사업,8188.0,99.0,13.0,전세,No,1
정규직,2484.0,829.0,주택,4933.0,309.0,20.0,월세,No,1
자영업,17095.0,661.0,기타,9246.0,187.0,1.0,월세,Yes,1
정규직,7747.0,761.0,주택,5595.0,365.0,20.0,월세,No,1
계약직,4631.0,926.0,기타,638.0,187.0,18.0,자가,No,1
자영업,8270.0,719.0,주택,6644.0,252.0,6.0,월세,Yes,1
무직,8019.0,339.0,사업,3847.0,470.0,26.0,전세,No,0
